id,title,torrent_url,magnet
478444,"[7.71 GB] [VRSpy.com] Brandy Salazar - Unspoken Heat [28.03.2025, Armpit Fetish, Ass Licking, Balls Licking, Big Ass, Big Tits, Blowjob, Brunette, Close Up, Cowgirl, Cum Swallow, Curvy, Deepthroat, Doggy Style, Foot Fetish, Handjob, Kissing, Latina, MILF, Nipple Licking, Panties Fetish, POV, Pussy Licking, Reverse Cowgirl, Shaved, Spitting, Tanlines, Wide Missionary, Virtual Reality, SideBySide, 4K, 1920p, SiteRip] [Oculus Rift / Quest / Vive]",https://d.ptorrents.com/bt/[ptorrents.com].3169964.torrent,magnet:?xt=urn:btih:fb72f9bcea9945dfce3967ef17bcc49dcc39e1a2
478445,"[338 MB] [ OnlyTarts.com]Vanessa Alessia (Oops Moment )[2025, Gonzo, All Sex, Hardcore, , Couples , Straight, 480p]",https://d.ptorrents.com/bt/[ptorrents.com].3170076.torrent,magnet:?xt=urn:btih:8cdcc82910ad502fd75935df6e5f49dec3d28dbb
478446,"[338 MB] [ OnlyTarts.com]Vanessa Alessia (Oops Moment )[2025, Gonzo, All Sex, Hardcore, , Couples , Straight, 480p]",https://d.ptorrents.com/bt/[ptorrents.com].3170076.torrent,magnet:?xt=urn:btih:8cdcc82910ad502fd75935df6e5f49dec3d28dbb
478447,"[251 MB] [WhoresInPublic.com] Princess Lili - Anal Sex in public with Lilli [2024, All Sex, Hardcore, Gonzo, Anal]",https://d.ptorrents.com/bt/[ptorrents.com].3170376.torrent,magnet:?xt=urn:btih:13a7507c6c372f9c35371d8b45344170469f9fc8
478448,"[207.8 MB] [ShesNew.com / TeamSkeet.com] Daisy Fox (A Foxy Little Newcomer - Meet Daisy!) [2025 г., Hardcore, All Sex, 360p]",https://d.ptorrents.com/bt/[ptorrents.com].3170527.torrent,magnet:?xt=urn:btih:5d83c42362d5e53b0cb9c4ed61a5f57b98e4c1c4
478449,"[207.8 MB] [ShesNew.com / TeamSkeet.com] Daisy Fox (A Foxy Little Newcomer - Meet Daisy!) [2025 г., Hardcore, All Sex, 360p]",https://d.ptorrents.com/bt/[ptorrents.com].3170527.torrent,magnet:?xt=urn:btih:5d83c42362d5e53b0cb9c4ed61a5f57b98e4c1c4
478450,"[5.14 GB] Mitani Akane (Mitani Akari) - Was Completely Lured In By The Allure Of My Naughty Tutor's Big Breasts [DASS-626] (Mishima Rokusaburo, Das !) [cen] [2025 г., Creampie, Female Teacher, Slut, HDRip] [1080p]",https://d.ptorrents.com/bt/[ptorrents.com].3171427.torrent,magnet:?xt=urn:btih:e619031f0fd1c8665212a1e2ae630ab8e41b0165
478451,"[2.27 GB] Escort Service (Sins Store) [1999 г., All Sex, WEB-DL, 720p] (Alessia Visconti, Cristina Cantù, Sheila Stone)",https://d.ptorrents.com/bt/[ptorrents.com].3170826.torrent,magnet:?xt=urn:btih:e9f4eac419c66c8448a554500be97882833ea254
478452,"[7.47 GB] Kami Yuki / Jin Yuki - Report God Of Women Ana Torture Fallen Horny Snow [ADN-045] (Attackers) [decen] [2014 г., Solowork, Abuse, Anchorwoman, HDRip] [1080p]",https://d.ptorrents.com/bt/[ptorrents.com].3171727.torrent,magnet:?xt=urn:btih:f7d319f494bb0e54345359ec87b94415b19e1a7d
478453,"[212.3 MB] [PervMom.com / TeamSkeet.com] Diabella Eclair (Blind Date: I Finally Fucked My Busty Stepmom) [2025 г., MILF, Hardcore, All Sex, 360p]",https://d.ptorrents.com/bt/[ptorrents.com].3170529.torrent,magnet:?xt=urn:btih:9fffd42ff29c7e321433525af2688a25381739e0
478454,"[212.3 MB] [PervMom.com / TeamSkeet.com] Diabella Eclair (Blind Date: I Finally Fucked My Busty Stepmom) [2025 г., MILF, Hardcore, All Sex, 360p]",https://d.ptorrents.com/bt/[ptorrents.com].3170529.torrent,magnet:?xt=urn:btih:9fffd42ff29c7e321433525af2688a25381739e0
478455,"[392.6 MB] [DaneJones.com / SexyHub.com] Alexis Crystal & Ashley Morena - I Want You To Fuck My Friend (02.04.2024) [2025 г., Threesome, Gonzo, Hardcore, All Sex, 480p]",https://d.ptorrents.com/bt/[ptorrents.com].3170976.torrent,magnet:?xt=urn:btih:72b5d26774a3410cabfb9a469ae99e0823373b54
478456,"[392.6 MB] [DaneJones.com / SexyHub.com] Alexis Crystal & Ashley Morena - I Want You To Fuck My Friend (02.04.2024) [2025 г., Threesome, Gonzo, Hardcore, All Sex, 480p]",https://d.ptorrents.com/bt/[ptorrents.com].3170976.torrent,magnet:?xt=urn:btih:72b5d26774a3410cabfb9a469ae99e0823373b54
478457,"[3.67 GB] Sweat Equity 3 (Tushy) [2025 г., All Sex, Anal, WEB-DL, 720p] (Chanel Camryn, Crystal Rush, Eliz Benson, Emma Hix)",https://d.ptorrents.com/bt/[ptorrents.com].3170827.torrent,magnet:?xt=urn:btih:1b0ece05bf50613feda3e4566d6f5e62d272422e
478458,"[1.08 GB] [Punishedbrats.com] Sugar & Spice - Full Series / Sugar and Spice - The Full Series (Punishedbrats) [2019, BDSM, Spanking, Fetish, Uniform, Redhead, 720p, Siterip]",https://d.ptorrents.com/bt/[ptorrents.com].3171728.torrent,magnet:?xt=urn:btih:1c9b662ad72a67ad970a09c7bcc3bbef7d7cd8cc
478459,"[332.1 MB] [DoghouseDigital.com] Scarlett Alexis - Full Service Massage 10 - Rub Her Down (02.04.2025) [2025 г., Young, Big Tits, Gonzo, Hardcore, All Sex, 480p]",https://d.ptorrents.com/bt/[ptorrents.com].3170979.torrent,magnet:?xt=urn:btih:4728af8a6a30cb8fbf77b2e8fd06200a0f868a0a
478460,"[332.1 MB] [DoghouseDigital.com] Scarlett Alexis - Full Service Massage 10 - Rub Her Down (02.04.2025) [2025 г., Young, Big Tits, Gonzo, Hardcore, All Sex, 480p]",https://d.ptorrents.com/bt/[ptorrents.com].3170979.torrent,magnet:?xt=urn:btih:4728af8a6a30cb8fbf77b2e8fd06200a0f868a0a
478461,"[1.49 GB] [manyvids.com] Kitty Ricky - Sloppy Face fuck and throatpie [2022-05-24, Amateur, Teen, Blowjob, Cumshot, Deep Throat, Facial, Oral, Facial, Blowjobs, ThroatFuck, 2160p, SiteRip]",https://d.ptorrents.com/bt/[ptorrents.com].3171726.torrent,magnet:?xt=urn:btih:e62279c528af2ac3695ee8bcd6044eadadaedd00
478462,"[539.2 MB] [WeAreHairy.com] Stasy Starando - Stasy Starando Masturbates After Her Work Finishes [2024.06.29, Teen, Solo, Masturbation, Hairy, 1080p]",https://d.ptorrents.com/bt/[ptorrents.com].3170377.torrent,magnet:?xt=urn:btih:6b469e2b1dcd8779ca7ba288972b6672825c992e
478463,"[11.6 GB] [Chaturbate.com] Danni Daniels (17 роликов) Pack (Dannidaniels) [2017-2025, Shemale, Tattoo, Blonde, Blowjob, Male On Shemale, Hardcore, Masturbation, Camshow, Fuck Machine, Solo, Self-Facial, WebCam, 240p, 720p]",https://d.ptorrents.com/bt/[ptorrents.com].3171277.torrent,magnet:?xt=urn:btih:5ff2f2884f00dee9d808d8e390154d64d2f5ea7b
478464,"[583.5 MB] [WeAreHairy.com] Stasy Starando - Stasy Starando Masturbates After A Sexy Workout [2024.07.18, Teen, Solo, Masturbation, Hairy, 1080p]",https://d.ptorrents.com/bt/[ptorrents.com].3170378.torrent,magnet:?xt=urn:btih:cfc2d41088dac7bcb7e6b5c1b4721de91f6155d7
478465,"[1.69 GB] [AllGirlMassage.com / GirlsWay.com] Adriana Chechik & Samantha Bentley - Internal Ass Massage [2014-06-02, Anal Play, Anal, Fingering, Fisting, Lesbian, Natural Tits, Anal Fingering, Fisting, Massage, Ass massage, 1080p, SiteRip]",https://d.ptorrents.com/bt/[ptorrents.com].3170226.torrent,magnet:?xt=urn:btih:947af1f327e0b256dfdafdc41662330258c602d2
478466,"[255.3 MB] [HornyHostel.com / LetsDoeIt.com]Clea Gaultier ( Anal About Cleaning )[2025, Gonzo ,Hardcore, All Sex, Couples, Straight,Anal, 480p]",https://d.ptorrents.com/bt/[ptorrents.com].3171278.torrent,magnet:?xt=urn:btih:7007aedade27bef60158819cb41450720969d6af
478467,"[255.3 MB] [HornyHostel.com / LetsDoeIt.com]Clea Gaultier ( Anal About Cleaning )[2025, Gonzo ,Hardcore, All Sex, Couples, Straight,Anal, 480p]",https://d.ptorrents.com/bt/[ptorrents.com].3171278.torrent,magnet:?xt=urn:btih:7007aedade27bef60158819cb41450720969d6af
478468,"[727.4 MB] [TransMidnight.com] Madame Morgan Stretched By Throbbing BBC (Mar, 2025) [2025 г., Transsexual, Shemale, Big Tits, Anal, Bareback, Blowjob, Cumshot, 1080p, SiteRip]",https://d.ptorrents.com/bt/[ptorrents.com].3170227.torrent,magnet:?xt=urn:btih:244fe24c94f9673f87fcdefc73f7ff444a947e9b
478469,"[5.22 GB] Anemiya Reia - Zero Defense, Genitals Exposed, Extreme Cosplay, 4 Scenes – Active Cosplayer M Awakening Orgasm Special [MGOLD-035] (FALENO) [cen] [2025 г., Blowjob, Cosplay, Lingerie, Slender, HDRip] [1080p]",https://d.ptorrents.com/bt/[ptorrents.com].3171429.torrent,magnet:?xt=urn:btih:0d6fba8c15b2d80be9acb75dfca479f6133c5f63
478470,"[22.62 GB] [Chaturbate.com] Lushianafitness (29 роликов) Pack (lushiana 123) [2024-2025, Shemale, Toys, Masturbation, Camshow, WebCam, 720p, 1080p]",https://d.ptorrents.com/bt/[ptorrents.com].3171577.torrent,magnet:?xt=urn:btih:3b090f35d9a10281d1eeb2cea9663827b65f9c79
478471,"[345.8 MB] [SexMex.xxx] Carolina Guerrero, Sarah Black (Sex Lessons) [2025 г., Threesome FFM, MILF, Hardcore, Big Ass, All Sex, 480p]",https://d.ptorrents.com/bt/[ptorrents.com].3170533.torrent,magnet:?xt=urn:btih:6578539aeb478f00ad0c4912adee06805c591ea4
478472,"[345.8 MB] [SexMex.xxx] Carolina Guerrero, Sarah Black (Sex Lessons) [2025 г., Threesome FFM, MILF, Hardcore, Big Ass, All Sex, 480p]",https://d.ptorrents.com/bt/[ptorrents.com].3170533.torrent,magnet:?xt=urn:btih:6578539aeb478f00ad0c4912adee06805c591ea4
478473,"[638.2 MB] [Lubed.com] Delilah Dagger - Poolside Playtime (01.04.2025) [2025 г., Young, Gonzo, Hardcore, All Sex, Creampie, 480p]",https://d.ptorrents.com/bt/[ptorrents.com].3170982.torrent,magnet:?xt=urn:btih:b6401b176344c763b3f33745196443424c068a5a
478474,"[638.2 MB] [Lubed.com] Delilah Dagger - Poolside Playtime (01.04.2025) [2025 г., Young, Gonzo, Hardcore, All Sex, Creampie, 480p]",https://d.ptorrents.com/bt/[ptorrents.com].3170982.torrent,magnet:?xt=urn:btih:b6401b176344c763b3f33745196443424c068a5a
478475,"[442.9 MB] [OopsFamily.com]Andie Anderson(Sound of Sex )[2025, Feature, Hardcore, All Sex, Couples, Straight 480p]",https://d.ptorrents.com/bt/[ptorrents.com].3170078.torrent,magnet:?xt=urn:btih:597d7fe41b7c4ba839cb6d24c8b7867c30559ac7
478476,"[442.9 MB] [OopsFamily.com]Andie Anderson(Sound of Sex )[2025, Feature, Hardcore, All Sex, Couples, Straight 480p]",https://d.ptorrents.com/bt/[ptorrents.com].3170078.torrent,magnet:?xt=urn:btih:597d7fe41b7c4ba839cb6d24c8b7867c30559ac7
478477,"[590.1 MB] [ItsAnal.com / FilthyKings.com]Whitney Wright ( Whitney Loves Getting Stretched By 2 Cocks ) [2025 г., Gonzo, Hardcore ,Couples, All Sex, Anal , IR,DP 540p]",https://d.ptorrents.com/bt/[ptorrents.com].3171280.torrent,magnet:?xt=urn:btih:3a631ca25e83a89dd4628aa03a1409694bd1c7fb
478478,"[590.1 MB] [ItsAnal.com / FilthyKings.com]Whitney Wright ( Whitney Loves Getting Stretched By 2 Cocks ) [2025 г., Gonzo, Hardcore ,Couples, All Sex, Anal , IR,DP 540p]",https://d.ptorrents.com/bt/[ptorrents.com].3171280.torrent,magnet:?xt=urn:btih:3a631ca25e83a89dd4628aa03a1409694bd1c7fb
478479,"[298 MB] [EvilAngel.com]Cherry Kiss( Anal Addict's Wet Hookup)[2025 г., Gonzo, Hardcore, All Sex ,Straight , Anal ,540p]",https://d.ptorrents.com/bt/[ptorrents.com].3170080.torrent,magnet:?xt=urn:btih:e2aa438878735bbc422af37642bc4f1d6f543835
478480,"[298 MB] [EvilAngel.com]Cherry Kiss( Anal Addict's Wet Hookup)[2025 г., Gonzo, Hardcore, All Sex ,Straight , Anal ,540p]",https://d.ptorrents.com/bt/[ptorrents.com].3170080.torrent,magnet:?xt=urn:btih:e2aa438878735bbc422af37642bc4f1d6f543835
478481,"[2.72 GB] ROCCO's PERVERTED SECRETARICS #11/Perverted secretaries Rocko #11 (Rocco Siffredi, Evil Angel) [2025, Gonzo, Hardcore, Ir, Rimming, ALL SEX, Web-DL 540P] (Split] Scenes) (Lumi Ray, Claire Roos, Cherry Candle, Alice Drake, Candy Licious, Lily Blossom, Rebel Rhyder)",https://d.ptorrents.com/bt/[ptorrents.com].3171279.torrent,magnet:?xt=urn:btih:b39086c32985a751600dc3517da5e8227dd32d21
478482,"[5.52 GB] The feminine mystique 1,2,3 / женская мистика (LEBA) [2019-2020 г., Lesbian, Naturally Busty, Petite, Vod, 480p] Donna, Bambolla Bambolla, Sunny Honey, Ane Darling, Barbara Bieber, Canala Skin, Cassie Del Isla, Kiara Strong, Lana Seymour, Victoria Puppy, Violetta)",https://d.ptorrents.com/bt/[ptorrents.com].3171430.torrent,magnet:?xt=urn:btih:d3bc80ea1bada17fb854e99959307def5863d3fb
478483,"[1.71 GB] [DreamTranny.com] Alana Duarte & Thaysa Lopes - Trans Medic Is Ass-Reamed By Her Trans Patient (01.04.2025) [2025 г., Shemale, Hardcore, Rimming, Blowjob, Anal, Bareback, 1080p]",https://d.ptorrents.com/bt/[ptorrents.com].3170983.torrent,magnet:?xt=urn:btih:4dee6d34618d4a3ece204041bc79c18c4f6d988b
478484,"[31.62 GB] Beverly Hillson (15 роликов) Pack [2024-2025, Blonde, Creampie, Facial, Swallow, Squirt]",https://d.ptorrents.com/bt/[ptorrents.com].3171130.torrent,magnet:?xt=urn:btih:dcfc0969f34ad5efb7aa654d89e446fffbc70842
478485,"[545.1 MB] [WeAreHairy.com] Stasy Starando - Stasy Starando Enjoys Her New Hair Combs [2024.12.04, Teen, Solo, Masturbation, Hairy, 1080p]",https://d.ptorrents.com/bt/[ptorrents.com].3170379.torrent,magnet:?xt=urn:btih:e975b81242f5868e93e884ee1bd05388f3904517
478486,"[14.15 GB] [AnalVids.com / Legalporno.com / PornBox.com / PissVids.com] Jane White (Mega destruction of babe Jane White! 6 on 1 DAP DVP ANAL EKS324) [2024-04-15, anal, teen, dp, piss, pee, cumshot, 4K, 2160p]",https://d.ptorrents.com/bt/[ptorrents.com].3171729.torrent,magnet:?xt=urn:btih:6285f75e5d8b73e65bcdbd711c2becc97154d417
478487,"[577.3 MB] [DreamTranny.com] Alana Duarte & Thaysa Lopes - Trans Medic Is Ass-Reamed By Her Trans Patient (01.04.2025) [2025 г., Shemale, Hardcore, Rimming, Blowjob, Anal, Bareback, 480p]",https://d.ptorrents.com/bt/[ptorrents.com].3170985.torrent,magnet:?xt=urn:btih:c73954dd98d8c4ba0b68de2c804f40b73324ad5c
478488,"[12.66 GB] [Virtual Papi / SexLikeReal.com] Clea Gaultier - Dreams Come True (52563) [2025-02-21, Blow job, Tits fucking, Brunette, Cowgirl, Cumshots, Long hair, Doggy style, Hardcore, Missionary, Nylons, Stockings, Trimmed pussy, Pierced navel, Tattoo, SideBySide, 3840p, SiteRip] [Oculus Rift / Vive]",https://d.ptorrents.com/bt/[ptorrents.com].3170676.torrent,magnet:?xt=urn:btih:8f0d2a764e7eb9f7c45fd90471d9b68a48d2eaac
478489,"[14.05 GB] [AnalVids.com / Legalporno.com / PornBox.com] Cris Bathory 5 on 1 fuck session with DP, DAP, DVP and Triple Penetration YE128 [2021-08-09, Airtight, Anal, Brazilian, Cum Swallowing, Deep Throat, Double Anal (DAP), Double Penetration (DP), Double Vaginal (DPP), Prolapse, Rough, Triple Penetration, Interracial, IR, 4K, 2160p]",https://d.ptorrents.com/bt/[ptorrents.com].3171730.torrent,magnet:?xt=urn:btih:7deb512bf0d84e8f89dce61c43eab82c9ecbde97
478490,"[234.68 GB] [NoRestForTheAss.com / LegalPorno.com] Video Pack / Part 2 (100 роликов) [2009-2010, All Sex, Gonzo, Anal, DP, Oral, Lesbo, Solo, Creampie, Swallow] [1080p]",https://d.ptorrents.com/bt/[ptorrents.com].3170828.torrent,magnet:?xt=urn:btih:cb548f4e7999f8893e06527a0031f0680562f744
478491,"[1.06 GB] [JacquieEtMichelTV.net] Oneybeezz (Oney, 23, welcomes us to her home in Toulouse to try… anal! / 2023-05-11) [2023 г., Amateur, Anal, Big Dick, Blowjob, Cum on ass, Cunnilingus, Doggystyle, European, Fingering, French, Hardcore, High Heels, Natural tits, Rimming, Shaved, Small tits, Tattoos, Teabag, Teen, 1080p]",https://d.ptorrents.com/bt/[ptorrents.com].3170380.torrent,magnet:?xt=urn:btih:491e46210f28ba71282cbc9ae9a65439508a7f76
478492,"[1.03 GB] Cape Rear / Оконечность мыса (Robert McCallum / Western Visuals) [1992 г., All Sex, Facial, Anal, DP, VHSRip] (Ashley Dunn, Debi Diamond, Holly Ryder, Jenna Wells, Stacy Nichols, Blake Palmer, Cal Jammer, Jake Steed, Peter North, TT Boy)",https://d.ptorrents.com/bt/[ptorrents.com].3170830.torrent,magnet:?xt=urn:btih:de0f3dcc229e5ab77c2e3c8b6e434ec385f2e54b
478493,"[6.12 GB] Himesaki Hana, Arioka Miu (Shiiba Mikuru) - Miraculous Big-breasted I-cup Beautiful Girl Himesaki Hana's First Lesbian Work [BBAN-524] (Take-d, Bibian) [cen] [2025 г., Cosplay, Lesbian, Big Tits, Toy, Kiss, HDRip] [1080p]",https://d.ptorrents.com/bt/[ptorrents.com].3171431.torrent,magnet:?xt=urn:btih:894ba83a217588ce9b64af474ae0d042c0364409
478494,"[8.46 GB] [VRHush.com] Avery Black - Pump A Baby Inside... [2023-05-08, Asian, Blowjob, Brunette, Cowgirl, Creampie, Doggy Style, Hardcore, Interracial, MILF, Natural Tits, Petite, POV, Reverse Cowgirl, Shaved Pussy, Skirt, Standing Missionary, Tattoo, VR, 4K, 1920p] [Oculus Rift / Vive]",https://d.ptorrents.com/bt/[ptorrents.com].3171732.torrent,magnet:?xt=urn:btih:d30bdf5579b96707ca295324d7ae9901ac72964b
478495,"[10.65 GB] [LegalPorno.com / AnalVids.com / Gonzo.com] Alexa Nova - Redhead slut Alexa Nova assfucked by 4 guys & DAPed SZ1727 [2017, Anal, Big Cock, Blowjob, Cumshot, DAP, DP, Deepthroat, Dildo, Gape, Hardcore, Redhead, Toys, 2160p, SiteRip]",https://d.ptorrents.com/bt/[ptorrents.com].3170678.torrent,magnet:?xt=urn:btih:fbc4f92aafaa03c4cd1231c5bf34e40e35483cc4
478496,"[1.05 GB] [DreamTranny.com] Alana Duarte & Thaysa Lopes - Trans Medic Is Ass-Reamed By Her Trans Patient (01.04.2025) [2025 г., Shemale, Hardcore, Rimming, Blowjob, Anal, Bareback, 720p]",https://d.ptorrents.com/bt/[ptorrents.com].3170984.torrent,magnet:?xt=urn:btih:78a0a518626f1398d71e1577c9a9ca61c56d9b91
478497,"[9.65 GB] Irresistible Beauties Vol. 7/ irresistible beauties #7 (XAVI Rocka, Private) [2025, Vignettes, All Sex, Coupeles, Hardcore, Straight, Web-Dl, 1080P] (Split Scenes) (Leo Santos, Lilly Mays , Megan Murkovski, Shelena, Mary Rock)",https://d.ptorrents.com/bt/[ptorrents.com].3170535.torrent,magnet:?xt=urn:btih:3d4cd47d9a3233183bf3f69c00a6df07fd059bf4
478498,"[15.55 GB] [MilfVR.com] Melissa Stratton - Better Call Stratton (6354581) [2025-04-03, Big Cocks, Big Tits, Blowjob, Bra, Brunette, Business Suit, Closeup Missionary, Couples, Cowgirl, Cum on Ass, Cumshot, Doggy Style, Dress, Eating Pussy, Fingering, Hardcore, HD, Housewives, Kissing, Licking, Lingerie, Masturbation, Missionary, Office, POV, Pussy Fingering, Pussy Masturbation, Reverse Cowgirl, Spreadeagle, Thong, White, White Female, White Male, SideBySide, 3600p, SiteRip] [Oculus Rift / Vive]",https://d.ptorrents.com/bt/[ptorrents.com].3171426.torrent,magnet:?xt=urn:btih:6353a23d2f1008c2ee46b62edf69dbc63ea048f9
478499,"[8.53 GB] [VRHush.com] Bunny Madison - Horny Rabbits [2024-11-10, Big Boobs, Big Tits, Blonde, Blowjob, Cowgirl, Cum in Mouth, Cumshots, Doggy Style, Fake Tits, Finger Bang, Hardcore, Lingerie, Nurse, Pierced Navel, Piercings, POV, Pussylick, Reverse Cowgirl, Shaved Pussy, Standing Missionary, Tattoo, Uniform, VR, 4K, 1920p] [Oculus Rift / Vive]",https://d.ptorrents.com/bt/[ptorrents.com].3171733.torrent,magnet:?xt=urn:btih:099ba04298cf7f33d40444502faa9d93464007dd
478500,"[6.14 GB] [Stripchat.com] Mc-Olivia Anal fisting and Prolapse (2 clips) 2025 г. [Anal Fisting,Big Dildo,Huge Dildo,Toys,Pump,Prolapse [1080p]",https://d.ptorrents.com/bt/[ptorrents.com].3170679.torrent,magnet:?xt=urn:btih:e0e99d12e4fd41033a6be74d601160d2a161a4d2
478501,"[7.58 GB] [VRHush.com] Maddy May - May Drive You Mad [2024-11-24, Blowjob, Boobs, Brunette, Cowgirl, Doggy Style, Fake Tits, Finger Bang, Handjob, Hardcore, Lingerie, Natural, Pierced Nipples, Piercings, POV, Pussylick, Reverse Cowgirl, Standing Missionary, Tattoo, Trimmed Pussy, VR, 4K, 1920p] [Oculus Rift / Vive]",https://d.ptorrents.com/bt/[ptorrents.com].3171734.torrent,magnet:?xt=urn:btih:d4949aa005c6eab1aeb27758f1e152b6091077b8
478502,"[48.5 MB] Reddit user Jairdrag [Amateur, Toys] [2316x3088-4284x4103, 35 фото]",https://d.ptorrents.com/bt/[ptorrents.com].3170230.torrent,magnet:?xt=urn:btih:67ad00e19702476291b280b2e5285bc96f0b0736
478503,"[2.18 GB] [GenderXFilms.com] Jade Venus & Summer Vixen(My First Trans Lover) [2025 г., Transsexual,Gonzo Hardcore , All Sex , 1080p]",https://d.ptorrents.com/bt/[ptorrents.com].3171282.torrent,magnet:?xt=urn:btih:287f663148612733e35a273b4678b2730d84104b
478504,"[3.38 GB] Trans Debutantes 4 / Trans-Deputants 4 (Buddy Wood / Grooby) [07.27.2023, .transsexual, shemale, Oral / Ana Sex, Hardcore, Compilation .. Jenny Bangz, Twilli Tivianne, Willow ASTILBE, Hailey Lux, Moe Scoville, John Kilo, Eris Day..720p]",https://d.ptorrents.com/bt/[ptorrents.com].3170831.torrent,magnet:?xt=urn:btih:19d3057c834469d0121fcef9c9a8e083bff8e1f7
478505,"[219 MB] Marina Shiraishi-Photosets from Star-843 and Star-945 films with busty Japanese veteran / Photo sets from the Films Star-843 and Star-945 With a Busty Veteran Porn Porn Uncensored (2017-2018) [Uncensored, Unken, Blowjob, Hardcore, All Sex, Big Tits, Interracial, BBC] [1824x2736, 2736X1824, 3936X2624, 2624X3936 (7 sets), 121 photos]",https://d.ptorrents.com/bt/[ptorrents.com].3170081.torrent,magnet:?xt=urn:btih:dbbba4f28fc5265fc9d63ab0f93c8cc8c2fa752a
478506,"[2.32 GB] Tomoka Sakurai - This Weekend, My Wife Is Having An Affair [XKK-074] (Glory Quest) [cen] [2024 г., Solowork, Married Woman, Squirting, Affair, Drama, Adultery, Featured Actress, HDRip]",https://d.ptorrents.com/bt/[ptorrents.com].3170681.torrent,magnet:?xt=urn:btih:1b2eccd028742895efca4e6883e1c0250636a384
478507,"[31.77 GB] [RealJamVR / SexLikeReal.com] Leana Lovings - Doctor's Exam: Leana Lovings (49143) [2025-04-04, Big cock, Big ass, Blow job, Chubby / curvy, Close ups, Cowgirl, Reverse cowgirl, Cumshots, Facials, Chestnut, Long hair, Doggy style, Hardcore, Missionary, Lipstick, Shaved pussy, Glasses, American, SideBySide, 4096p, SiteRip] [Oculus Rift / Vive]",https://d.ptorrents.com/bt/[ptorrents.com].3171576.torrent,magnet:?xt=urn:btih:3e9f6d7c589901f1f978fd986252cab8ef05819c
478508,"[7.9 GB] [VRHush.com] Maddy O'Reilly - Mad Body Mad Choices [2024-12-08, Big Ass, Blowjob, Brunette, Cowgirl, Cum in Mouth, Cumshots, Doggy Style, Facial, Fishnet, Hardcore, Pantyhose, Natural Tits, PAWG, Pierced Navel, Piercings, POV, Reverse Cowgirl, Standing Missionary, Tattoo, VR, 4K, 1920p] [Oculus Rift / Vive]",https://d.ptorrents.com/bt/[ptorrents.com].3171735.torrent,magnet:?xt=urn:btih:8e1259592ed8a9c6e15ddc75ede9e30a311fbc3a
478509,"[5.12 GB] Hatano Yui - Madonna Wife of the Children's Association: Immoral Parent Gathering [Nngod-258] (Eizou) [Cen] [2025 г, 3p, 4P, Big Tits, Married Woman, Cokold, hdrip] [1080p]",https://d.ptorrents.com/bt/[ptorrents.com].3171434.torrent,magnet:?xt=urn:btih:0b96f0413bf78e30bbcba386bfdc3af25396eec8
478510,"[16.24 GB] [AnalVids.com / Legalporno.com / PornBox.com / PissVids.com] Lady Zee (""The dream of Lady Zee"" 0% pussy only Anal, DAP, Rimming, Piss Drinking, hard fuck, cum swallow 4 on 1 PAF017) [18-06-2021, Anal, ATM, Blowjob, Cum Swallowing, Deep Throat, Double Anal (DAP), Double Bj, Facial, Foot Fetish, Gangbang, Gapes, Natural Tits, Piss Drinking, Sex Toy, Small Tits, Tattoo, Teen, Pee, Cumshot, 4K, 2160p]",https://d.ptorrents.com/bt/[ptorrents.com].3170229.torrent,magnet:?xt=urn:btih:0178b86f6975b655aa3b3d3dc63d7a5b074ca916
478511,"[794.4 MB] [GenderXFilms.com] Jade Venus & Summer Vixen(My First Trans Lover) [2025 г., Transsexual,Gonzo Hardcore , All Sex , 540p]",https://d.ptorrents.com/bt/[ptorrents.com].3171283.torrent,magnet:?xt=urn:btih:97ca110deac3701bb255661771780f097275b2ae
478512,"[7.35 GB] [VRHush.com] Kimora Quin - Treat Yourself With Me [2024-12-29, Asian, Blowjob, Brunette, Cowgirl, Doggy Style, Face Pierced, Hardcore, Lingerie, Natural Tits, Pierced Navel, Piercings, POV, Reverse Cowgirl, Shaved, Standing Missionary, Stockings, Tattoos, Trimmed Pussy, VR, 4K, 1920p] [Oculus Rift / Vive]",https://d.ptorrents.com/bt/[ptorrents.com].3171736.torrent,magnet:?xt=urn:btih:369c66707b1c81fbd8f2a4e6d12b16be722a111c
478513,"[571.9 MB] [WeAreHairy.com] Stasy Starando - Stasy Starando Masturbates In Her Kitchen[2024.12.13, Teen, Solo, Masturbation, Hairy, 1080p]",https://d.ptorrents.com/bt/[ptorrents.com].3170382.torrent,magnet:?xt=urn:btih:6c2b06b2341db11c3e710cdf4076c73b8b60bae1
478514,"[15.58 GB] [Steel VR / SexLikeReal.com] Suzzi Eis, Stefan Steel - Porn Nurse Suzzi Eis (55840) [2025-04-03, Big tits, Blow job, Silicone, Brunette, Cowgirl, Reverse cowgirl, Cum in mouth, Hand job, Doggy style, Hardcore, Lipstick, MILF, Shaved pussy, Pierced navel, Tattoo, Glasses, Nurses, SideBySide, 4096p, SiteRip] [Oculus Rift / Vive]",https://d.ptorrents.com/bt/[ptorrents.com].3171578.torrent,magnet:?xt=urn:btih:f05dfc9f787db57431ca0067b66eae8214da8976
478515,"[27.38 GB] [XSinsVR.com / SinsVR] Lily Blossom - Hardcore [19.03.2025, Blonde, Blow Job, Close Ups, Cowgirl, Cumshots, Doggy Style, Facials, Fingering, Hand Job, Hardcore, Hungarian, Long Hair, Masturbation, Missionary, Reverse Cowgirl, Shaved Pussy, Virtual Reality, SideBySide, 8K, 4096p, SiteRip] [Oculus Rift / Quest 2 / Vive]",https://d.ptorrents.com/bt/[ptorrents.com].3171129.torrent,magnet:?xt=urn:btih:16bd6b03b2c1e817f57f3c4973ce04f34d008646
478516,"[933 MB] Riden By Horsemen / Всадники (Susan Reno) [2005 г., ATM, BDWC, Blowjob, Interracial, Group, Straight, Anal, DP, Rimming, MILF, Facial, WEB-DL] (Susan Reno)",https://d.ptorrents.com/bt/[ptorrents.com].3171579.torrent,magnet:?xt=urn:btih:2bf23bbcb9a5f8a91f8fd323f7d73d2359a146e8
478517,"[5.04 GB] Maki Kyoko, Yuri Maina, Aoi Yurika - When I Called A Delivery Health Girl, Some Girls Came To Me Playing Undercover Investigators, And When I Went Along With The Investigator Situation, I Was Completely Taken By The Back OP Interrogation [HNTRZ-008] (Mishima Rokusaburo, Hunter) [cen] [2025 г., Creampie, Big Tits, Slut, Female Investigator, HDRip] [1080p]",https://d.ptorrents.com/bt/[ptorrents.com].3171436.torrent,magnet:?xt=urn:btih:c870bd009b96f8d886efa969c05e7b08012c2f33
478518,"[6.34 GB] [Vixen.com]Era Queen, Ema Karter( Busty Blonde Dancers Share A Cock )[2025 г., Gonzo, All Sex, Hardcore, Straight ,Couples 2160p]",https://d.ptorrents.com/bt/[ptorrents.com].3170537.torrent,magnet:?xt=urn:btih:9bbda6024ab7be221439a1f92031ecb603a3cf15
478519,"[4.92 GB] Trans Debutantes 5 / Транс-Дебютантки 5 ( Buddy Wood / Grooby) [05.10.2023,.Transsexual, Shemale, Oral/Anal Sex, Hardcore, Compilation..Amanda Riley, Chloe Jordan, Drewcilla, Ember Fiera, Eros Orisha, Chris Epic, Steve Rickz..1080p]",https://d.ptorrents.com/bt/[ptorrents.com].3170833.torrent,magnet:?xt=urn:btih:4ad1489a0d49cded3163df119cc2c7fb45c822d8
478520,"[1.25 GB] Prisoner (Rwt4184) [2025, 3DCG, Animated, Big Ass, Big Tits, Parody, Vaginal Sex, WEB-DL] [2160p]",https://d.ptorrents.com/bt/[ptorrents.com].3170682.torrent,magnet:?xt=urn:btih:20c45e6246bde505c9354f0cee69af77fef2f384
478521,"[42.83 GB] [FuckPassVR.com] Hazel Moore, Scarlett Alexis, Anna De Ville, Micky Muffin, Lucy Mendez, Athenea Rose, Giulia Diamond, Ria Sunn (Best Anal Adventures Vol.2) [2025 г., Compilation, Anal, Ass Licking Rimming, Hardcore, All Sex, VR, 8k, 4096p, UHD] [Oculus Rift / Vive]",https://d.ptorrents.com/bt/[ptorrents.com].3170986.torrent,magnet:?xt=urn:btih:87f0e0c862e455c69947142c81be8f065a5cb108
478522,"[18.99 GB] [PassthroughVR / RealVR.com] Lucy Foxx - Foxx's Den [2025-03-07, Augmented Reality, Babe, Blonde, Blowjob, Cowgirl, Cum On Pussy, Cum on Stomach, Cumshots, Doggy Style, Hardcore, Passthrough, Pornstar, POV, Reverse Cowgirl, Shaved Pussy, Skinny, Small Tits, Tattoo, AR, 8K, 4096p] [Oculus Rift / Vive]",https://d.ptorrents.com/bt/[ptorrents.com].3171738.torrent,magnet:?xt=urn:btih:f76833f4a6054b17bb2b6c7ce0d64a40f5de7656
478523,"[272.9 MB] 2025 Administrative wife [amateur] [from 531*877 to 4032*3024, 93 photos]",https://d.ptorrents.com/bt/[ptorrents.com].3171731.torrent,magnet:?xt=urn:btih:9a62bce5887193ddefb46dea68229676c4730d07
478524,"[4.37 GB] [Sensual.Love] Lily Blossom, Ellie Luna - hidden urges [2025, Teen, Young, Solo, Erotic, Posing, Masturbation, Lesbian, 1080p, SiteRip]",https://d.ptorrents.com/bt/[ptorrents.com].3170085.torrent,magnet:?xt=urn:btih:9c66598b332fa28dbddf19e1ce13f22f99b89014
478525,"[13.64 GB] [VRHush.com] Chloe Amour, Alex Coal, Lilly Bella, Summer Vixen, Haley Spades, Roxie Sinner, Kimora Quin, Beca Barbie, Athena Heart (Best Standing Missionary Compilation Vol.4) [2025 г., Compilation, Hardcore, All Sex, VR, 8k, 3840p] [Oculus Rift / Vive]",https://d.ptorrents.com/bt/[ptorrents.com].3170987.torrent,magnet:?xt=urn:btih:e764bd7a56c609b13b0b66b110d4c4a30d4d70a7
478526,"[4.91 GB] [DorcelClub.com / Dorcel.com] Jadilica & Alexis Crystal - A bold game [2025-03-31, Cumshot, Gonzo, Hardcore, POV, Threesome (FFM), 2160p, SiteRip]",https://d.ptorrents.com/bt/[ptorrents.com].3171132.torrent,magnet:?xt=urn:btih:53acf315ed5f6043d0c8eaaec2b9b7d9e020f502
478527,"[1.55 GB] [TGirls.xxx] Ember Fiera & Steve Rickz / Ember Fiera Enjoys Steve’s Cock [05.04.2023., Shemale, Tranny, Male on shemale, Oral, Anal, Hardcore, Bareback, Cumshot,..1080p, SiteRip]",https://d.ptorrents.com/bt/[ptorrents.com].3171581.torrent,magnet:?xt=urn:btih:eb04d283fa4207f1adc1bfa87f59519813581060
478528,"[5.7 GB] Trans Debutantes 7 / Транс-Дебютантки 7 ( Buddy Wood / Grooby) [27.11.2024,.Transsexual, Shemale, Oral/Anal Sex, Hardcore, Compilation..Cherri, Genesis Green, Natalie Carnot, Stella Locke, Sydney Summers, Chris Epic, Steve Rickz..1080p]",https://d.ptorrents.com/bt/[ptorrents.com].3171580.torrent,magnet:?xt=urn:btih:3873286546850e55520016dfd78d300602e060c6
478529,"[2.67 GB] [ItsPOV.com / StepPOV.com] Alyssa Bounty - Your Step-Daughter's Education [2021-04-06, Anal, Cumshot, Facial, Gonzo, Hardcore, POV, 2160p, SiteRip]",https://d.ptorrents.com/bt/[ptorrents.com].3170832.torrent,magnet:?xt=urn:btih:93b88f65340aea1d684889c1c8ffc29fca68ec49
478530,"[2.39 GB] Yumi Kazama, Rui Matsuzaka, Kira Okamoto, Naoko Kirishima, RIRISTA AOOYAA - BITTY Hot Spring Companion 4 [vspds-329] (V&R PROPRODUE) [CEN] [2008 г., BIG-DL]",https://d.ptorrents.com/bt/[ptorrents.com].3171582.torrent,magnet:?xt=urn:btih:303e53b46daa8f359ccb65b71d6250c84fba36fc
478531,"[604.7 MB] [WeAreHairy.com] Stasy Starando - Stasy Starando Masturbates By Her Mirror [2024.12.19, Teen, Solo, Masturbation, Hairy, 1080p]",https://d.ptorrents.com/bt/[ptorrents.com].3170383.torrent,magnet:?xt=urn:btih:f37fbeb592017a2a7a872abc6d0ae6ad735b4832
478532,"[969.3 MB] [MomShoot.com / TeamSkeet.com] Sata Jones (Vacation Fling With My Stepson (Sata's Debut)) [2025 г., MILF, Hardcore, All Sex, 1080p]",https://d.ptorrents.com/bt/[ptorrents.com].3170990.torrent,magnet:?xt=urn:btih:f648858661a88a1d225b97e108285079f189e70d
478533,"[7.54 GB] [Sensual.Love] Lily Blossom, Ellie Luna - Hidden urges [2025, Teen, Young, Solo, Erotic, Posing, Masturbation, Lesbian, 2160p, SiteRip]",https://d.ptorrents.com/bt/[ptorrents.com].3170084.torrent,magnet:?xt=urn:btih:a0c1e07ff9dca3f9e7a75655e8c64c4abeee5408
478534,"[1.51 GB] [Pure-TS.com] Lilith Black - Blonde Latina Cutie Is Ready For Her Debut (31.03.2025) [2025 г., Shemale, Hardcore, Blowjob, Anal, Bareback, 1080p]",https://d.ptorrents.com/bt/[ptorrents.com].3170541.torrent,magnet:?xt=urn:btih:8ea765210fd8b190705ecb183a711a032d6baf48
478535,"[1.9 GB] Big Top Cabaret / High Mountain Kabaret (David Keith, Big Top Video) [1986, Feature, Big Tits, VHSRip] [Rus] (Trinity Loren, Lotta Topp, Cajun Queen, Nikki King, Don Fernando, Don Fernando, Don Fernando, Don Fernando Twin Towers, Ron Jeremy, Blake Palmer)",https://d.ptorrents.com/bt/[ptorrents.com].3171285.torrent,magnet:?xt=urn:btih:f85dc52714a88d38117857214716abdf59ddb9fa
478536,"[202 MB] [18eighteen.com / ScoreLand.com / PornMegaLoad.com] Della Cate (Schoolgirl Della Cate Deep Throats Her Teacher and Fucks Him on the Desk) [2025 г., Old-Young, Hardcore, All Sex, 360p]",https://d.ptorrents.com/bt/[ptorrents.com].3171742.torrent,magnet:?xt=urn:btih:dffe83e8c5bab234b9d218652ddc3fd3c8322687
478537,"[202 MB] [18eighteen.com / ScoreLand.com / PornMegaLoad.com] Della Cate (Schoolgirl Della Cate Deep Throats Her Teacher and Fucks Him on the Desk) [2025 г., Old-Young, Hardcore, All Sex, 360p]",https://d.ptorrents.com/bt/[ptorrents.com].3171742.torrent,magnet:?xt=urn:btih:dffe83e8c5bab234b9d218652ddc3fd3c8322687
478538,"[187.73 GB] [LegalPorno.com / AnalVids.com / PornBox.com] Pack Part 3 2016-2019 (16 роликов) 4K (GIO1031, GIO1033, GIO1060, GIO1072, GIO1082, GIO1083, GIO1130, GIO1148, GIO1197, GIO215, GIO295, GIO361, GIO498, GIO930, GIO996, GL062) [2016-2019 г., Nicole Black, Sasha Colibri, Florane Russell, Sandra Soul, Sindy Rose, Andi Rye, Lauren Phillips, Vicky Sol, July Sun, Angel Piaff, May Thai, Anna De Ville, Syren De Mer, Jolee Love, Sophia Grace, 2160p 4K]",https://d.ptorrents.com/bt/[ptorrents.com].3171281.torrent,magnet:?xt=urn:btih:a13ebbc48b30b4630ddc6c4110ed42fe27d60eff
478539,"[198.4 MB] [MomShoot.com / TeamSkeet.com] Sata Jones (Vacation Fling With My Stepson (Sata's Debut)) [2025 г., MILF, Hardcore, All Sex, 360p]",https://d.ptorrents.com/bt/[ptorrents.com].3170991.torrent,magnet:?xt=urn:btih:077d592a4653b599d21fc3eefc72f1771808a7e8
478540,"[13.39 GB] 2019 Hotkinkyjo [Alexextreme.com] Any collection 182 sets, 2019 - 2025 [FISTING, ANAL, LESBIAN, DILDO, TOYS, PROLAPSE, ROSEBUTT.] [1200x1800 - 1800x1200 - 1920x10, 21 226",https://d.ptorrents.com/bt/[ptorrents.com].3170834.torrent,magnet:?xt=urn:btih:b1f19b5a205718b1964ff0880cc4e2fe05fb26c1
478541,"[197.7 MB] [50PlusMILFs.com / ScoreLand.com / PornMegaLoad.com] Tayler Deerden (Divorcee and mom Tayler, 51, fucks her trainer) [2025 г., MILF, Hardcore, All Sex, 360p]",https://d.ptorrents.com/bt/[ptorrents.com].3171744.torrent,magnet:?xt=urn:btih:80f5d9f0a50f7e0d4c1117a08c2b5565e2ee5d99
478542,"[197.7 MB] [50PlusMILFs.com / ScoreLand.com / PornMegaLoad.com] Tayler Deerden (Divorcee and mom Tayler, 51, fucks her trainer) [2025 г., MILF, Hardcore, All Sex, 360p]",https://d.ptorrents.com/bt/[ptorrents.com].3171744.torrent,magnet:?xt=urn:btih:80f5d9f0a50f7e0d4c1117a08c2b5565e2ee5d99
478543,"[588.6 MB] [Pure-TS.com] Lilith Black - Blonde Latina Cutie Is Ready For Her Debut (31.03.2025) [2025 г., Shemale, Hardcore, Blowjob, Anal, Bareback, 480p]",https://d.ptorrents.com/bt/[ptorrents.com].3170543.torrent,magnet:?xt=urn:btih:a7561e7ef9af23fe5fc45aa43cd6067144cfdcf8
478544,"[894.1 MB] [JacquieEtMichelTV.net] Ashley Morena (A very intense surprise awaits the bombshell Ashley! / 2023-05-17) [2023 г., Amateur, Big Tits, Blonde, Blowjob, Doggystyle, Double Penetration, European, Facial, Lingerie, MMF, Shaved, Spain, Tattoos, Threesome, 720p]",https://d.ptorrents.com/bt/[ptorrents.com].3170384.torrent,magnet:?xt=urn:btih:1dca5b8813809d093fa2ac31cfbbb8b82635be6f
478545,"[16.42 GB] [AnalVids.com / Legalporno.com / PornBox.com / PissVids.com] Francys Belle - Hitch-hiking Wet Francys Belle, 5 on 1, BBC, ATM, DAP, Extreme Deepthroat, No Pussy, Rough, Gapes, ButtRose, Pee Drink/Shower, Cum in Mouth, Swallow GIO2769 (2024-04-28) [2024, anal, ass to mouth, big tits, blowjob, cum swallowing, deep throat, double anal (DAP), face fucking, gapes, interracial, milf, piss, prolapse, rough, squirting, pee, cumshot, 4K, 2160p]",https://d.ptorrents.com/bt/[ptorrents.com].3170233.torrent,magnet:?xt=urn:btih:2e0966ba1f586400e1204c8291c4364cf7c1894b
478546,"[976.6 MB] [Pure-TS.com] Lilith Black - Blonde Latina Cutie Is Ready For Her Debut (31.03.2025) [2025 г., Shemale, Hardcore, Blowjob, Anal, Bareback, 720p]",https://d.ptorrents.com/bt/[ptorrents.com].3170542.torrent,magnet:?xt=urn:btih:febcd489045f60537e260072d49bba719818e1cf
478547,"[44.66 GB] [VRhythm / SexLikeReal.com] Lauren Phillips, Danae Mari, Sami Parker, Violet Starr, Crystal Rush, Kali Roses, Karma Rx, Charlotte Sartre, Maddy May, Valentina Nappi, Megan Maiden, Rocky Emerson, Mia Kay, Bridgette B., Alex Coal, Paige Owens, Blake Blossom, Penelope Kay, Alyx Star, Laney Grey, Savannah Bond - [Mega Splitscreen] 11 Bouncing Boobies Per Second (55044) [2025-03-30, Blow job, Tits fucking, Compilation, SideBySide, 3840p, SiteRip] [Oculus Rift / Vive]",https://d.ptorrents.com/bt/[ptorrents.com].3170680.torrent,magnet:?xt=urn:btih:cab3e0b3db29d9a0448e36d3c5f928b8eb3a7f2e
478548,"[12.05 GB] [CzechVRFetish.com] Olive Glass - Stunning Beauty Will Get You Off (CzechVRFetish 472) [31.03.2025, Big Pussy Lips, Big Tits, Bra, Brunette, Close ups, Curvy, Gaping, Garter Belt, High Heels, JOI, Lingerie, Natural Boobs, Nightrobe, Pale, Panties, Solo, Stockings, Teasing, Tight Pussy, Trimmed Pussy, Wet Pussy, Whispering, Virtual Reality, SideBySide, 8K, 3840p, SiteRip] [Oculus Rift / Quest 2 / Vive]",https://d.ptorrents.com/bt/[ptorrents.com].3171133.torrent,magnet:?xt=urn:btih:d286c8ea9a3e847cb22cf8511831d406a4c450b4
478549,"[33.77 GB] Luna FAE (15 videos) Pack [2018-2023, Anal, Creampie, Facial, Teen]",https://d.ptorrents.com/bt/[ptorrents.com].3171439.torrent,magnet:?xt=urn:btih:74bc7705722c48455d1c765c7299c6915bebc52f
478550,"[3.97 GB] [FuckPassVR.com] Ria Sunn - Pleasure Contractor from Frydlant [2024, 2D, Anal, Cum in Ass, Ass Licking, Hardcore, All Sex, 1080p, UnknownRip]",https://d.ptorrents.com/bt/[ptorrents.com].3171287.torrent,magnet:?xt=urn:btih:b3671c08948714d45fa4c50e6d52282eb21bada2
478551,"[11.13 GB] [AnalVids.com / Legalporno.com / PornBox.com] Betty Carr - FAPLEX CASTING - 18yo teen Betty Carr with beatiful body fucked by Leo Casanova's monstrous cock FLX068 [2023, Anal, Brunette, Cumshot, Hardcore, Natural Tits, Rimming, Teen, 4K, 2160p]",https://d.ptorrents.com/bt/[ptorrents.com].3170231.torrent,magnet:?xt=urn:btih:9b1f1ca4ed875bae37785e644babcbc247bdb853
478552,"[246.4 MB] [ScoreLand.com / PornMegaLoad.com] Tania Amazon (Stud Hunter) [2025 г., MILF, Hardcore, Big Tits, All Sex, 360p]",https://d.ptorrents.com/bt/[ptorrents.com].3171746.torrent,magnet:?xt=urn:btih:e2aa5b3b736a3ebb2dbdbf47a63ee9c1e509a4e2
478553,"[246.4 MB] [ScoreLand.com / PornMegaLoad.com] Tania Amazon (Stud Hunter) [2025 г., MILF, Hardcore, Big Tits, All Sex, 360p]",https://d.ptorrents.com/bt/[ptorrents.com].3171746.torrent,magnet:?xt=urn:btih:e2aa5b3b736a3ebb2dbdbf47a63ee9c1e509a4e2
478554,"[190 MB] [DadCrush.com / TeamSkeet.com] Scarlett Rosewood (Discipline Me Again!) [2025 г., Hardcore, All Sex, 360p]",https://d.ptorrents.com/bt/[ptorrents.com].3170993.torrent,magnet:?xt=urn:btih:b8d75e5e2b1ebfdee29e87218da74935682a20e0
478555,"[190 MB] [DadCrush.com / TeamSkeet.com] Scarlett Rosewood (Discipline Me Again!) [2025 г., Hardcore, All Sex, 360p]",https://d.ptorrents.com/bt/[ptorrents.com].3170993.torrent,magnet:?xt=urn:btih:b8d75e5e2b1ebfdee29e87218da74935682a20e0
478556,"[9.18 GB] [PornBox.com] Polly Yangs [02-08-2025, Teen, Skinny, Young, All Sex, Hardcore, Big Tits, Blonde, Anal, Slim/Slender body, Babyface, Natural Tits, Beauty, Perfect body, 2160p, SiteRip]",https://d.ptorrents.com/bt/[ptorrents.com].3170086.torrent,magnet:?xt=urn:btih:355905aaf93b27dc648ffc589b0a98679b844dff
478557,"[52.08 GB] [SLR Originals / SexLikeReal.com] Nicole Doshi, CJ Miles - Maid Surprise (35517) [2023-07-01, Blow job, Boobs, Silicone, Cowgirl, Reverse cowgirl, Cumshots, Doggy style, Hardcore, Missionary, Kitchen, Pierced navel, F/F/M, Threesome, Maids, Asian, Chinese, Filipina, Interracial, SideBySide, 2900p, SiteRip] [Oculus Rift / Vive]",https://d.ptorrents.com/bt/[ptorrents.com].3171435.torrent,magnet:?xt=urn:btih:a55a0a7c09884b86696fc7e7285472f714c6e265
478558,"[4.67 GB] [SLR Originals / SexLikeReal.com] Agatha Vega - Legal Cast: Agatha (55127) [02.04.2025, Blow Job, Casting, Close Ups, Cowgirl, Creampie, Curly, Doggy Style, Hand Job, Hardcore, Latina, Missionary, Nails, Nipple Play, Pierced Navel, Pierced Nipple, Redheads, Reverse Cowgirl, Skirts, Tattoo, Trimmed Pussy, Venezuelan, Virtual Reality, SideBySide, 4K, 1920p, SiteRip] [Oculus Rift / Quest / Vive]",https://d.ptorrents.com/bt/[ptorrents.com].3171134.torrent,magnet:?xt=urn:btih:a13dbd18295fc1db01b1f13c48b1977202cc0178
478559,"[818.6 MB] [NewSensations.com] Ellie Tay (Ellie Tay Lands On A Lucky Office Position) [2025 г., MILF, Hardcore, All Sex, 360p]",https://d.ptorrents.com/bt/[ptorrents.com].3171748.torrent,magnet:?xt=urn:btih:0a5efe1ba5962195f07658c720eb3299fa8fe56a
478560,"[818.6 MB] [NewSensations.com] Ellie Tay (Ellie Tay Lands On A Lucky Office Position) [2025 г., MILF, Hardcore, All Sex, 360p]",https://d.ptorrents.com/bt/[ptorrents.com].3171748.torrent,magnet:?xt=urn:btih:0a5efe1ba5962195f07658c720eb3299fa8fe56a
478561,"[3.25 GB] Sirens 6 (Vixen) [2025 г., All Sex, WEB-DL, 720p] (Ruby Reign, Vanessa Alessia, Kelly Collins, Stefany Kyler, Blake Blossom)",https://d.ptorrents.com/bt/[ptorrents.com].3170684.torrent,magnet:?xt=urn:btih:4833c275828a8e520669c2e49a11540bae28dda5
478562,"[3.18 GB] [SexBabesVR.com] Vivian Lola - Beautiful Blonde Doll [2024-02-23, 2D, Blonde, Cowgirl, Doggystyle, Missionary, Big Boobs, Blowjob, Cum on Ass, Anal, 1080p, UnknownRip]",https://d.ptorrents.com/bt/[ptorrents.com].3171288.torrent,magnet:?xt=urn:btih:6a70766387549891d0ae74d203c0b31e1d6b7564
478563,"[478.2 MB] [BrazzersExxtra.com / Brazzers.com] Hayley Halcrow - One Two Switcheroo (05.04.2025) [2025 г., Threesome, MILF, Big Tits, Big Ass, Gonzo, Hardcore, All Sex, 480p]",https://d.ptorrents.com/bt/[ptorrents.com].3171751.torrent,magnet:?xt=urn:btih:07da38d337a74d72504e70b76909ab07b914ba9d
478564,"[478.2 MB] [BrazzersExxtra.com / Brazzers.com] Hayley Halcrow - One Two Switcheroo (05.04.2025) [2025 г., Threesome, MILF, Big Tits, Big Ass, Gonzo, Hardcore, All Sex, 480p]",https://d.ptorrents.com/bt/[ptorrents.com].3171751.torrent,magnet:?xt=urn:btih:07da38d337a74d72504e70b76909ab07b914ba9d
478565,"[10.9 GB] [MetartNetwork.com] 2025-03 [Erotic, Solo, Posing][307 zip | 34491 jpg | 1365x2048 | Mid-Res]",https://d.ptorrents.com/bt/[ptorrents.com].3170685.torrent,magnet:?xt=urn:btih:7387f1013b6da6fb032fdab13ba6067063a98d94
478566,"[833.2 MB] [ WakeUpNFuck.com / WoodmanCastingX.com]Olivia Zlota( WUNF 419 )[2025, Gonzo, Hardcore, All Sex, Anal ,Rimming,Piss, 540p]",https://d.ptorrents.com/bt/[ptorrents.com].3170547.torrent,magnet:?xt=urn:btih:6ae461c6aadeb79938f154a0dc462dcd361d9293
478567,"[833.2 MB] [ WakeUpNFuck.com / WoodmanCastingX.com]Olivia Zlota( WUNF 419 )[2025, Gonzo, Hardcore, All Sex, Anal ,Rimming,Piss, 540p]",https://d.ptorrents.com/bt/[ptorrents.com].3170547.torrent,magnet:?xt=urn:btih:6ae461c6aadeb79938f154a0dc462dcd361d9293
478568,"[78.8 MB] [TeamSkeetSelects.com / TeamSkeet.com] Riley Nixon, Riley Star, Scarlett Mae, Serena Santos, Celestina Blooms, Violet Gems, Mandy Waters, Chloe Rose, Serena Hill, Sawyer Cassidy, Laya Rae, Imani Valor, Bunny Fae, Indica Marie (Cuties Swap Cum Compilation) [2025 г., Compilation, FFMM, FFM, MILF, Cum Swapping, Hardcore, All Sex, 360p]",https://d.ptorrents.com/bt/[ptorrents.com].3170995.torrent,magnet:?xt=urn:btih:13e4d67c218b34d6ffed155ae519a156e1670f2e
478569,"[78.8 MB] [TeamSkeetSelects.com / TeamSkeet.com] Riley Nixon, Riley Star, Scarlett Mae, Serena Santos, Celestina Blooms, Violet Gems, Mandy Waters, Chloe Rose, Serena Hill, Sawyer Cassidy, Laya Rae, Imani Valor, Bunny Fae, Indica Marie (Cuties Swap Cum Compilation) [2025 г., Compilation, FFMM, FFM, MILF, Cum Swapping, Hardcore, All Sex, 360p]",https://d.ptorrents.com/bt/[ptorrents.com].3170995.torrent,magnet:?xt=urn:btih:13e4d67c218b34d6ffed155ae519a156e1670f2e
478570,"[376.7 MB] [MomWantsToBreed.com / MomLover.com]Savanah Storm ( Easters The Start Of Breeding Season - S6:E6)[2025, Feature, Hardcore, All Sex, Couples , 540p]",https://d.ptorrents.com/bt/[ptorrents.com].3171289.torrent,magnet:?xt=urn:btih:f5e31534344526b44c06b3fd9f52db741dc6d501
478571,"[376.7 MB] [MomWantsToBreed.com / MomLover.com]Savanah Storm ( Easters The Start Of Breeding Season - S6:E6)[2025, Feature, Hardcore, All Sex, Couples , 540p]",https://d.ptorrents.com/bt/[ptorrents.com].3171289.torrent,magnet:?xt=urn:btih:f5e31534344526b44c06b3fd9f52db741dc6d501
478572,"[434.2 MB] [AnalIntroductions.com / Private.com] Samantha Joiner & Silvia Soprano - A Massage With Samantha Joiner And Silvia Soprano? Yes Please! (05.04.2025) [2025 г., Anal, Threesome, Massage, Young, Gonzo, Hardcore, 360p]",https://d.ptorrents.com/bt/[ptorrents.com].3171754.torrent,magnet:?xt=urn:btih:5a216b35f2edf85a682b76b854ab8fe6ac44210a
478573,"[434.2 MB] [AnalIntroductions.com / Private.com] Samantha Joiner & Silvia Soprano - A Massage With Samantha Joiner And Silvia Soprano? Yes Please! (05.04.2025) [2025 г., Anal, Threesome, Massage, Young, Gonzo, Hardcore, 360p]",https://d.ptorrents.com/bt/[ptorrents.com].3171754.torrent,magnet:?xt=urn:btih:5a216b35f2edf85a682b76b854ab8fe6ac44210a
478574,"[3.32 GB] [PornWorld.com] Kitana Lure - Cock Hungry Kitana Lure Enjoys BBC DP Threesome While On Vacation GP3212 (05.04.2025) [2025 г., DP, Anal, Interracial, BBC, MILF, Big Tits, Gonzo, Hardcore, 1080p]",https://d.ptorrents.com/bt/[ptorrents.com].3171755.torrent,magnet:?xt=urn:btih:710a8c6a3a5dcc76cc366fa4197691d2429bbc37
478575,"[529.2 MB] [WeAreHairy.com] Stasy Starando - Stasy Starando Masturbates On Her White Sofa [2025.01.14, Teen, Solo, Masturbation, Hairy, 1080p]",https://d.ptorrents.com/bt/[ptorrents.com].3170385.torrent,magnet:?xt=urn:btih:58b8a6b30ae322689fdb750a1818f2f636538376
478576,"[1.61 GB] [PornWorld.com] Kitana Lure - Cock Hungry Kitana Lure Enjoys BBC DP Threesome While On Vacation GP3212 (05.04.2025) [2025 г., DP, Anal, Interracial, BBC, MILF, Big Tits, Gonzo, Hardcore, 720p]",https://d.ptorrents.com/bt/[ptorrents.com].3171756.torrent,magnet:?xt=urn:btih:ac91fd091c14d6660b8b658867c920af6118ff9b
478577,"[27.93 GB] [FuckPassVR.com] Harley Love (Going Down) [2025 г., Hardcore, All Sex, VR, 8k, 4096p, UHD] [Oculus Rift / Vive]",https://d.ptorrents.com/bt/[ptorrents.com].3170988.torrent,magnet:?xt=urn:btih:f483ceff004391895110088c1b781cc6f31402ab
478578,"[838.8 MB] [PornWorld.com] Kitana Lure - Cock Hungry Kitana Lure Enjoys BBC DP Threesome While On Vacation GP3212 (05.04.2025) [2025 г., DP, Anal, Interracial, BBC, MILF, Big Tits, Gonzo, Hardcore, 480p]",https://d.ptorrents.com/bt/[ptorrents.com].3171757.torrent,magnet:?xt=urn:btih:327b576dfad30bfb23ba92eb8cc5ff675cec5252
478579,"[12.7 GB] [LegalPorno.com / AnalVids.com] Calisi Ink - Facialized 5on1. Calisi Ink get 12 facial after her first airplane DAP, BallDeepAnal&DP GIO186 [2016 г., Big Tits, Big Cock, Blowjob, Hardcore, Gonzo, Gangbang, Anal, DP, DAP, Milf, Deepthroat, Stockings, Piercing, Tattoos, Gape, Facial, Cumshot, Big Ass, 2160p]",https://d.ptorrents.com/bt/[ptorrents.com].3171135.torrent,magnet:?xt=urn:btih:1408304f9ee373b673b744bd45213bd198c87d12
478580,"[441.3 MB] The pants broke, as it was impatiented / my stpsister secretary in rippe legings rides during lunch break [2025 g, onlyfans.com, teen, Natural Breast, All Sex, Roleplay 1080p, HD] [emilia Shot]",https://d.ptorrents.com/bt/[ptorrents.com].3171291.torrent,magnet:?xt=urn:btih:cef25ad2fa2dfc65a12e5b864f51e5bfe13ea831
478581,"[189.9 MB] Mishan bent Natasha like a turtle / anal creampie for her farting ass [2025, onlyfans.com, teen, Natural Breast, Roleplay, Anal, 1080p, HD] [Natalieflowers]",https://d.ptorrents.com/bt/[ptorrents.com].3170091.torrent,magnet:?xt=urn:btih:48354a42eb1a6f2c0976a2230e468fbe294599ba
478582,"[780.1 MB] [BigTitCreamPie.com / BangBros.com] Tiamaria aka Tia Maria - Massage My Big Tits (05.04.2025) [2025 г., Massage, Ebony, Big Tits, Big Ass, Gonzo, Hardcore, All Sex, Creampie, 480p]",https://d.ptorrents.com/bt/[ptorrents.com].3171761.torrent,magnet:?xt=urn:btih:cde271da32e9bb246bf7c1d34c1ddb369ee2d578
478583,"[780.1 MB] [BigTitCreamPie.com / BangBros.com] Tiamaria aka Tia Maria - Massage My Big Tits (05.04.2025) [2025 г., Massage, Ebony, Big Tits, Big Ass, Gonzo, Hardcore, All Sex, Creampie, 480p]",https://d.ptorrents.com/bt/[ptorrents.com].3171761.torrent,magnet:?xt=urn:btih:cde271da32e9bb246bf7c1d34c1ddb369ee2d578
478584,"[190.72 GB] [AQUA / SexLikeReal.com] Mei Satsuki (Oh Man, My Girlfriend Just Found Out I’ve Super Weak Nipples) [2025 г., Hardcore, Asian, All Sex, VR, 8k, 4096p] [Oculus Rift / Vive]",https://d.ptorrents.com/bt/[ptorrents.com].3170545.torrent,magnet:?xt=urn:btih:63d6225491a038227fc13de4d9ccc62c6945631a
478585,"[2.55 GB] [ItsPOV.com / StepPOV.com] Nata Ocean - The Real Deal [2021-01-19, Cumshot, Footjob, Gonzo, Hardcore, POV, 2160p, SiteRip]",https://d.ptorrents.com/bt/[ptorrents.com].3170837.torrent,magnet:?xt=urn:btih:fb47c1b0c5cdc50a51ab36d9bfbee005ea70df9d
478586,"[167 GB] Graycee Baybee (73 ролика) Pack [2022-2024, Anal, Blonde, Big Tits, Creampie, DAP, DPP, DP, Facial, Gangbang, MILF, Rimming, Swallow, Squirt]",https://d.ptorrents.com/bt/[ptorrents.com].3171760.torrent,magnet:?xt=urn:btih:d6e6ef11855aa433319ffb2a988a6769a4cdf588
478587,"[718.7 MB] Nastya hinted for a long time that it would be time in the ass / Asian Girlfriend in Latex Skirt Vear Panties Again and Seduced for Sex in All Her Holes [2025, Onlyfans.com, Teen, Natural Breast, Ana, Ana, Ana, Ana, Ana, Ana, Ana, Ana, Assad. Roleplay, Anal Creampie, 1080p, HD] [Nastystuf Girl]",https://d.ptorrents.com/bt/[ptorrents.com].3171293.torrent,magnet:?xt=urn:btih:cb630f9981967f118fc35b4deea676182eb7f015
478588,"[1.3 GB] Irresistible Beauties Vol. 7/ irresistible beauties #7 (XAVI Rocka, Private) [2025, Vignettes, All Sex, Coupeles, Hardcore, Straight, Web-Dl, 360p] (Split Scenes) (Le Santos, Lilly Mays , Megan Murkovski, Shelena, Mary Rock)",https://d.ptorrents.com/bt/[ptorrents.com].3170549.torrent,magnet:?xt=urn:btih:38bb955762d24ba3b3af992d514b4d94c6682822
478589,"[3.87 GB] [SexAndSubmission.com / Kink.com] Addison Vodka - Damsel in Distress [2025, BDSM, Bondage, Blonde, Corporal Punishment, Domination, Rope Bondage, Hardcore, Slapping, Spanking, Submission, 1080p]",https://d.ptorrents.com/bt/[ptorrents.com].3170093.torrent,magnet:?xt=urn:btih:144f34c8e6dffd3191d6996349a389d6fea21d4f
478590,"[2.56 GB] [ItsPOV.com / StepPOV.com] Renata Fox - Let's Play A Game [2021-02-23, Anal, Cumshot, Gonzo, Hardcore, POV, 2160p, SiteRip]",https://d.ptorrents.com/bt/[ptorrents.com].3170839.torrent,magnet:?xt=urn:btih:432ac00d272955e5632b5b84d23187e7160877be
478591,"[407.8 MB] [RKPrime.com / RealityKings.com] Lila Hayes - A Rack Like No Other (05.04.2025) [2025 г., Young, Big Tits, Big Ass, Gonzo, Hardcore, All Sex, 480p]",https://d.ptorrents.com/bt/[ptorrents.com].3171764.torrent,magnet:?xt=urn:btih:4285054aa09149165a373be0d9c5a1fc20b536a2
478592,"[407.8 MB] [RKPrime.com / RealityKings.com] Lila Hayes - A Rack Like No Other (05.04.2025) [2025 г., Young, Big Tits, Big Ass, Gonzo, Hardcore, All Sex, 480p]",https://d.ptorrents.com/bt/[ptorrents.com].3171764.torrent,magnet:?xt=urn:btih:4285054aa09149165a373be0d9c5a1fc20b536a2
478593,"[951.4 MB] [Legalporno.com / PornBox.com / PissVids.com] Jureka Del Mar & Kaitlyn Katsaros - Jureka Del Mar & Kaitlyn Katsaros - 100% Hell (Very Rough PISS) PUK3 WARS Hardcore (03.04.2025) [2025 г., GangBang, DAP, DP, Anal, Rimming, Gonzo, Hardcore, 480p]",https://d.ptorrents.com/bt/[ptorrents.com].3171296.torrent,magnet:?xt=urn:btih:16e9014f5a3aa22f84b9b208b32c70017df1c304
478594,"[943.6 MB] [BrazzersExxtra.com / Brazzers.com] Lily Lou & Little Puck - Sex Dollzz (04.04.2025) [2025 г., Threesome, MILF, Interracial, BBC, Big Tits, Gonzo, Hardcore, All Sex, 480p]",https://d.ptorrents.com/bt/[ptorrents.com].3171446.torrent,magnet:?xt=urn:btih:76082662c45d9bbbe5505f770b96cc652f3277ee
478595,"[943.6 MB] [BrazzersExxtra.com / Brazzers.com] Lily Lou & Little Puck - Sex Dollzz (04.04.2025) [2025 г., Threesome, MILF, Interracial, BBC, Big Tits, Gonzo, Hardcore, All Sex, 480p]",https://d.ptorrents.com/bt/[ptorrents.com].3171446.torrent,magnet:?xt=urn:btih:76082662c45d9bbbe5505f770b96cc652f3277ee
478596,"[571.7 MB] [FakeTaxi.com / FakeHub.com] Laura Crystal - My Nearly Step Mom (05.04.2025) [2025 г., MILF, Big Tits, Gonzo, Hardcore, All Sex, 480p]",https://d.ptorrents.com/bt/[ptorrents.com].3171767.torrent,magnet:?xt=urn:btih:7fe487a0dc162be1c30988937ebc70c425481ab3
478597,"[571.7 MB] [FakeTaxi.com / FakeHub.com] Laura Crystal - My Nearly Step Mom (05.04.2025) [2025 г., MILF, Big Tits, Gonzo, Hardcore, All Sex, 480p]",https://d.ptorrents.com/bt/[ptorrents.com].3171767.torrent,magnet:?xt=urn:btih:7fe487a0dc162be1c30988937ebc70c425481ab3
478598,"[14.63 GB] [Hunt4K.com / Vip4K.com] Lexi Luv - While we're Fucking, your Boyfriend's a Ghost [2024-05-20, POV, Blowjob, Ebony, Big Tits, Big Ass, Gonzo, Hardcore, All Sex, Cumshot, African, Facial, Big Nipples, Exotic, Cowgirl, Doggy Style, Cuckold, 2160p]",https://d.ptorrents.com/bt/[ptorrents.com].3170095.torrent,magnet:?xt=urn:btih:0ccbb571f4ad2dc281c7c85ea7bef00032533c66
478599,"[797.4 MB] [LegalPorno.com/PornBox.com] Lady Buxxx- BLACK GANGBANG! Dirty slut Lady Buxxx gets double anal penetration from six black cocks (EKS570)[2025, Gonzo, Hardcore, All Sex, Straight ,Anal, DAP,Gang Bang, 480p]",https://d.ptorrents.com/bt/[ptorrents.com].3170553.torrent,magnet:?xt=urn:btih:0103c9a7e166883911fb685281a8586a63846fb0
478600,"[230.52 GB] [AQUA / SexLikeReal.com] Nonoka Sato (The Ultimate Ejaculation Management for Masochistic Men Who Love Pantyhose) [2024 г., Cumshot Twice, Hardcore, Asian, All Sex, VR, 8k, 4096p] [Oculus Rift / Vive]",https://d.ptorrents.com/bt/[ptorrents.com].3171443.torrent,magnet:?xt=urn:btih:b205f761c63b3bfde1bcead80922be90f2b9466c
478601,"[519.8 MB] [Legalporno.com / PornBox.com / AnalVids.com] Morganita aka Morganita Brux - Pregnant 19 Years Beautiful Brazilian Fucks With 3 Big Dicks (DAP, Anal, Pregnant, 3on1, BBC) OB470 (03.04.2025) [2025 г., GangBang, DAP, Anal, Interracial, BBC, Young, Gonzo, Hardcore, 480p]",https://d.ptorrents.com/bt/[ptorrents.com].3171297.torrent,magnet:?xt=urn:btih:c5f902d9a94fc9c4044f5da9be9127fbf05dda94
478602,"[905.9 MB] [PremiumBukkake.com] Emily Walters #1 Bukkake Cam1 [2025 г.,Bukkake,Gangbang, Blowjobs, Cumshots, Swallow, Hardcore, 720p, SiteRip]",https://d.ptorrents.com/bt/[ptorrents.com].3170841.torrent,magnet:?xt=urn:btih:6a290d8659f7b2878ebc2df912265d0d841a998e
478603,"[16.15 GB] [AnalVids.com / Legalporno.com / PornBox.com] Isabel Rose - DISCOUNT 50%! 5 on 1 Gangbang with sexy mature Isabel Rose gets DAP for the first time by five black cocks (EKS418) [2024, Gonzo, Hardcore, All Sex, Anal, DAP, IR Gang Bang, Cumshot, 4K, 2160p]",https://d.ptorrents.com/bt/[ptorrents.com].3170234.torrent,magnet:?xt=urn:btih:4e40a5243a2165932594ddbec3703b6d876c3d2d
478604,"[594.4 MB] [WeAreHairy.com] Stasy Starando - Stasy Starando Masturbates On Her Sofa [2025.01.22, Teen, Solo, Masturbation, Hairy, 1080p]",https://d.ptorrents.com/bt/[ptorrents.com].3170386.torrent,magnet:?xt=urn:btih:955492641932ac71d1b2d08841847e5b4230d3d6
478605,"[513 MB] [Holed.com] Quinn Saint - Plugged Pleasure (04.04.2025) [2025 г., Anal, Gonzo, Hardcore, Anal Creampie, 480p]",https://d.ptorrents.com/bt/[ptorrents.com].3171769.torrent,magnet:?xt=urn:btih:1c2d8b346399c1351014a6e321d6d99ac3465fd3
478606,"[513 MB] [Holed.com] Quinn Saint - Plugged Pleasure (04.04.2025) [2025 г., Anal, Gonzo, Hardcore, Anal Creampie, 480p]",https://d.ptorrents.com/bt/[ptorrents.com].3171769.torrent,magnet:?xt=urn:btih:1c2d8b346399c1351014a6e321d6d99ac3465fd3
478607,"[2.25 GB] [LegalPorno.com/ PornBox.com]Baby Doll - Small Cutie Miami (formerly a.k.a. Baby Doll) ANAL TRAINING, Sloppy deepthroat, Rimming, Cum in mouth [2025, Gonzo, Hardcore, All Sex, Straight ,Anal , 1080p]",https://d.ptorrents.com/bt/[ptorrents.com].3170552.torrent,magnet:?xt=urn:btih:81dd63227aebb50cef8b2b4d2e84da8bab1e924f
478608,"[718.2 MB] Uncle wanted to abuse the busty girls / Violet Myers and Arabelle Rapheal Huge Tit and Massive Ass Milk Cock [2025, Mrluckypov.com, Teen, Big Natural Breast, All Sex, Group, Pov, Pov, Pov, Pov, Pov, Pov, Pov, Pov, Pov Roleplay, 1080p, HD] [Violet Myers, Arbelle Rapheal]",https://d.ptorrents.com/bt/[ptorrents.com].3170097.torrent,magnet:?xt=urn:btih:12594f95e7cbdf24850040f8ad47cd052d70e2b2
478609,"[17.29 GB] [MissLexaVR / SexLikeReal.com] Miss Lexa - Famous Rapper Fucks Me In His Rolls Royce [2025, Big Ass, Big Tits, Blowjob, Cowgirl, Doggy Style, Missionary, NonPOV, Outdoor, Piercing, Pussy Licking, Reverse Cowgirl, Sex In Car, Shaved Pussy, Sitting, Tanlines, Virtual Reality, SideBySide, 8K, 3840p, SiteRip] [Oculus Rift / Quest 2 / Vive]",https://d.ptorrents.com/bt/[ptorrents.com].3171136.torrent,magnet:?xt=urn:btih:ff454c88b1f24f64d0a60c54b6f01bfaaed8cc53
478610,"[7.13 GB] Imamura Yumi - A Naturally Cheerful Person, The Art School Where She Works Is Always Filled With Smiles Yumi Imamura, 34 Years Old, An Amateur Married Woman Makes Her AV Debut [SDNM-509] (Kyousei, SOD Create) [cen] [2025 г., 4K, Amateur, Documentary, Blow, Debut Production, Married Woman, Solowork, HDRip] [1080p]",https://d.ptorrents.com/bt/[ptorrents.com].3171770.torrent,magnet:?xt=urn:btih:867f39b6722473cd0f5043ed1838b297233b41be
478611,"[432.8 MB] [PrincessCum.com / Nubiles-Porn.com] 2025-03-30 Demi Hawks - You Got Me Pregnant Stepbro [All Sex, Handjob, Blowjob, POV, Blonde, Long Hair, Shaved Pussy, Cowgirl, Missionary, Creampie] [4000x6000 - 6000x4000, 94 photos]",https://d.ptorrents.com/bt/[ptorrents.com].3170389.torrent,magnet:?xt=urn:btih:a5367c9306772719fa398abf0aaedb4beb3b3ab0
478612,"[1.01 GB] [DickDrainers.com] Nico Luva aka Nicole Luva (Pretty Girl Just Turned 19 So She Ready To Have Fun) [2025-03-20, Gonzo, Interracial, Straight, Teen, Big Ass, Deep Throat, Gagging, Rimming, Slap, Spit, 480p]",https://d.ptorrents.com/bt/[ptorrents.com].3170099.torrent,magnet:?xt=urn:btih:f31c1cba0b250d3fa94b355be712c4fa7f46c644
478613,"[1.01 GB] [DickDrainers.com] Nico Luva aka Nicole Luva (Pretty Girl Just Turned 19 So She Ready To Have Fun) [2025-03-20, Gonzo, Interracial, Straight, Teen, Big Ass, Deep Throat, Gagging, Rimming, Slap, Spit, 480p]",https://d.ptorrents.com/bt/[ptorrents.com].3170099.torrent,magnet:?xt=urn:btih:f31c1cba0b250d3fa94b355be712c4fa7f46c644
478614,"[830.4 MB] Heaven's Anal Gateway / Анальные врата рая (Dave Cummings / Tight Ends) [1997 г., All Sex, Facial, Anal, DVDRip] (Carolina, Mia Ciccero, Nellie Pierce, Phaedra, Shay Sweet, Brian Surewood, Dave Cummings, Dave Goodhead, Rod Fontana, Ron Jeremy, Steve Hatcher, Tim White)",https://d.ptorrents.com/bt/[ptorrents.com].3170842.torrent,magnet:?xt=urn:btih:0eee6bda4abc2c4e5c1cec00271038c868df2595
478615,"[650.8 MB] [WeAreHairy.com] Stasy Starando - Stasy Starando Awakens To Masturbate In Bed [2025.02.16, Teen, Solo, Masturbation, Hairy, 1080p]",https://d.ptorrents.com/bt/[ptorrents.com].3170387.torrent,magnet:?xt=urn:btih:f63b89f86270d2d30141464f7ac20c4ed133d132
478616,"[427 MB] [BrazzersExxtra.com / Brazzers.com] Chloe Surreal - TrimZZ Episode 2 (04.04.2025) [2025 г., Young, Big Tits, Gonzo, Hardcore, All Sex, 480p]",https://d.ptorrents.com/bt/[ptorrents.com].3171449.torrent,magnet:?xt=urn:btih:a3e1783578fd0391d29452f57e5f41903f55f41a
478617,"[427 MB] [BrazzersExxtra.com / Brazzers.com] Chloe Surreal - TrimZZ Episode 2 (04.04.2025) [2025 г., Young, Big Tits, Gonzo, Hardcore, All Sex, 480p]",https://d.ptorrents.com/bt/[ptorrents.com].3171449.torrent,magnet:?xt=urn:btih:a3e1783578fd0391d29452f57e5f41903f55f41a
478618,"[115.1 MB] [PremiumBukkake.com] Perla #1 - Behind The Scenes – Goodbye Cumshot [2024 г., Bukkake, Gangbang, Blowjobs, Cumshots, Swallow, Hardcore, 1080p]",https://d.ptorrents.com/bt/[ptorrents.com].3170100.torrent,magnet:?xt=urn:btih:7cba4875d04f2b063c8393601ad005ca0507b4d8
478619,"[1.53 GB] [LegalPorno.com/PornBox.com] Lady Buxxx- BLACK GANGBANG! Dirty slut Lady Buxxx gets double anal penetration from six black cocks (EKS570)[2025, Gonzo, Hardcore, All Sex, Straight ,Anal, DAP,Gang Bang, 720p]",https://d.ptorrents.com/bt/[ptorrents.com].3170555.torrent,magnet:?xt=urn:btih:7877fdb15ea01a09e0847e665e6d3a47a20ee5aa
478620,"[465.7 MB] [MySistersHotFriend.com / NaughtyAmerica.com] Selina Imai (Virgin babe Selina Imai gets her pussy stretched for the first time / 32880) [2025-03-29, BBC, Interracial, Latina, Natural Tits, All Sex, Straight, Oral Sex, My Sister's Hot Friend, Naughty America, Sexy, 480p, SiteRip]",https://d.ptorrents.com/bt/[ptorrents.com].3170102.torrent,magnet:?xt=urn:btih:912b3a88f8b7c9e266afb9bae3c6915192e74cd9
478621,"[465.7 MB] [MySistersHotFriend.com / NaughtyAmerica.com] Selina Imai (Virgin babe Selina Imai gets her pussy stretched for the first time / 32880) [2025-03-29, BBC, Interracial, Latina, Natural Tits, All Sex, Straight, Oral Sex, My Sister's Hot Friend, Naughty America, Sexy, 480p, SiteRip]",https://d.ptorrents.com/bt/[ptorrents.com].3170102.torrent,magnet:?xt=urn:btih:912b3a88f8b7c9e266afb9bae3c6915192e74cd9
478622,"[3.06 GB] [ItsPOV.com / StepPOV.com] Mona Blue - When Your Step-Daughter Has A Crush On You [2021-03-30, Cumshot, Footjob, Gonzo, Hardcore, POV, 2160p, SiteRip]",https://d.ptorrents.com/bt/[ptorrents.com].3170840.torrent,magnet:?xt=urn:btih:7049b183a6f18b693caeaeebc674f11605fd454a
478623,"[20.73 GB] [FuckPassVR.com] Hazel Moore, Scarlett Alexis, Anna De Ville, Micky Muffin, Lucy Mendez, Athenea Rose, Giulia Diamond, Ria Sunn (Best Anal Adventures Vol.2) [2025 г., Compilation, Anal, Ass Licking Rimming, Hardcore, All Sex, VR, 8k, 3840p] [Oculus Rift / Vive]",https://d.ptorrents.com/bt/[ptorrents.com].3170554.torrent,magnet:?xt=urn:btih:470d6d820ed12c9056b84cb8703f8be463c35054
478624,"[13.14 GB] [AnalVids.com / Legalporno.com / PornBox.com] Violet - BLACK GANGBANG 5 on 1 DPP DAP TP TVP TAP! Total destruction of sexy babe Violet (EKS397) [2024, Gonzo, Hardcore, All Sex, Anal, DAP, Gang Bang, BBC, Interracial, Cumshot, 4K, 2160p]",https://d.ptorrents.com/bt/[ptorrents.com].3170688.torrent,magnet:?xt=urn:btih:af016366303f8ad3328d6791a715accaf80b484b
478625,"[3.16 GB] [FakeTaxi.com / FakeHub.com] Alexa Throat - I can't believe he stood YOU up! (10562581) [2024-12-16, Amateur, Athletic, Bald Pussy, Blowjob, Cumshot Clean-Up, Czech, Doggystyle - Standing, Facial, Kissing, Medium Tits, Missionary, Natural Tits, Outdoor Sex, Outie Pussy, Piercing, POV, Reverse Cowgirl, Small Ass, Spoon, Tattoo, Work Fantasies, 1080p]",https://d.ptorrents.com/bt/[ptorrents.com].3170238.torrent,magnet:?xt=urn:btih:6ff22441169333188b65ff2685f4d6f969625d81
478626,"[2.81 GB] [LoveHerFeet.com] Gal Ritchie - Gaining New Fans [2024 г., Foot-Fetish, Footjob, Foot, Feet, Foot Worship 1080p]",https://d.ptorrents.com/bt/[ptorrents.com].3170392.torrent,magnet:?xt=urn:btih:fcc9228fcde87eb6f27516d01be1dd217cc11e83
478627,"[929.8 MB] [JacquieEtMichelTV.net] Lisa Amàne (Lisa, 33 years old, an incredible thirst for sex! / 2023-05-24) [2023 г., Amateur, Big Tits, Blonde, Blowjob, Casting, Cum in mouth, Deep Throat, European, Footjob, Hardcore, High Heels, Italy, MILF, Piercing, Shaved, Squirting, Stockings, Tattoos, 1080p]",https://d.ptorrents.com/bt/[ptorrents.com].3170391.torrent,magnet:?xt=urn:btih:df7ef83167b85defc4519fca3a2b065eb9f7caf0
478628,"[268.2 MB] [SexMex.xxx] Nicole Zurich (Sexy Nurse Looking For A Job) [2025 г., Hardcore, Big Ass, All Sex, 480p]",https://d.ptorrents.com/bt/[ptorrents.com].3171005.torrent,magnet:?xt=urn:btih:9477d9474b92eaf3b90baa003b4d35bfd380f559
478629,"[268.2 MB] [SexMex.xxx] Nicole Zurich (Sexy Nurse Looking For A Job) [2025 г., Hardcore, Big Ass, All Sex, 480p]",https://d.ptorrents.com/bt/[ptorrents.com].3171005.torrent,magnet:?xt=urn:btih:9477d9474b92eaf3b90baa003b4d35bfd380f559
478630,"[856.9 MB] [LegalPorno.com/PornBox.com] Cristina Starr - 100% Hell(very rough scene) with anal fisting & piss[2025, Gonzo, Hardcore, All Sex, Straight ,Anal, DAP,Gang Bang,Piss 480p]",https://d.ptorrents.com/bt/[ptorrents.com].3170557.torrent,magnet:?xt=urn:btih:8c896b547a18bf1603944c22d395326319cbecb2
478631,"[489.3 MB] [MomIsHorny.com / BangBros.com] Elise London - Birthday Anal (04.04.2025) [2025 г., Anal, MILF, Big Tits, Gonzo, Hardcore, 480p]",https://d.ptorrents.com/bt/[ptorrents.com].3171452.torrent,magnet:?xt=urn:btih:a436c8de181d621a0824572117ff3e9d2df626cc
478632,"[489.3 MB] [MomIsHorny.com / BangBros.com] Elise London - Birthday Anal (04.04.2025) [2025 г., Anal, MILF, Big Tits, Gonzo, Hardcore, 480p]",https://d.ptorrents.com/bt/[ptorrents.com].3171452.torrent,magnet:?xt=urn:btih:a436c8de181d621a0824572117ff3e9d2df626cc
478633,"[2.24 GB] Crack Her Jack 6 / Взломай Ее Задницу 6 (John Leslie, Evil Angel) [2006 г., Gonzo, Anal, DP, Facial, DVDRip] (Ann Marie Rios, Carla Denise, Elizabeth Del Mar, Niki Blond, Roxanne Keys, Sarah James, Susanna, Susanna White, Viktoria Blonde, Choky Ice, Matt Bird, Mick Blue, Roly Reeves, Sledge Hammer, Steve Holmes, Zenza Raggi)",https://d.ptorrents.com/bt/[ptorrents.com].3170844.torrent,magnet:?xt=urn:btih:d8cb1793902f40165b39ae8bf986c18d551cdfde
478634,"[2.54 GB] [EvilAngel.com] Lunna Guedes - TS LUNNA GUEDES Anal Date With Stud (02.04.2025) [2025 г., Shemale, Hardcore, Rimming, Blowjob, Anal, Bareback, 1080p]",https://d.ptorrents.com/bt/[ptorrents.com].3171006.torrent,magnet:?xt=urn:btih:2854bd9fa8ba8be635164c51c0d0daf3b69a43cf
478635,"[10.63 GB] Mei Miyajima Enjoys All The Miyajima Juice With Her Exquisite Body Covered In Body Fluids And Sweat And Drool [START-219] (Chiku Brother, SOD Create) [cen] [2024 г., 4K, Beautiful Girl, High Definition, Lewd/Hardcore, Solo Work, Squirting, Sweaty, Sauna, HDRip] [2160p]",https://d.ptorrents.com/bt/[ptorrents.com].3171584.torrent,magnet:?xt=urn:btih:d6cad29b09635b6f4b0bc0edbfe936342b6c93e0
478636,"[979 MB] [Yngr.com / Bang! Originals / Bang.com] Juniper Ren - Petite Juniper Ren Takes A Cock Half The Size Of Her (04.04.2025) [2025 г., Young, Interracial, BBC, Gonzo, Hardcore, All Sex, 540p]",https://d.ptorrents.com/bt/[ptorrents.com].3171455.torrent,magnet:?xt=urn:btih:cb05ac82e12430d2142064053c34ba42a699915d
478637,"[979 MB] [Yngr.com / Bang! Originals / Bang.com] Juniper Ren - Petite Juniper Ren Takes A Cock Half The Size Of Her (04.04.2025) [2025 г., Young, Interracial, BBC, Gonzo, Hardcore, All Sex, 540p]",https://d.ptorrents.com/bt/[ptorrents.com].3171455.torrent,magnet:?xt=urn:btih:cb05ac82e12430d2142064053c34ba42a699915d
478638,"[865.8 MB] [EvilAngel.com] Lunna Guedes - TS LUNNA GUEDES Anal Date With Stud (02.04.2025) [2025 г., Shemale, Hardcore, Rimming, Blowjob, Anal, Bareback, 544p]",https://d.ptorrents.com/bt/[ptorrents.com].3171008.torrent,magnet:?xt=urn:btih:5c5b5e89b1a879b2a407fbb828e33ae4d7f56ae0
478639,"[1.31 GB] [EvilAngel.com] Lunna Guedes - TS LUNNA GUEDES Anal Date With Stud (02.04.2025) [2025 г., Shemale, Hardcore, Rimming, Blowjob, Anal, Bareback, 720p]",https://d.ptorrents.com/bt/[ptorrents.com].3171007.torrent,magnet:?xt=urn:btih:b2e7c7eced266c7109b60f98a118d50fb55d88f9
478640,"[461.1 MB] [Onlyfans.com] The Country Hotwife - Black Trainer For White Wife [2024-07-19, Amateur, BBC, Big Cock, Cuckold, Doggystyle, Interracial, Natural Tits, 1440p, SiteRip]",https://d.ptorrents.com/bt/[ptorrents.com].3170103.torrent,magnet:?xt=urn:btih:e180c5a92a065055392a48a576f2b95fffc506bc
478641,"[945.3 MB] [Legalporno.com / PornBox.com / PissVids.com] Nuria Millan - Horny Secretary Wet, Nuria Millan, 4on1, Mixed Boys, Anal Fisting, ATM, DAP, Deepthroat, Manhandle, No Pussy, Rough Sex, Big Gapes, ButtRose, Pee Cocktail/Drink/Shower, Squirt, Creampie Swallow AH061 (03.04.2025) [2025 г., GangBang, DAP, Anal, Interracial, BBC, Gonzo, Hardcore, 480p]",https://d.ptorrents.com/bt/[ptorrents.com].3171300.torrent,magnet:?xt=urn:btih:a933de890cee638217c2633949d5e5be0fbafabd
478642,"[3.16 GB] [LegalPorno.com/PornBox.com] Lady Buxxx- BLACK GANGBANG! Dirty slut Lady Buxxx gets double anal penetration from six black cocks (EKS570)[2025, Gonzo, Hardcore, All Sex, Straight ,Anal, DAP,Gang Bang, 1080p]",https://d.ptorrents.com/bt/[ptorrents.com].3170556.torrent,magnet:?xt=urn:btih:0d1996b8122fb6d1788105b156fd3710d346e830
478643,"[388.1 MB] Kutoma was forced to have sex / WTF! My stpsister is on a Porn Site - this is real [2025, Pornhub / cumatozze.com, teen, Big Natural Breast, All Sex, Roleplay 1080p, HD] [Cumatozz, Cumatozze]",https://d.ptorrents.com/bt/[ptorrents.com].3171301.torrent,magnet:?xt=urn:btih:4e3a1ad83577cfa834f9b528e82bfcf041eb20a5
478644,"[12.8 GB] [PornWorld.com] Kitana Lure - Cock Hungry Kitana Lure Enjoys BBC DP Threesome While On Vacation [2025-04-05, Anal, BBC, Big Cock, Big Tits, DP, Gonzo, Hardcore, Interracial, Threesome (MMF), 2160p, SiteRip]",https://d.ptorrents.com/bt/[ptorrents.com].3171775.torrent,magnet:?xt=urn:btih:d90443f7b9cccde2b68ed4472a1bdeec87463c99
478645,"[6.35 GB] Mana Izumi, Meru Ayase, Nene Asami, Yuko Anzai (Natsu Suzuki), Ringo Aoi - Kira Kira Black Gal Special - Black Gal Ward Wicked Little Nurse Sublime Big Orgy [KISD-054] [kira*kira] [cen] [2011 г., Nurse, Gal, Orgy, Sex Toys, Creampie, WEB-DL] [1080p]",https://d.ptorrents.com/bt/[ptorrents.com].3171589.torrent,magnet:?xt=urn:btih:ad9d1bb9c02907994620ee05c48d46644e755381
478646,"[2.37 GB] [ItsPOV.com / StepPOV.com] Amber (Amber Blush, Amber B) - Attention Seeker Step-Daughter [2021-01-05, Cumshot, Footjob, Gonzo, Hardcore, POV, 2160p, SiteRip]",https://d.ptorrents.com/bt/[ptorrents.com].3170843.torrent,magnet:?xt=urn:btih:25421d3ee29b391bb72acbba1b1ad0e016eff00f
478647,"[340 MB] [MassageRooms.com / SexyHub.com] Paola Guerra & Katty Soarez - ASMR: The Sounds Of Sex (04.04.2025) [2025 г., Lesbian, Massage, MILF, Big Tits, Kissing, Pussy Licking, Rimming, Masturbation, Orgasm, 480p]",https://d.ptorrents.com/bt/[ptorrents.com].3171458.torrent,magnet:?xt=urn:btih:537ef6ee58377f24c8ee7d32acf105563f53e253
478648,"[340 MB] [MassageRooms.com / SexyHub.com] Paola Guerra & Katty Soarez - ASMR: The Sounds Of Sex (04.04.2025) [2025 г., Lesbian, Massage, MILF, Big Tits, Kissing, Pussy Licking, Rimming, Masturbation, Orgasm, 480p]",https://d.ptorrents.com/bt/[ptorrents.com].3171458.torrent,magnet:?xt=urn:btih:537ef6ee58377f24c8ee7d32acf105563f53e253
478649,"[57.21 GB] Asian Domestic Zone Self Filmed Pack 055 (87 videos) [All Sex, Amateur, Asian, Blowjob, Brunette, Cosplay, Couples, Creampie, Doggystyle, Hardcore, Lesbian, OnlyFans, Skinny, Stockings, Teen, Voyeur, 480p, 540p, 720p, 1080p, 2160p, CamRip]",https://d.ptorrents.com/bt/[ptorrents.com].3171295.torrent,magnet:?xt=urn:btih:198ed550f1e5a826812a40818c32c1ef0ace8e61
478650,"[481.2 MB] The princess is learning from the Second Brother Azam / Stepbrother Help Me Surprise My Boyfriend! I Want to Become More Experienced in this [2025, Pornhub.com, Teen, Natural Breast, All Sex, Roleplay 1080p, HD] [Elina Lizz, Jonny]",https://d.ptorrents.com/bt/[ptorrents.com].3170106.torrent,magnet:?xt=urn:btih:e85291b195ebeb339c4ea0db6fb0da30e88a0c26
478651,"[15.06 GB] The feminine mystique 1,2,3 / женская мистика (LEBA) [2019-2020 г., Lesbian, Naturally Busty, Petite, Vod, 1080p] Donna, Bambolla Bambolla, Sunny Honey, Ane Darling, Barbara Bieber, Canala Skin, Cassie Del Isla, Kiara Strong, Lana Seymour, Victoria Puppy, Violetta)",https://d.ptorrents.com/bt/[ptorrents.com].3171304.torrent,magnet:?xt=urn:btih:8d454061c61d99aeef11b30eecbb0c7f645676f0
478652,"[1.37 GB] [MetArt.com] 2025-04-04 Karolina - Magnetic Mischief, Jessica Blank - Wild Thoughts, Chloe Lapiedra - Seduction Game, Freya Mayer - Serene Sanctuary [Solo, Posing, Glamour] [4032x6048-5464x8192, 500 фото]",https://d.ptorrents.com/bt/[ptorrents.com].3171590.torrent,magnet:?xt=urn:btih:98a5e1d607da7d2aa660e651e6c7a616a3faac45
478653,"[2.09 GB] Bratty Sis 18 (Nubiles) [2024 г., All Sex, WEB-DL, 720p] (Leana Lovings, Myra Glasford, Britt Blair, Jay Romero, Quinton James, Lya Cutie)",https://d.ptorrents.com/bt/[ptorrents.com].3171779.torrent,magnet:?xt=urn:btih:92f6a4d11e121fd7aaa9e45b7cd37e058b9a77d6
478654,"[316.9 MB] [RealityJunkies.com] Cherry Kiss - My Dirty Hot Wife 3 - Nasty Horny Wife Wants Cock (04.04.2025) [2025 г., MILF, Gonzo, Hardcore, All Sex, 480p]",https://d.ptorrents.com/bt/[ptorrents.com].3171461.torrent,magnet:?xt=urn:btih:a7f6ce8069e48c27f432309a6d6287d44f49ca6d
478655,"[316.9 MB] [RealityJunkies.com] Cherry Kiss - My Dirty Hot Wife 3 - Nasty Horny Wife Wants Cock (04.04.2025) [2025 г., MILF, Gonzo, Hardcore, All Sex, 480p]",https://d.ptorrents.com/bt/[ptorrents.com].3171461.torrent,magnet:?xt=urn:btih:a7f6ce8069e48c27f432309a6d6287d44f49ca6d
478656,"[1.1 GB] [JoyMii] Simona - The Pleasure Inside (AKA: Bozena, Elance A, Izabella, Krissa, Laura, Lenka, Silvia De Lux, Silvia Deluxe, Silvie De Lux) [2013-06-22, Big Cock, Big Tits, Blowjob, Cunnilingus, Shaved, 1080p]",https://d.ptorrents.com/bt/[ptorrents.com].3170107.torrent,magnet:?xt=urn:btih:1433d30a8183355f8a92f12ba0a962413694a5e6
478657,"[1.51 GB] Doin' The Ritz / Die Mädchen vom Hotel Ritz / Отель ""Ритц"" (Jim Enright, Pleasure Productions) [1997 г., Feature, Anal, Facial, DVDRip] (Nici Sterling, Tatiana (as Tatianna), Davia Ardell, Shanna McCullough, Alexandra Silk, Krista Maze, Wilde Oscar, Tony Tedeschi, Peter North, Jonathan Morgan, Dave Hardman)",https://d.ptorrents.com/bt/[ptorrents.com].3171306.torrent,magnet:?xt=urn:btih:c84883f4a102922a8257c33c8d2a8caf847bd53e
478658,"[12.54 GB] [Chaturbate.com] FoxyIrene (10 роликов) Pack [2021-2023, Amateur, Shemale, RedHead, Solo, Masturbation, WebCam, 480p, 720p, 1080p]",https://d.ptorrents.com/bt/[ptorrents.com].3170846.torrent,magnet:?xt=urn:btih:27a172d883201cae933d3c693d1c8e6b9903512a
478659,"[2.85 GB] [ItsPOV.com / StepPOV.com] Lilu Moon And Liv Revamped - Quarreling Step-Sisters [2021-02-02, Anal, Cumshot, Gonzo, Hardcore, POV, Threesome (FFM), 2160p, SiteRip]",https://d.ptorrents.com/bt/[ptorrents.com].3170845.torrent,magnet:?xt=urn:btih:bfd2d1c6a941b452f22ca433e237d0f500f99c8a
478660,"[7.18 GB] [AnalVids.com / Legalporno.com / PornBox.com / Vira Gold Films] Violet Vg Films aka Violet, Violet Clarke - Monster Cock Crush Round Ass Violet With Gape And Cum In Mouth VG301 (15.12.2023) [2023 г., Anal, Gonzo, Hardcore, Cumshot, 4K, 2160p]",https://d.ptorrents.com/bt/[ptorrents.com].3170690.torrent,magnet:?xt=urn:btih:b1090d65220ed67bd90d28278027f5e3421adb1a
478661,"[422.8 MB] [MyPervyFamily.com] Kira Fox - Show Me A Sign (29.03.2025) [All Sex, Hardcore, Gonzo]",https://d.ptorrents.com/bt/[ptorrents.com].3170109.torrent,magnet:?xt=urn:btih:89ef37ca55461a43cebaea024a4d9c883445981a
478662,"[422.8 MB] [MyPervyFamily.com] Kira Fox - Show Me A Sign (29.03.2025) [All Sex, Hardcore, Gonzo]",https://d.ptorrents.com/bt/[ptorrents.com].3170109.torrent,magnet:?xt=urn:btih:89ef37ca55461a43cebaea024a4d9c883445981a
478663,"[2.31 GB] Bratty Sis 19 (Nubiles) [2025 г., All Sex, WEB-DL, 720p] (Anya Olsen, Lulu Chu, Renee Rose, Rissa May, Jay Romero)",https://d.ptorrents.com/bt/[ptorrents.com].3171780.torrent,magnet:?xt=urn:btih:1d64676b125e75238dba0b5f9cdbffb62d1c1ce3
478664,"[2.06 GB] Dance Fire / оненный танец (John Stagliano, Evil Angel) [1989 г., Classic, IR, Anal, Facial, Dvdrip] (Brandy Alexandre, Champagne, Kathleen Gentry (AS Kathleen Jentry), Nina Deponca (AS Nina de Ponca), Stephanie Rage, Trinity Loren, Trinity Loren, Dave Bolden (As Giovanni Mendez), John Stagliano, Rick Daniels, Rod Garetto)",https://d.ptorrents.com/bt/[ptorrents.com].3170691.torrent,magnet:?xt=urn:btih:04c59f0dc9ec01e0551de7360a9950fef3486938
478665,"[3.38 GB] [LegalPorno.com/PornBox.com] Cristina Starr - 100% Hell(very rough scene) with anal fisting & piss[2025, Gonzo, Hardcore, All Sex, Straight ,Anal, DAP,Gang Bang,Piss 1080p]",https://d.ptorrents.com/bt/[ptorrents.com].3170560.torrent,magnet:?xt=urn:btih:6c01e6bf58ceda722929c3b6bbcb4bc2f1520020
478666,"[508.2 MB] [FilthyPOV.com / FilthyKings.com] Juniper Ren - Helping Her Stretch (29.03.2025) [All Sex, Hardcore, Gonzo]",https://d.ptorrents.com/bt/[ptorrents.com].3170110.torrent,magnet:?xt=urn:btih:a436ad1cce39cef5592f87e6bb5f1e8893aff535
478667,"[508.2 MB] [FilthyPOV.com / FilthyKings.com] Juniper Ren - Helping Her Stretch (29.03.2025) [All Sex, Hardcore, Gonzo]",https://d.ptorrents.com/bt/[ptorrents.com].3170110.torrent,magnet:?xt=urn:btih:a436ad1cce39cef5592f87e6bb5f1e8893aff535
478668,"[421 MB] Come on, while your parents are not at home / okay, but let’s make it fast, stpbro! [2025, Pornhub, Teen, Big Natural Breast, All Sex, Roleplay 1080p, HD] [Cumatozz, Cumatozze]",https://d.ptorrents.com/bt/[ptorrents.com].3170108.torrent,magnet:?xt=urn:btih:b906b106fbb1b57bc64035b85f5770ead40600ef
478669,"[592.1 MB] [PropertySex.com] Nikki Nicole - Crush On Mom's Ex-Boyfriend (04.04.2025) [2025 г., Young, Gonzo, Hardcore, All Sex, Creampie, 480p]",https://d.ptorrents.com/bt/[ptorrents.com].3171464.torrent,magnet:?xt=urn:btih:5ca1933b737ac6f7a831ef38d3a0737ed31e92a6
478670,"[592.1 MB] [PropertySex.com] Nikki Nicole - Crush On Mom's Ex-Boyfriend (04.04.2025) [2025 г., Young, Gonzo, Hardcore, All Sex, Creampie, 480p]",https://d.ptorrents.com/bt/[ptorrents.com].3171464.torrent,magnet:?xt=urn:btih:5ca1933b737ac6f7a831ef38d3a0737ed31e92a6
478671,"[609.4 MB] [Brazil] Anetta Keys: Madness of a ""Czech"" in Brazil / Anetta Keys: Czech of a Czech in Brazil (Paul Snake, Sexxxy) [2005 г, Anal, Big Ass, All Sex, DVDRip] (Tamiry Chiavari, Agatha Rangel, Abigail Fantini, Aneta Keys, Carol Fonseca)",https://d.ptorrents.com/bt/[ptorrents.com].3171782.torrent,magnet:?xt=urn:btih:39e55502260af5f5f7e27f38587603df533ff1b7
478672,"[14.11 GB] [SexArt.com] Sata Jones - Dusk [2025-03-30, Big Tits, Couples, Creampie, Fingering, Hairy, Glamour, Redhead, Russian Girls, Straight, 2160p, SiteRip]",https://d.ptorrents.com/bt/[ptorrents.com].3171592.torrent,N/A
478673,"[3.27 GB] My Black Step Sis 2 (BangBros) [2025 г., All Sex, WEB-DL, 720p] (Adriana Maya, Jamie Marleigh, Lily Starfire, Mimi Curvaceous, Numi Zarah)",https://d.ptorrents.com/bt/[ptorrents.com].3171781.torrent,magnet:?xt=urn:btih:bb3d18578add787277083ccd69c8a5c71f90bd20
478674,"[5.59 GB] MINAMO - Time-Stop Rec The Whole Story Of A Super Popular Influencer’s Sex With A Homeless Creepy Old Man [START-265] (SOD Create) [cen] [2025 г., Big Tits, Drama, Time Stop, Gangbang, Old Man, Homeless, HDRip] [1080p]",https://d.ptorrents.com/bt/[ptorrents.com].3170693.torrent,magnet:?xt=urn:btih:b71e084d2cc11cdc9227b3d7ff69fe38d962ce3f
478675,"[423.1 MB] [BrazzersExxtra.com / Brazzers.com] Alexis Fawx - Nuru Massage Tease Goes Too Far (30.03.2025) [2025 г., MILF, Massage, Big Tits, Gonzo, Hardcore, All Sex, 480p]",https://d.ptorrents.com/bt/[ptorrents.com].3170245.torrent,magnet:?xt=urn:btih:03ec5e1dbc24b58b0871d4541b1cbea58785b156
478676,"[423.1 MB] [BrazzersExxtra.com / Brazzers.com] Alexis Fawx - Nuru Massage Tease Goes Too Far (30.03.2025) [2025 г., MILF, Massage, Big Tits, Gonzo, Hardcore, All Sex, 480p]",https://d.ptorrents.com/bt/[ptorrents.com].3170245.torrent,magnet:?xt=urn:btih:03ec5e1dbc24b58b0871d4541b1cbea58785b156
478677,"[2.44 GB] Amateur / Unknown - 20 Years Old, G-Cup Titties, A Mother Of Two Children. Aika-san Her Adult Video Debut!! [JUL-510] (Mamezawa Mametarou, Madonna) [cen] [2021 г., MILF, Married Woman, Big Tits, Documentary, Debut, HDRip] [720p]",https://d.ptorrents.com/bt/[ptorrents.com].3170396.torrent,magnet:?xt=urn:btih:acee80a3adfab413c50113343d2893d304af097b
478678,"[569.5 MB] [Tiny4K.com] Clara Trinity - Foxy Asian Spinner (03.04.2025) [2025 г., Young, Gonzo, Hardcore, All Sex, Creampie, 480p]",https://d.ptorrents.com/bt/[ptorrents.com].3171467.torrent,magnet:?xt=urn:btih:583e241a20110608139c4ed14e6e164af22ed865
478679,"[569.5 MB] [Tiny4K.com] Clara Trinity - Foxy Asian Spinner (03.04.2025) [2025 г., Young, Gonzo, Hardcore, All Sex, Creampie, 480p]",https://d.ptorrents.com/bt/[ptorrents.com].3171467.torrent,magnet:?xt=urn:btih:583e241a20110608139c4ed14e6e164af22ed865
478680,"[2.04 GB] Коллекция видео Lit Silium (Litsilium) / Animated Collection by Lit Silium (Litsilium) [2024, 2DCG, Vaginal Sex, Lesbian, Oral Sex, Group Sex, Masturbation, Multiple Pentration, Big Tits, Animated]",https://d.ptorrents.com/bt/[ptorrents.com].3170112.torrent,magnet:?xt=urn:btih:890be202328d1de87d94b9e60fd27d6da3ab1c5f
478681,"[788.2 MB] [Transfixed.com / AdultTime.com] Kasey Kei, Liz Jordan - Bottoming For The Birthday Girl (02-04-2025) (Adulttime) [Feature, Kissing, Blowjob, Big Tits, Fake Tits, Asslicking, Rimming, Cunnilingus, Femdom, Strapon, Shemale On Female, No Condom, Creampie, 1080p, SiteRip]",https://d.ptorrents.com/bt/[ptorrents.com].3171138.torrent,magnet:?xt=urn:btih:07c028698131c84a486209bcf8f6e64c5a00cc02
478682,"[6.06 GB] Kagari Mai, Tenma Yui, Fukuda Momo, Onodera Mai, Kononoba Erika - A Paradise For Beautiful Legs, Where Female Bosses Tease Them In Sweaty Black Pantyhose Worn All Day [DHLD-015] (Office K S) [cen] [2025 г., Nasty, Hardcore, Slut, Footjob, Pantyhose, Harem, HDRip] [1080p]",https://d.ptorrents.com/bt/[ptorrents.com].3170694.torrent,magnet:?xt=urn:btih:231e9f8c74e3952d76b93e8dd6c2a33123d48ee6
478683,"[3.08 GB] My Black Step Sis (BangBros) [2022 г., BBC, Black Woman, Erotic Vignette, Ethnic, Family Roleplay, Interracial, Big Dick, Big Tits, WEB-DL, 720p] (Asteria Diamond, Cecilia Lion, Destiny Cruz, Hazel Grace)",https://d.ptorrents.com/bt/[ptorrents.com].3171783.torrent,magnet:?xt=urn:btih:d21951266e0fc4be02f21dc81903f6b77b2bb541
478684,"[2.24 GB] Private Sins Parts 1 & 2 (Azure Limina) [2025, 3DCG, Animated, Anal sex, Footjob, Futa,Trans,Handjob, Interracial, Lesbian, Masturbation, Oral sex, Vaginal sex, WEB-DL] [1080p]",https://d.ptorrents.com/bt/[ptorrents.com].3171784.torrent,magnet:?xt=urn:btih:a75f8e7a92a4be5b665a5969d46ceffcac5b0143
478685,"[10.18 GB] Anal Sex / Анальный секс (Lorenzo Viota, French Amateur Porn) [2024 г., Anal, Blowjob, Straight, DeepThroat, Rimming, ATM, Dildo, WEB-DL, 2160p] (Jade Amor, Camila Nissa, Rachel Adjani)",https://d.ptorrents.com/bt/[ptorrents.com].3171307.torrent,magnet:?xt=urn:btih:157b81bae8b64ab8ead3377764c37c6939d5fd63
478686,"[663.2 MB] [PornPlus.com] Juniper Ren, Rose Carter - Twin Tease (28.03.2025) [All Sex, Hardcore, Gonzo, 3some]",https://d.ptorrents.com/bt/[ptorrents.com].3170113.torrent,magnet:?xt=urn:btih:17f657553ff2ad743eaa9cb6b28c655d1ad45379
478687,"[663.2 MB] [PornPlus.com] Juniper Ren, Rose Carter - Twin Tease (28.03.2025) [All Sex, Hardcore, Gonzo, 3some]",https://d.ptorrents.com/bt/[ptorrents.com].3170113.torrent,magnet:?xt=urn:btih:17f657553ff2ad743eaa9cb6b28c655d1ad45379
478688,"[772.1 MB] [FamilyXXX.com / NewSensations.com] Ella Reese (Ella Reese Gives Him A Full Blown Invitation) [2025 г., Hardcore, All Sex, 360p]",https://d.ptorrents.com/bt/[ptorrents.com].3171469.torrent,magnet:?xt=urn:btih:5948e4147124acd40fecbcb15ad1bb98b1b88b99
478689,"[772.1 MB] [FamilyXXX.com / NewSensations.com] Ella Reese (Ella Reese Gives Him A Full Blown Invitation) [2025 г., Hardcore, All Sex, 360p]",https://d.ptorrents.com/bt/[ptorrents.com].3171469.torrent,magnet:?xt=urn:btih:5948e4147124acd40fecbcb15ad1bb98b1b88b99
478690,"[1.75 GB] [InTheCrack.com] Ryana (#1840) [2023-06-19, Dildo, Masturbation, Posing, Solo, 1080p, SiteRip]",https://d.ptorrents.com/bt/[ptorrents.com].3171593.torrent,magnet:?xt=urn:btih:e3745b9ed4f2b38f84dd205ff1f187fbed72b9b2
478691,"[480.2 MB] [Hydromadam Productions] Lucy Lucy & Nurse Genevive - Times Square Tummy Ache / Bruck Brush Brush [2007, Medical Fetish, Enema, Gyno, Medical Exam, Nurse Play, Nurse Play, Siterip, Eng, Rus]",https://d.ptorrents.com/bt/[ptorrents.com].3171139.torrent,magnet:?xt=urn:btih:6f3a2c1fd3872b371ea63f57750916f20e30dc09
478692,"[1.56 GB] [PremiumBukkake.com] Lera Reyna #2 – Bukkake (Second Camera) [2024 г., Bukkake, Gangbang, Blowjobs, Cumshots, Swallow, Hardcore, 1080p]",https://d.ptorrents.com/bt/[ptorrents.com].3171785.torrent,magnet:?xt=urn:btih:f62a1a140f3b3c1902ea2286723334f470d2763e
478693,"[2.33 GB] Bratty Sis 12 (Nubiles) [2023 г., All Sex, WEB-DL, 720p] (Kyler Quinn, Penelope Kay, Michelle Anthony, Madison Summers)",https://d.ptorrents.com/bt/[ptorrents.com].3171786.torrent,magnet:?xt=urn:btih:53d30f3c02f73d06065a187e8f6740ccdeaf405e
478694,"[710.7 MB] [Strippers4K.com] Mia River - Teeny Slumber Party (28.03.2025) [All Sex, Hardcore, Gonzo]",https://d.ptorrents.com/bt/[ptorrents.com].3170114.torrent,magnet:?xt=urn:btih:65e21fd3966a350a9720564de7edce100a3e2d99
478695,"[710.7 MB] [Strippers4K.com] Mia River - Teeny Slumber Party (28.03.2025) [All Sex, Hardcore, Gonzo]",https://d.ptorrents.com/bt/[ptorrents.com].3170114.torrent,magnet:?xt=urn:btih:65e21fd3966a350a9720564de7edce100a3e2d99
478696,"[482.1 MB] [NewSensations.com] Lucy Tyler (Lucy Tyler #1 - Compilations) [2025 г., Compilations, Hardcore, All Sex, 360p]",https://d.ptorrents.com/bt/[ptorrents.com].3171471.torrent,magnet:?xt=urn:btih:99af35950d05e73f2f418dc6176b0a6a0bc667cb
478697,"[482.1 MB] [NewSensations.com] Lucy Tyler (Lucy Tyler #1 - Compilations) [2025 г., Compilations, Hardcore, All Sex, 360p]",https://d.ptorrents.com/bt/[ptorrents.com].3171471.torrent,magnet:?xt=urn:btih:99af35950d05e73f2f418dc6176b0a6a0bc667cb
478698,"[1.91 GB] [Legalporno.com / PornBox.com / PissVids.com] Aylla Mel - Sexy Latina Aylla Mel Intense Anal Fucking 4 On 1 With Double Anal Penetration And Pissed By Four Guys (05.04.2025) [2025 г., GangBang, DAP, Anal, Interracial, BBC, Young, Gonzo, Hardcore, 720p]",https://d.ptorrents.com/bt/[ptorrents.com].3171788.torrent,magnet:?xt=urn:btih:d6747637a37e161305a195d3a3d8efdecf8396f8
478699,"[47.3 GB] [AQUA / SexLikeReal.com] Suzu Monami (My Bossy and Hot Female Boss Takes Advantage of Me Part 3) [2025 г., Hardcore, Asian, All Sex, VR, 8k, 4096p] [Oculus Rift / Vive]",https://d.ptorrents.com/bt/[ptorrents.com].3171012.torrent,magnet:?xt=urn:btih:2f5a34ea9b953883bda5f36beabd83ce64558ce8
478700,"[3.93 GB] [Legalporno.com / PornBox.com / PissVids.com] Aylla Mel - Sexy Latina Aylla Mel Intense Anal Fucking 4 On 1 With Double Anal Penetration And Pissed By Four Guys (05.04.2025) [2025 г., GangBang, DAP, Anal, Interracial, BBC, Young, Gonzo, Hardcore, 1080p]",https://d.ptorrents.com/bt/[ptorrents.com].3171787.torrent,magnet:?xt=urn:btih:6a542c3a1060d0ecca7d1477a764e027a279a22e
478701,"[994.4 MB] [Legalporno.com / PornBox.com / PissVids.com] Aylla Mel - Sexy Latina Aylla Mel Intense Anal Fucking 4 On 1 With Double Anal Penetration And Pissed By Four Guys (05.04.2025) [2025 г., GangBang, DAP, Anal, Interracial, BBC, Young, Gonzo, Hardcore, 480p]",https://d.ptorrents.com/bt/[ptorrents.com].3171789.torrent,magnet:?xt=urn:btih:74c8d41f9b20caf6a421fa06431406a2de78f0fb
478702,"[3.84 GB] [Legalporno.com / PornBox.com / PissVids.com] Lana Analise - Black DAP Wet, Lana Analise, 3on1, BBC, Balls Deep, DAP, Deepthroat, Manhandle, Rough Sex, Big Gapes, ButtRose, Pee Cocktail/Drink/Shower, Squirt Drink, Creampie, Cum In Mouth, Swallow AH102 (05.04.2025) [2025 г., GangBang, DAP, Anal, Interracial, BBC, MILF, Gonzo, Hardcore, Anal Creampie, 1080p]",https://d.ptorrents.com/bt/[ptorrents.com].3171790.torrent,magnet:?xt=urn:btih:25ae60c8587087f07dde3bb0350b4adc2df75df4
478703,"[526.7 MB] [PinholeK.com / Vip4K.com]Roxy Muray ( Anal Discounted)[2025 г., Gonzo, Hardcore, All Sex, POV,Straight ,Anal 540p]",https://d.ptorrents.com/bt/[ptorrents.com].3170562.torrent,magnet:?xt=urn:btih:1959b9bbbe09f8528fdc479d207714b2df865698
478704,"[660.5 MB] О прекрасножопой Августине / What delicious tits this oiled ass has! He wants my cock in his tight and juicy pussy [2025 г, OnlyFans.com, Teen, natural breast, all sex, all sex, roleplay, 1080p, HD][Agustina Rey]",https://d.ptorrents.com/bt/[ptorrents.com].3170115.torrent,magnet:?xt=urn:btih:0135951f82776191b213398c4e72a32b803b54f2
478705,"[2.01 GB] Ein Geiles Duo / Obvoy couple (Moli, Magma) [1995, Feature, VHSRip] [RUS] (Anita Blond, Anita Dark, Erika, Andrea, Marian, Edithha, Ferales, Andras, Jold)",https://d.ptorrents.com/bt/[ptorrents.com].3170695.torrent,magnet:?xt=urn:btih:1554acb316a4bfd7571c3a8411cf281731f993bd
478706,"[474.6 MB] [MonstersofCock.com / BangBros.com] Dylan Moore - Stepdad’s Monster Yoga (30.03.2025) [2025 г., Young, Interracial, BBC, Gonzo, Hardcore, All Sex, 480p]",https://d.ptorrents.com/bt/[ptorrents.com].3170248.torrent,magnet:?xt=urn:btih:33dc2836f7c5d22a102b5a99f2dc2be328cd2d6b
478707,"[474.6 MB] [MonstersofCock.com / BangBros.com] Dylan Moore - Stepdad’s Monster Yoga (30.03.2025) [2025 г., Young, Interracial, BBC, Gonzo, Hardcore, All Sex, 480p]",https://d.ptorrents.com/bt/[ptorrents.com].3170248.torrent,magnet:?xt=urn:btih:33dc2836f7c5d22a102b5a99f2dc2be328cd2d6b
478708,"[2.59 GB] Bratty Sis 14 (Nubiles) [2023 г., All Sex, WEB-DL, 720p] (Alicia Williams, Charma Kelly, Liz Jordan, Sia Lust)",https://d.ptorrents.com/bt/[ptorrents.com].3171791.torrent,magnet:?xt=urn:btih:59497aa3b7074fbbc4ab6b8b25e7e0680637405d
478709,"[2.48 GB] [PornBox.com / AnalVids.com / Outside The Studio] Lara De Santis - Lara De Santis - fuck a fan 3 - anal, DP, gape, squirting, cum in mouth OTS408 [2020, Anal, Blonde, Big Cock, Big Tits, Blowjob, Cumshot, DP, Facial, Hardcore, MILF, Squirt, Tattoos, Threesome (MMF), 1080p, SiteRip]",https://d.ptorrents.com/bt/[ptorrents.com].3171308.torrent,magnet:?xt=urn:btih:d0bd942fd4ed6d547a2de70ee593fb5078c67d6e
478710,"[2.62 GB] [ItsPOV.com / StepPOV.com] Mina K - The Boss Of The House [2021-01-12, Anal, Cumshot, Gonzo, Hardcore, POV, 2160p, SiteRip]",https://d.ptorrents.com/bt/[ptorrents.com].3170847.torrent,magnet:?xt=urn:btih:0d14623cb28713088aa42fa7afb8935ec5bcc90a
478711,"[375.1 MB] [DirtyAuditions.com] Isabel Love - Isabel Loves Getting Butt Fucked (03.04.2025) [2025 г., Anal, MILF, Gonzo, Hardcore, Anal Creampie, 540p]",https://d.ptorrents.com/bt/[ptorrents.com].3171473.torrent,magnet:?xt=urn:btih:f5036cf34c14aabc4729eeae665c078b4421b46a
478712,"[375.1 MB] [DirtyAuditions.com] Isabel Love - Isabel Loves Getting Butt Fucked (03.04.2025) [2025 г., Anal, MILF, Gonzo, Hardcore, Anal Creampie, 540p]",https://d.ptorrents.com/bt/[ptorrents.com].3171473.torrent,magnet:?xt=urn:btih:f5036cf34c14aabc4729eeae665c078b4421b46a
478713,"[2.26 GB] Sulbas Animations / Sulbas work collection [2024-03 / 2025] [3DCG, Blowjob, Bukkake, Creampie, Deep Throat, Facial, Doggystyle, Gangbang, Handjob, Pov, Threesome, Web-Dl]",https://d.ptorrents.com/bt/[ptorrents.com].3171305.torrent,magnet:?xt=urn:btih:925dbc33f913d4b2bb8aca4470cdb973b78cb3c8
478714,"[1.86 GB] [Legalporno.com / PornBox.com / PissVids.com] Lana Analise - Black DAP Wet, Lana Analise, 3on1, BBC, Balls Deep, DAP, Deepthroat, Manhandle, Rough Sex, Big Gapes, ButtRose, Pee Cocktail/Drink/Shower, Squirt Drink, Creampie, Cum In Mouth, Swallow AH102 (05.04.2025) [2025 г., GangBang, DAP, Anal, Interracial, BBC, MILF, Gonzo, Hardcore, Anal Creampie, 720p]",https://d.ptorrents.com/bt/[ptorrents.com].3171792.torrent,magnet:?xt=urn:btih:2ec07c72dc048b4f21606577d438e78f008cce85
478715,"[6.59 GB] Koume Ena, Ayase Kokoro, Tsukimi Wakaba, Satsuki Yura, Wakana Hono (Wakamiya Hono) - Premature Ejaculation Improvement Titty Fuck Clinic ~Big-breasted Nurse's Ejaculation Control~ [DHLD-016] (HAM.the MC, Office K S) [cen] [2025 г., Big Tits, Slut, Nurse, Harem, HDRip] [1080p]",https://d.ptorrents.com/bt/[ptorrents.com].3170696.torrent,magnet:?xt=urn:btih:a5a19a857a7ced974f2de3396f4e01a0f350dccb
478716,"[28.49 GB] [JacquieetMichelTV.net] (31 ролик) Pack [2025-03, Amateur, Anal, Blowjob, DP, Facial, Interracial, Rimming, Straight, Tattoos, Threesome (MMF / FFM), 1080p]",https://d.ptorrents.com/bt/[ptorrents.com].3170849.torrent,magnet:?xt=urn:btih:f32c455c2eec3eb692c0ef0ee7af636f2316d3f4
478717,"[971.2 MB] [Legalporno.com / PornBox.com / PissVids.com] Lana Analise - Black DAP Wet, Lana Analise, 3on1, BBC, Balls Deep, DAP, Deepthroat, Manhandle, Rough Sex, Big Gapes, ButtRose, Pee Cocktail/Drink/Shower, Squirt Drink, Creampie, Cum In Mouth, Swallow AH102 (05.04.2025) [2025 г., GangBang, DAP, Anal, Interracial, BBC, MILF, Gonzo, Hardcore, Anal Creampie, 480p]",https://d.ptorrents.com/bt/[ptorrents.com].3171793.torrent,magnet:?xt=urn:btih:516c629b8ffa77e315dcd82ee9fa5c932f899837
478718,"[2.32 GB] Mitsuki An, Sumire Shiratori, Ran Asahi(Mana Kawai), Yayoi Kitagawa - Actresses In Osaka Busty Call Girl Service Prae Meet A Real Porno Actress! [FMFF-001] (Fetish Mania Video Creator) [cen] [2012 г., Big Tits, Lesbian, Masturbation, Sex Toys, Orgy, Chubby, Prostitutes, WEB-DL]",https://d.ptorrents.com/bt/[ptorrents.com].3171313.torrent,magnet:?xt=urn:btih:4024953ef71df765b37af2e98f5e6bd571a7e319
478719,"[213.4 MB] [Shoplyfter.com / TeamSkeet.com] Isabella Nice (Case No. 8003683 - The Butt Plug Situation) [2025 г., Anal, Hardcore, All Sex, 360p]",https://d.ptorrents.com/bt/[ptorrents.com].3171796.torrent,magnet:?xt=urn:btih:12c3d6528c8ccf8bfcc3941227cfb6bd6cf19816
478720,"[213.4 MB] [Shoplyfter.com / TeamSkeet.com] Isabella Nice (Case No. 8003683 - The Butt Plug Situation) [2025 г., Anal, Hardcore, All Sex, 360p]",https://d.ptorrents.com/bt/[ptorrents.com].3171796.torrent,magnet:?xt=urn:btih:12c3d6528c8ccf8bfcc3941227cfb6bd6cf19816
478721,"[302.2 MB] [MyFamilyPies.com / Nubiles-Porn.com] Cecelia Taylor (April 2025 Flavor Of The Month Cecelia Taylor - S12:E4) [2025 г., Hardcore, All Sex, 360p]",https://d.ptorrents.com/bt/[ptorrents.com].3170852.torrent,magnet:?xt=urn:btih:4f0cfe889ff406d82c40316d4a34102d6a91537a
478722,"[302.2 MB] [MyFamilyPies.com / Nubiles-Porn.com] Cecelia Taylor (April 2025 Flavor Of The Month Cecelia Taylor - S12:E4) [2025 г., Hardcore, All Sex, 360p]",https://d.ptorrents.com/bt/[ptorrents.com].3170852.torrent,magnet:?xt=urn:btih:4f0cfe889ff406d82c40316d4a34102d6a91537a
478723,"[271.1 MB] [SisLovesMe.com / TeamSkeet.com] Khloe Kapri (I Finally Fucked My Bully Stepsister in The Ass) [2025 г., Anal, Hardcore, All Sex, 360p]",https://d.ptorrents.com/bt/[ptorrents.com].3171798.torrent,magnet:?xt=urn:btih:9f80b4d673b71f5408ea696155212efe7ca5e03c
478724,"[271.1 MB] [SisLovesMe.com / TeamSkeet.com] Khloe Kapri (I Finally Fucked My Bully Stepsister in The Ass) [2025 г., Anal, Hardcore, All Sex, 360p]",https://d.ptorrents.com/bt/[ptorrents.com].3171798.torrent,magnet:?xt=urn:btih:9f80b4d673b71f5408ea696155212efe7ca5e03c
478725,"[6.61 GB] Kagari Mai, Tenma Yui, Fukuda Momo, Onodera Mai, Kononoba Erika - During A Doping Test, The Urethra Is Stared At And Urine Is Collected. A Female Athlete Is Broken By An Inescapable Obscene Test And Is Raped By A Hyena [DSJH-013] (Office K S) [cen] [2025 г., Creampie, Big Tits, Squirting, Abuse, Urination, Old Man, HDRip] [1080p]",https://d.ptorrents.com/bt/[ptorrents.com].3170697.torrent,magnet:?xt=urn:btih:abf0c208a88a163cd13380dbf948b1221f26bbba
478726,"[57.3 MB] [KarupsHA.com] 2022-02-14 Stella Elle - Daily Dose of Dick [all sex] [3000x2004, 85 фото]",https://d.ptorrents.com/bt/[ptorrents.com].3171141.torrent,magnet:?xt=urn:btih:8b82a1b2737d39306a39ed7caf76466d112fadac
478727,"[1.51 GB] [DigitalPlayground.com] Little Puck - Synthesis - Episode 1 [2025-03-10, Feature, Hardcore, All Sex, Anal, Couples, Big Tits, Cumshot, 1080p, SiteRip] [rus]",https://d.ptorrents.com/bt/[ptorrents.com].3171314.torrent,magnet:?xt=urn:btih:49058359ac399b7748e739b80d4671fb35f68db0
478728,"[174.3 MB] [AnalMom.com / TeamSkeet.com] Aderes Quin (Anal Whore: Stepson and Bully Dp Cum Hungry Stepmom) [2025 г., Anal, DP, Threesome FMM, MILF, Hardcore, All Sex, 360p]",https://d.ptorrents.com/bt/[ptorrents.com].3171800.torrent,magnet:?xt=urn:btih:ec2c8a87cab954330f9159b146d9cc8f0dcb44f6
478729,"[174.3 MB] [AnalMom.com / TeamSkeet.com] Aderes Quin (Anal Whore: Stepson and Bully Dp Cum Hungry Stepmom) [2025 г., Anal, DP, Threesome FMM, MILF, Hardcore, All Sex, 360p]",https://d.ptorrents.com/bt/[ptorrents.com].3171800.torrent,magnet:?xt=urn:btih:ec2c8a87cab954330f9159b146d9cc8f0dcb44f6
478730,"[2.54 GB] [PornBox.com / AnalVids.com / StacyBloomStudio] Stacy Bloom - Hot Solo - Fucking Herself in Ass with New Dildo SBS037 [2021 г., Fisting, Dildo, Toys, Prolapse, Anal, Stockings, Masturbation, Solo, 1080p, SiteRip]",https://d.ptorrents.com/bt/[ptorrents.com].3171311.torrent,magnet:?xt=urn:btih:54feb94b2722c65aae98c0d0cbb213197f2fa8f6
478731,"[127.1 MB] [LittleAsians.com / TeamSkeet.com] Clara Trinity (Your Favorite Videogame or My Tight Little Asian Pussy?) [2025 г., Hardcore, All Sex, 360p]",https://d.ptorrents.com/bt/[ptorrents.com].3171802.torrent,magnet:?xt=urn:btih:89ea91000800cbb4a15d784d5bf3696ef8f03cbc
478732,"[127.1 MB] [LittleAsians.com / TeamSkeet.com] Clara Trinity (Your Favorite Videogame or My Tight Little Asian Pussy?) [2025 г., Hardcore, All Sex, 360p]",https://d.ptorrents.com/bt/[ptorrents.com].3171802.torrent,magnet:?xt=urn:btih:89ea91000800cbb4a15d784d5bf3696ef8f03cbc
478733,"[65.47 GB] [Fansly.com] Alice Redfox aka alliceredfox PAWG Shemale (182 videos) [2024 г., Shemale, Big Ass, Teen, Solo, Anal, Cumshot]",https://d.ptorrents.com/bt/[ptorrents.com].3171142.torrent,magnet:?xt=urn:btih:730a64586dfc4b605747e78f6e9ed6f52ec8b355
478734,"[526.6 MB] [AnalIntroductions.com / Private.com] Charlotte Grey aka Charlotte Lapiedra & Angelique Rose aka Angelique Lapiedra - Do You Want A Massage With Anal Sex And A Gloryhole With Angelique Rose And Charlotte Grey? (30.03.2025) [2025 г., Anal, Threesome, Young, Gonzo, Hardcore, 360p]",https://d.ptorrents.com/bt/[ptorrents.com].3170251.torrent,magnet:?xt=urn:btih:f72f4c0d3879db5e4850cfc36ed00a09ee6e0306
478735,"[526.6 MB] [AnalIntroductions.com / Private.com] Charlotte Grey aka Charlotte Lapiedra & Angelique Rose aka Angelique Lapiedra - Do You Want A Massage With Anal Sex And A Gloryhole With Angelique Rose And Charlotte Grey? (30.03.2025) [2025 г., Anal, Threesome, Young, Gonzo, Hardcore, 360p]",https://d.ptorrents.com/bt/[ptorrents.com].3170251.torrent,magnet:?xt=urn:btih:f72f4c0d3879db5e4850cfc36ed00a09ee6e0306
478736,"[16.32 GB] [AnalVids.com / Legalporno.com / PornBox.com / PissVids.com / Yummy estudio] Bruna Santos - Hot Teen Bruna Santos First Time Drinking Pee And Getting Fucked By 4 Big Cocks With Intense DAP 0% Pussy Then Swallows Their Loads (06.09.2024) [2024 г., GangBang, DAP, Anal, Gonzo, Hardcore, Piss, Pee, Cumshot, 4K, 2160p]",https://d.ptorrents.com/bt/[ptorrents.com].3170399.torrent,magnet:?xt=urn:btih:ae12cb6d798570e50f40043f05c95d84dceee6a8
478737,"[5.88 GB] Mizubata Asami - Husband Direct Rental Sexless Wife's First NTR Asami (30 Years Old) [PKPD-232] (Pakopakodan To Yukaina Nakamatachi) [cen] [2023 г., Older Sister, Solowork, Cuckold, Creampie, POV, HDRip] [1080p]",https://d.ptorrents.com/bt/[ptorrents.com].3171474.torrent,magnet:?xt=urn:btih:b06da9a59a01358de90cf5f2ba45b7c71c6f17a3
478738,"[2.07 GB] [FirstAnalQuest.com] Olivia Westsun - Petite doll Olivia Westsun wants to get her first anal creampie (724) (03.04.2025) [2025 г., Hardcore, Anal, Blowjob, Butt Plug, Cumshot, SiteRip, 1080p]",https://d.ptorrents.com/bt/[ptorrents.com].3171315.torrent,magnet:?xt=urn:btih:181f44710afead01a2cfc30e8ece54a50a5e4dae
478739,"[22.42 GB] [PinHole.xxx / Vip4k.com] (8 роликов) Pack [2025, Anal, Blowjob, Creampie, Facial, Russian Girls, Straight, Teen, Threesome (FFM), Toys, 1080p]",https://d.ptorrents.com/bt/[ptorrents.com].3170854.torrent,magnet:?xt=urn:btih:b81daa299acdba65e73190ece04d40c83f244d34
478740,"[216.4 MB] [SexMex.xxx] Silvia Santez (My Neighbor Is A Stripper) [2025 г., MILF, Hardcore, Big Tits, Big Ass, All Sex, 480p]",https://d.ptorrents.com/bt/[ptorrents.com].3171804.torrent,magnet:?xt=urn:btih:d4370a687ac13dfe2a1d8cc51035f126e2039c56
478741,"[216.4 MB] [SexMex.xxx] Silvia Santez (My Neighbor Is A Stripper) [2025 г., MILF, Hardcore, Big Tits, Big Ass, All Sex, 480p]",https://d.ptorrents.com/bt/[ptorrents.com].3171804.torrent,magnet:?xt=urn:btih:d4370a687ac13dfe2a1d8cc51035f126e2039c56
478742,"[7.69 GB] [BrazzersExxtra.com/Brazzers.com] Jenny Kitty - She Maid My Day [2025-04-02, Gonzo, Hardcore, Teen, 2160p, SiteRip]",https://d.ptorrents.com/bt/[ptorrents.com].3171015.torrent,magnet:?xt=urn:btih:27a0844c59f8996b7839e9035997fe7fde09c4e6
478743,"[327.7 MB] [Nubilefilms.com]Ivi Rein & Rebecca Volpetti(She Knows About Us - S48:E15)[2025, Feature, Hardcore, All Sex, Couples, 540p]",https://d.ptorrents.com/bt/[ptorrents.com].3170568.torrent,magnet:?xt=urn:btih:7374dc77ce59915eb83982c03ca2c5a5fa3f7d42
478744,"[327.7 MB] [Nubilefilms.com]Ivi Rein & Rebecca Volpetti(She Knows About Us - S48:E15)[2025, Feature, Hardcore, All Sex, Couples, 540p]",https://d.ptorrents.com/bt/[ptorrents.com].3170568.torrent,magnet:?xt=urn:btih:7374dc77ce59915eb83982c03ca2c5a5fa3f7d42
478745,"[468 MB] Uncle Leva again well done / Redhead anal Slut Gives Perfect Footjob and Anaal Creampie [2025, Onlyfans.com, Teen, Natural Breast, Anal, Roleplay, Footjob, Creampie, 1080p, HD] [Olyvia WestSun, Leo Casanova]",https://d.ptorrents.com/bt/[ptorrents.com].3170566.torrent,magnet:?xt=urn:btih:15e29833ca2f05dc92a90abda2144df680f81bed
478746,"[12.04 GB] [VRHush.com] Aria Valencia (Taking Charge) [2025 г., Hardcore, All Sex, VR, 8k, 3840p] [Oculus Rift / Vive]",https://d.ptorrents.com/bt/[ptorrents.com].3171014.torrent,magnet:?xt=urn:btih:64fab1113b9e494874e97fb246fd4d86c1481e39
478747,"[490.5 MB] [FirstAnalQuest.com] Olivia Westsun - Petite doll Olivia Westsun wants to get her first anal creampie (724) (03.04.2025) [2025 г., Hardcore, Anal, Blowjob, Butt Plug, Cumshot, SiteRip, 540p]",https://d.ptorrents.com/bt/[ptorrents.com].3171317.torrent,magnet:?xt=urn:btih:5da802e7f5c953ac959dfb8212d278f5cfbe3c04
478748,"[814.8 MB] [PinholeK.com / Vip4K.com]Baby Doll ( Backdoor Treatment)[2025 г., Gonzo, Hardcore, All Sex, POV,Straight,Anal, 540p]",https://d.ptorrents.com/bt/[ptorrents.com].3170569.torrent,magnet:?xt=urn:btih:45bf62635387e2afcec3ef4c4492e17650afeaba
478749,"[695 MB] [StepPOV.com] Kitana Lure - Kitana's New Attitude [2021-04-13, All sex, 1080p, SiteRip]",https://d.ptorrents.com/bt/[ptorrents.com].3170855.torrent,magnet:?xt=urn:btih:47764cc2e8f36836ad4d8eb936e4a4bd1a1c6d4f
478750,"[3.16 GB] Bang Bros 18 27 (BangBros) [2025 г., All Sex, WEB-DL, 720p] (Anastasia Knight, Bailey Base, Gianna Dior, Kira Perez)",https://d.ptorrents.com/bt/[ptorrents.com].3171805.torrent,magnet:?xt=urn:btih:e4c72a8308733a71cd444199647b9035727c52f4
478751,"[314 MB] The young stepmother was torn away in the ass / Incredible Anal Sex With My Young Stepmother [2025, Milkymickey.com, Teen, Natural Breast, Anal, InceSt, Ana Creampie, Roleplay 1080p, HD] [Ariana Love]",https://d.ptorrents.com/bt/[ptorrents.com].3170570.torrent,magnet:?xt=urn:btih:2b3618e2fd41e7ee7af2c02cb5acc787fe497c51
478752,"[1.72 GB] [Legalporno.com / PornBox.com] Holy Wood - She Lost At Strip Poker And Ended Up Having Intense Sex With A Stranger (05.04.2025) [2025 г., Gonzo, Hardcore, All Sex, 1080p]",https://d.ptorrents.com/bt/[ptorrents.com].3171808.torrent,magnet:?xt=urn:btih:6605716a7bcc0f433876e0c1f262d9be9aa7599a
478753,"[10.39 GB] [LegalPorno.com / AnalVids.com / Gonzo.com] Claudia Mac - Claudia Mac 4on1 mini gangbang with huge dicks and double anal SZ1729 [2017, Anal, Anal Creampie, Big Cock, Blowjob, Cumshot, DAP, Facial, Gape, Gangbang, Hardcore, Natural Tits, Piercing, Toys, Czech, Socks, 2160p, SiteRip]",https://d.ptorrents.com/bt/[ptorrents.com].3170853.torrent,magnet:?xt=urn:btih:5554a6445981c0d499a02decc61238702476b2cd
478754,"[6.79 GB] Dirty Secrets / Dirty Secrets (automatic translation and voice acting Yandex Brandt) (Kay Brandt, New Sensations) [2013., Lesbian, Feature, Web-Dl, 1080p] (Brenda James, Casey Stone, Chloe Lynn, Jade Couture, Nikki Hearts, Odette Delacroix, Sinn Sage, Zoey Holloway)",https://d.ptorrents.com/bt/[ptorrents.com].3171016.torrent,magnet:?xt=urn:btih:6b341444c7271e198e87fd40c5be6154ec7fcc1c
478755,"[856.2 MB] [Legalporno.com / PornBox.com] Holy Wood - She Lost At Strip Poker And Ended Up Having Intense Sex With A Stranger (05.04.2025) [2025 г., Gonzo, Hardcore, All Sex, 720p]",https://d.ptorrents.com/bt/[ptorrents.com].3171809.torrent,magnet:?xt=urn:btih:ebabc265c52f59567728f161f3fc73f6e48776ca
478756,"[5.42 GB] [InTheCrack.com] Ryana (#1840) [2023-06-19, Dildo, Masturbation, Posing, Solo, 2160p, SiteRip]",https://d.ptorrents.com/bt/[ptorrents.com].3171595.torrent,magnet:?xt=urn:btih:14f1254a4e0ab835c0df754c02ea1fe68c8754eb
478757,"[2.13 GB] Mommy Blows Best #3 / Мамочка сосёт лучше #3 (Scott Hancock, Overboard Video) [2009 г., Blowjob, MILF, Oral, WEB-DL] (Darcy Taylor, Darryl Hannah, Francesca Le, Ginger Lynn, Hunter Bryce, Katie Angel, Milan, Monica Mayhem, Persia Monir, Rachel Love)",https://d.ptorrents.com/bt/[ptorrents.com].3171319.torrent,magnet:?xt=urn:btih:8f9c1426313b3354cd9733fa16216177915698c1
478758,"[978.6 MB] [PornWorld.com] Olivia Del Rio & Gatita Veve aka Gatitaveve - Bi BFFs Olivia del Rio And Gatita Veve Share A Strap-On Before Threesome Thrill GP3209 (30.03.2025) [2025 г., DP, Strap-On, Anal, Threesome, MILF, Big Tits, Gonzo, Hardcore, 480p]",https://d.ptorrents.com/bt/[ptorrents.com].3170254.torrent,magnet:?xt=urn:btih:76f8cca56b0f0c1a008a814fe6842da98cefaf9e
478759,"[978.6 MB] [PornWorld.com] Olivia Del Rio & Gatita Veve aka Gatitaveve - Bi BFFs Olivia del Rio And Gatita Veve Share A Strap-On Before Threesome Thrill GP3209 (30.03.2025) [2025 г., DP, Strap-On, Anal, Threesome, MILF, Big Tits, Gonzo, Hardcore, 480p]",https://d.ptorrents.com/bt/[ptorrents.com].3170254.torrent,magnet:?xt=urn:btih:76f8cca56b0f0c1a008a814fe6842da98cefaf9e
478760,"[1.97 GB] Dirty Secrets / Dirty Secrets (automatic translation and voice acting Yandex Brandt) (Kay Brandt, New Sensations) [2013., Lesbian, Feature, Web-Dlrip] (Brenda James, Casey Stone, Chloe Lynn, Jade Couture, Nikki Hearts, Odette Delacroix, Sinn Sage, Zoey Holloway)",https://d.ptorrents.com/bt/[ptorrents.com].3171017.torrent,magnet:?xt=urn:btih:2eca32063cb478682b2a05c70f1455530c39fb7b
478761,"[436.5 MB] [Legalporno.com / PornBox.com] Holy Wood - She Lost At Strip Poker And Ended Up Having Intense Sex With A Stranger (05.04.2025) [2025 г., Gonzo, Hardcore, All Sex, 480p]",https://d.ptorrents.com/bt/[ptorrents.com].3171810.torrent,magnet:?xt=urn:btih:9c079d22caac191f3cf59af27f489fa81efaf768
478762,"[748.6 MB] Busty Kumatozelnitsa today for the pornstar / I Met Pornstar Cumatozze on the Street ... [2025 g, Pornhub, Teen, Big Natural Breast, All Sex, Roleplay 1080p, HD] [Cumatozz, Cumatozze]",https://d.ptorrents.com/bt/[ptorrents.com].3170572.torrent,magnet:?xt=urn:btih:6c1d2b02cd724cdad7f280db774ee14a06d66698
478763,"[2.13 GB] [Legalporno.com / PornBox.com] Jadilica aka Leo Ahsoka - Jadilica I Had An Argument With My Wife About Bathroom Repairs, It's Time For A Reconciliation Sex (05.04.2025) [2025 г., Young, Gonzo, Hardcore, All Sex, 1080p]",https://d.ptorrents.com/bt/[ptorrents.com].3171811.torrent,magnet:?xt=urn:btih:35cfb6236ffb9544a3b6779fa020246e3293d43f
478764,"[100.71 GB] [thedicksuckers.com] The Dick Suckers Videos Pack 1/3 1080p (100 роликов) [2025-2016, Blowjob, Facial, Handjob, 1080p]",https://d.ptorrents.com/bt/[ptorrents.com].3170111.torrent,magnet:?xt=urn:btih:e72752841ccc35ee6d46651555f4d85d802f53e0
478765,"[83.45 GB] [Telegram] Eros TikTokos | Антон и Люба (132 ролика) Pack [2022-2024, Bikini, Big Ass, Cuckold, Cumshot, Handjob, Incest, Lingerie, Orgy, Pip Show, Public Nudity, Posing, Swingers, Softcore, Threesome (FFM), Uniform, 720p, 1080p]",https://d.ptorrents.com/bt/[ptorrents.com].3171597.torrent,magnet:?xt=urn:btih:4f07de0927cd6684149b37ef25ffddf4aa27d74d
478766,"[452.2 MB] [OopsFamily.com]Kenna James(No Fap, Just Fuck, Sepdaddy )[2025, Feature, Hardcore, All Sex, Couples, Straight 480p]",https://d.ptorrents.com/bt/[ptorrents.com].3171598.torrent,magnet:?xt=urn:btih:1ab25e03b28385b9d41742201713c01ab16aed62
478767,"[452.2 MB] [OopsFamily.com]Kenna James(No Fap, Just Fuck, Sepdaddy )[2025, Feature, Hardcore, All Sex, Couples, Straight 480p]",https://d.ptorrents.com/bt/[ptorrents.com].3171598.torrent,magnet:?xt=urn:btih:1ab25e03b28385b9d41742201713c01ab16aed62
478768,"[538.5 MB] [Legalporno.com / PornBox.com] Jadilica aka Leo Ahsoka - Jadilica I Had An Argument With My Wife About Bathroom Repairs, It's Time For A Reconciliation Sex (05.04.2025) [2025 г., Young, Gonzo, Hardcore, All Sex, 480p]",https://d.ptorrents.com/bt/[ptorrents.com].3171813.torrent,magnet:?xt=urn:btih:2ac13de8be173021a9799f2c6ee6e4fd3d0a0c93
478769,"[1.03 GB] [Legalporno.com / PornBox.com] Jadilica aka Leo Ahsoka - Jadilica I Had An Argument With My Wife About Bathroom Repairs, It's Time For A Reconciliation Sex (05.04.2025) [2025 г., Young, Gonzo, Hardcore, All Sex, 720p]",https://d.ptorrents.com/bt/[ptorrents.com].3171812.torrent,magnet:?xt=urn:btih:7f80d40b224075590cac850f3a40189b33360f5f
478770,"[1.75 GB] [Legalporno.com / PornBox.com] Roxy Muray - Cuckold With Roxy Muray Becomes A Rough DP (05.04.2025) [2025 г., DP, Anal, Cuckold, Young, Gonzo, Hardcore, 1080p]",https://d.ptorrents.com/bt/[ptorrents.com].3171815.torrent,magnet:?xt=urn:btih:3ddbb68768b220807528257709668ed4570c64be
478771,"[101.57 GB] [thedicksuckers.com] The Dick Suckers Videos Pack 2/3 1080p (82 роликов) [2015-2014, Blowjob, Facial, Handjob, 1080p]",https://d.ptorrents.com/bt/[ptorrents.com].3170116.torrent,magnet:?xt=urn:btih:f38a91968110b5f09a5179775bba85cd621626a3
478772,"[1.73 GB] [MetArt.com] 2025-04-03 Josephine Jane - Grove Goddess, Rusja - Morning Glances, Liana Luck - Flirt Alert, Aria Sloane - Presenting Aria Sloane [Solo, Posing, Glamour] [3648x5472-5464x8192, 476 фото]",https://d.ptorrents.com/bt/[ptorrents.com].3171321.torrent,magnet:?xt=urn:btih:8b5827347dcb7fcfa9a122157094b44a4c9d4ac6
478773,"[13.97 GB] [AnalVids.com / Legalporno.com / PornBox.com / PissVids.com / Erika Korti Studio] Violet - Fucking Slut Violet Covered In Piss Gets A Lot Of Piss In Her Mouth Double Vagina And Double Anal From Three Big Cocks EKS552 (08.03.2025) [2025 г., GangBang, DAP, DVP, DP, Anal, Young, Gonzo, Hardcore, Piss, Pee, Cumshot, 4K, 2160p]",https://d.ptorrents.com/bt/[ptorrents.com].3170698.torrent,magnet:?xt=urn:btih:d70ae6c2290e0a9c8b6c2a9d37260b59d366eff6
478774,"[865.8 MB] [Legalporno.com / PornBox.com] Roxy Muray - Cuckold With Roxy Muray Becomes A Rough DP (05.04.2025) [2025 г., DP, Anal, Cuckold, Young, Gonzo, Hardcore, 720p]",https://d.ptorrents.com/bt/[ptorrents.com].3171816.torrent,magnet:?xt=urn:btih:30874e5a6b897413251904c6dddc6ff875136b6e
478775,"[441.1 MB] [Legalporno.com / PornBox.com] Roxy Muray - Cuckold With Roxy Muray Becomes A Rough DP (05.04.2025) [2025 г., DP, Anal, Cuckold, Young, Gonzo, Hardcore, 480p]",https://d.ptorrents.com/bt/[ptorrents.com].3171817.torrent,magnet:?xt=urn:btih:8869a38261128b941fbd0d33b24c14f75f9c922b
478776,"[454.1 MB] [CrazyCollegeGFs.com / RealityKings.com] Stacy Cruz - Getting Freaky At The Laundromat (30.03.2025) [2025 г., Young, Gonzo, Hardcore, All Sex, 480p]",https://d.ptorrents.com/bt/[ptorrents.com].3170257.torrent,magnet:?xt=urn:btih:f307ccc5e18fc33e91cea5f738e9761ff2637930
478777,"[454.1 MB] [CrazyCollegeGFs.com / RealityKings.com] Stacy Cruz - Getting Freaky At The Laundromat (30.03.2025) [2025 г., Young, Gonzo, Hardcore, All Sex, 480p]",https://d.ptorrents.com/bt/[ptorrents.com].3170257.torrent,magnet:?xt=urn:btih:f307ccc5e18fc33e91cea5f738e9761ff2637930
478778,"[9.26 GB] CURSE ETERNAL / Eternal Curse (automatic translation and voice acting by Yandex Browser) (Brad Armstrong, Wicked Pictures) [2005., Feature, Avn Award Winner, HDTVRIP, 1080P] [RUS] (Alyssa Knight, EVA Angelina, Gia Jordan, Ice Lafox, Jessica Drake, Kaylani Lei, Kelly Kline, Keri Sable, Lezley Zen, Tiffany Taylor, Tory Lane)",https://d.ptorrents.com/bt/[ptorrents.com].3171019.torrent,magnet:?xt=urn:btih:fe4df945096a13250d12e5916aba543ff001293d
478779,"[5.09 GB] Mio Kimijima - A Live-action Sequel To The Hit Doujin Comic! Continuing, Being Made To Feel Like This Old Man [NIMA-015] (Fitch) [cen] [2023 г., Oral Sex, Cum shots, Big Tits, Creampie, HDRip] [1080p]",https://d.ptorrents.com/bt/[ptorrents.com].3170402.torrent,magnet:?xt=urn:btih:d7fde42f8f2c8edf4d93178a5637367605000cfe
478780,"[97.1 MB] [StasyQ.com] 2025-03-30 Elly - StasyQ 642 [Erotic, Posing, Solo] [2832x4240, 29 фото]",https://d.ptorrents.com/bt/[ptorrents.com].3170573.torrent,magnet:?xt=urn:btih:b6096d239c5bec65735b50c54e8e33f18291c124
478781,"[48.06 GB] [SLR Originals / SexLikeReal.com] CJ Miles - CJ Miles Sexperience (33250) [2023-03-15, Blow job, Boobs, Silicone, Brunette, Close ups, Cowgirl, Reverse cowgirl, Cumshots, Doggy style, Hardcore, Missionary, Garter belt, Nylons, Stockings, Shaved pussy, Asian, Interracial, SideBySide, 2900p, SiteRip] [Oculus Rift / Vive]",https://d.ptorrents.com/bt/[ptorrents.com].3171316.torrent,magnet:?xt=urn:btih:733aa2d8b0f4f32a19d9346ab988fa87f6001c0c
478782,"[481.8 MB] [PremiumBukkake.com] Lana Analise #1 - Interview [2024 г., Bukkake, Gangbang, Blowjobs, Cumshots, Swallow, Hardcore, 1080p]",https://d.ptorrents.com/bt/[ptorrents.com].3170118.torrent,magnet:?xt=urn:btih:1eaee288f2aff8a52af29b328fe2865d62021d4f
478783,"[256.4 MB] [MyFamilyPies.com / Nubiles-Porn.com] Ohana Petite (She Knows How To Keep A Secret - S12:E5) [2025 г., Hardcore, All Sex, 360p]",https://d.ptorrents.com/bt/[ptorrents.com].3171021.torrent,magnet:?xt=urn:btih:0116fe8475228dee9ffdbb97fe66704f9c0a8691
478784,"[256.4 MB] [MyFamilyPies.com / Nubiles-Porn.com] Ohana Petite (She Knows How To Keep A Secret - S12:E5) [2025 г., Hardcore, All Sex, 360p]",https://d.ptorrents.com/bt/[ptorrents.com].3171021.torrent,magnet:?xt=urn:btih:0116fe8475228dee9ffdbb97fe66704f9c0a8691
478785,"[1.65 GB] Seymore butts and the honeymoners / сеймор баттс и молодожёны (Seymore butts / factory home video) Steed, Justin Case, Nick Santiago, Seymore Butts, Steve Hatcher, Tony Martino, TT Boy)",https://d.ptorrents.com/bt/[ptorrents.com].3171818.torrent,magnet:?xt=urn:btih:624f4602759661aeae3cb72d28d030619f0ff5ed
478786,"[700 MB] [Brazil] Colonel / niece of the Colonel (Marco Aguirra, Sexxxy) [2003 г, anal, Big Ass, All Sex, DVDRip] (Dark Morgana, Kupffer Abita, Stephany, Natasha)",https://d.ptorrents.com/bt/[ptorrents.com].3171819.torrent,magnet:?xt=urn:btih:70e57f5b32c75bf85b0445f118cee4d8b416681c
478787,"[2.07 GB] [Legalporno.com / PornBox.com] Roxy Muray - Insatiable Asian Squirt Fountain! (04.04.2025) [2025 г., Young, Gonzo, Hardcore, All Sex, 1080p]",https://d.ptorrents.com/bt/[ptorrents.com].3171479.torrent,magnet:?xt=urn:btih:06ac9dd0d6d0460ff24f75b6f25632a51fb2ee43
478788,"[2.7 GB] [OnlyFans.com] booniecollins - Big Booty Shemale [2024 г., Shemale, Big Ass, Teen, Solo, Anal, Cumshot]",https://d.ptorrents.com/bt/[ptorrents.com].3171148.torrent,magnet:?xt=urn:btih:dc46ea1639e11f55da8ea398d312f205a6513b15
478789,"[492 MB] [PinholeK.com / Vip4K.com]Mia Murkovski( When We're Bored)[2025 г., Gonzo, Hardcore, All Sex, POV,Straight,Anal, 540p]",https://d.ptorrents.com/bt/[ptorrents.com].3170575.torrent,magnet:?xt=urn:btih:713267f385cfd0dce9b0135f6df616ac583f22ce
478790,"[1 GB] [Legalporno.com / PornBox.com] Roxy Muray - Insatiable Asian Squirt Fountain! (04.04.2025) [2025 г., Young, Gonzo, Hardcore, All Sex, 720p]",https://d.ptorrents.com/bt/[ptorrents.com].3171480.torrent,magnet:?xt=urn:btih:7419060868cba74c42037149bf3e42559b0c3532
478791,"[5.54 GB] Red Vibe Diaries #2 - Dark Desires / Diaries of red vibrator #2 - Dark desires (James Avalon, Metro) [1998, Feature, Straight, Coupeles, All Sex, Hardcore, Ana DVD9] (Stacy Valentine, Misty Rain, Julian, Sean Rider, Ian Daniels, Peter North, Vinteschi, Laura Palmer, Marc Wallice, Clarcke Irving, Holly Woods, Alyssa Allure, Chad Thomas.",https://d.ptorrents.com/bt/[ptorrents.com].3171821.torrent,magnet:?xt=urn:btih:d01a3612725c235d37484b99b2dba2c9aa9c6aa4
478792,"[2.3 GB] Akiryo Animations / Коллекция работ Akiryo / AkiyamaRyo [2020-2023] [3dcg, big ass, big tits, blowjob, titfuck, WEB-DL]",https://d.ptorrents.com/bt/[ptorrents.com].3170574.torrent,magnet:?xt=urn:btih:e33daf04758340c498e1e8fbbd414e91b2baf6e0
478793,"[2.47 GB] [ItsPOV.com / StepPOV.com] Ivi Rein - When You're Left Alone With Your Step-Sister [2021-03-02, Anal, Cumshot, Footjob, Gonzo, Hardcore, POV, 2160p, SiteRip]",https://d.ptorrents.com/bt/[ptorrents.com].3170859.torrent,magnet:?xt=urn:btih:5ae20886310fe8c302185f1dcbeb8ca9b05bf0f3
478794,"[597.4 MB] [FakeTaxi.com / FakeHub.com] Eva Ray - Calming Her Nerves (30.03.2025) [2025 г., Gonzo, Hardcore, All Sex, Creampie, 480p]",https://d.ptorrents.com/bt/[ptorrents.com].3170260.torrent,magnet:?xt=urn:btih:3841a9af5ea5b8c3be9248a9dbe4c1503403a16a
478795,"[597.4 MB] [FakeTaxi.com / FakeHub.com] Eva Ray - Calming Her Nerves (30.03.2025) [2025 г., Gonzo, Hardcore, All Sex, Creampie, 480p]",https://d.ptorrents.com/bt/[ptorrents.com].3170260.torrent,magnet:?xt=urn:btih:3841a9af5ea5b8c3be9248a9dbe4c1503403a16a
478796,"[521.4 MB] [Legalporno.com / PornBox.com] Roxy Muray - Insatiable Asian Squirt Fountain! (04.04.2025) [2025 г., Young, Gonzo, Hardcore, All Sex, 480p]",https://d.ptorrents.com/bt/[ptorrents.com].3171481.torrent,magnet:?xt=urn:btih:6253206ea59686910288a0a1a68dab06340d2e3e
478797,"[1.44 GB] [Legalporno.com / PornBox.com] Lilith Liber - Skinny Flexi Doll Lilith Liber Gets Ass Destroyed (04.04.2025) [2025 г., Anal, Young, Gonzo, Hardcore, 1080p]",https://d.ptorrents.com/bt/[ptorrents.com].3171482.torrent,magnet:?xt=urn:btih:3c6019a20a1269bf4c0c38261737575559dd85c3
478798,"[7.29 GB] Desperate anal milf #6 / desperate anal millets #6 (David Perry, Evil Angel) [2025, Gonzo, Hardcore, Anal, All Sex, Rimming, Milf, 1080p Web-Dl] (Split Scenes) (Lara desantis, Yanick Shaft, Ania Kinski, Lorenzo Viota, Nelly Kent, Tanya Virago, David Perry)",https://d.ptorrents.com/bt/[ptorrents.com].3171820.torrent,magnet:?xt=urn:btih:1a108ea5215c19fc95d1bef363dbf0de225a9f2c
478799,"[960.8 MB] [HoneyTrans.com] Kimberly Fernanda & Sabrina Melissa - Redhead Trans Hard Anal With Ebony Trans Friend (04.04.2025) [2025 г., Shemale, Anal, Rimming, Hardcore, Big Cock, Blowjob, 1080p]",https://d.ptorrents.com/bt/[ptorrents.com].3171823.torrent,magnet:?xt=urn:btih:29186f56be92be933aa8ba2d252247040934ae7e
478800,"[1.21 GB] Beautiful Anyutka with sad eyes / Anna Ralphs, Dean Ralps - Sumshot Compilation [2025 g, Teen, Slim / Slender Body, BabyFace, Oral, Compilation, 720p, HD] [Anna Ralps]",https://d.ptorrents.com/bt/[ptorrents.com].3170860.torrent,magnet:?xt=urn:btih:6d811698495ae50db5f36c0629c2d5c983cc2311
478801,"[364.5 MB] [Legalporno.com / PornBox.com] Lilith Liber - Skinny Flexi Doll Lilith Liber Gets Ass Destroyed (04.04.2025) [2025 г., Anal, Young, Gonzo, Hardcore, 480p]",https://d.ptorrents.com/bt/[ptorrents.com].3171484.torrent,magnet:?xt=urn:btih:729fde1533c39dad90ab6cf2f6996d60b52e6f31
478802,"[3 GB] Finally Legal 1, 2 / Наконец-то совершеннолетние 1, 2 (Greg Alves / Metro) [1998 г., All Sex, Facial, Anal, DPP, VOD] (Cherry Mirage, Claudia Chase, Heaven Leigh, Kelsey Heart, Leanni Lei, McKayla, Melanie Stone, Shay Sweet, Shelbee Myne, Sydnee Steele, Taylor Moore, Torri, Vanity Irons, Alex Sanders, Jake Steed, Julian, Mark Davis, Pat Myne, Tony Martino, Vince Vouyer)",https://d.ptorrents.com/bt/[ptorrents.com].3171322.torrent,magnet:?xt=urn:btih:2a75436f40c93ee4aaa2a216abc8ca7992fc5593
478803,"[715.1 MB] [Legalporno.com / PornBox.com] Lilith Liber - Skinny Flexi Doll Lilith Liber Gets Ass Destroyed (04.04.2025) [2025 г., Anal, Young, Gonzo, Hardcore, 720p]",https://d.ptorrents.com/bt/[ptorrents.com].3171483.torrent,magnet:?xt=urn:btih:9a2eab6c4c6eb81d1eff107a04e03f84c716dcaf
478804,"[637.7 MB] [HoneyTrans.com] Kimberly Fernanda & Sabrina Melissa - Redhead Trans Hard Anal With Ebony Trans Friend (04.04.2025) [2025 г., Shemale, Anal, Rimming, Hardcore, Big Cock, Blowjob, 720p]",https://d.ptorrents.com/bt/[ptorrents.com].3171824.torrent,magnet:?xt=urn:btih:dbb85542b28c7402dc53cc467c799ac9d90222c2
478805,"[5.33 GB] [VirtualTaboo.com] Gatita Veve - I'm Gonna Be A Star [03.04.2025, Babe, Big Tits, Blonde, Latina, Masturbation, Shaved Pussy, Solo, Tattoos, Teen, Virtual Reality, SideBySide, 7K, 3630p, SiteRip] [Oculus Rift / Quest 2 / Vive]",https://d.ptorrents.com/bt/[ptorrents.com].3171600.torrent,magnet:?xt=urn:btih:92c026ddf1bd8140237b594edc6f1f1685e95d93
478806,"[16.19 GB] [AnalVids.com / Legalporno.com / PornBox.com] Kyra Sex & Larinha Small - P-Sluts Vol.11 Starring Kyra Sex fucks four big studs with double anal penetration [2024, Gonzo, Hardcore, All Sex, Anal, DAP, Cumshot, 4K, 2160p]",https://d.ptorrents.com/bt/[ptorrents.com].3170403.torrent,magnet:?xt=urn:btih:89846553634e66a6105be650eec8ced6a4fc6fe0
478807,"[3.44 GB] Ellexxaurus compilation [Amateur, Huge Dildo, Fuck Machine, Solo, Fit Body, Small Ass] / Ellexxaurus compilation [Amateur, Huge Dildo, Fuck Machine, Solo, Fit Body, Small Ass] [2024 г., Amateur, Anal, Squirt, Huge Dildo, Big Gape, Solo, Tattoo, Fit Body, Small Tits, Shaved Pussy, Small Ass, Slim Body, Red Head, Fisting, Fuck Machine, 1080p, HDRip]",https://d.ptorrents.com/bt/[ptorrents.com].3171023.torrent,magnet:?xt=urn:btih:22a064d287867356369836def1a1aedc6b0cd8a2
478808,"[3.46 GB] [Legalporno.com / PornBox.com / AnalVids.com] Gabily Castro - 20 Year Old Brazilian Gym Trainer Gabily Castro In An Intense Double Penetration Scene With 3 Big Cocks (04.04.2025) [2025 г., GangBang, DP, Anal, Interracial, BBC, Young, Gonzo, Hardcore, 1080p]",https://d.ptorrents.com/bt/[ptorrents.com].3171485.torrent,magnet:?xt=urn:btih:b22b9f682021ff6090af45b4c550115b9c66c905
478809,"[703.8 MB] Jenna Foxx - Cumshot Compilation [2025, Facial, Ebony, Compilation, Blowjob, Interracial, 2160p, SiteRip]]",https://d.ptorrents.com/bt/[ptorrents.com].3171324.torrent,magnet:?xt=urn:btih:614b70fca4fc3a68c89f7b258a5ad15fc863aa11
478810,"[1.68 GB] [Legalporno.com / PornBox.com / AnalVids.com] Gabily Castro - 20 Year Old Brazilian Gym Trainer Gabily Castro In An Intense Double Penetration Scene With 3 Big Cocks (04.04.2025) [2025 г., GangBang, DP, Anal, Interracial, BBC, Young, Gonzo, Hardcore, 720p]",https://d.ptorrents.com/bt/[ptorrents.com].3171486.torrent,magnet:?xt=urn:btih:58e8c8357e4fe421ff911f392a202a4527fbffc5
478811,"[579.6 MB] [Legalporno.com / PornBox.com / AnalVids.com] Nina Costa - Horny Busty Nina Costa Gets Caught By Some Guys Bathing In The River So She Invites Them To Fuck Her And She Does Her First Double Penetration And Swallows The Loads From Two BBC’s (31.03.2025) [2025 г., DP, Anal, Interracial, BBC, Gonzo, Hardcore, 480p]",https://d.ptorrents.com/bt/[ptorrents.com].3170581.torrent,magnet:?xt=urn:btih:5f4eba83ff489491e26b910e8376d20b2d404c60
478812,"[579.6 MB] [Legalporno.com / PornBox.com / AnalVids.com] Nina Costa - Horny Busty Nina Costa Gets Caught By Some Guys Bathing In The River So She Invites Them To Fuck Her And She Does Her First Double Penetration And Swallows The Loads From Two BBC’s (31.03.2025) [2025 г., DP, Anal, Interracial, BBC, Gonzo, Hardcore, 480p]",https://d.ptorrents.com/bt/[ptorrents.com].3170581.torrent,magnet:?xt=urn:btih:5f4eba83ff489491e26b910e8376d20b2d404c60
478813,"[5.1 GB] [Comix, ART] Reiq Collection / Коллекция работ Reiq / Reinaldo Quintero [anal, big ass, big tits, blowjob, creampie, dp, footjob, futa, handjob, masturbation, threesome, titfuck] [JPG, PNG] [eng]",https://d.ptorrents.com/bt/[ptorrents.com].3171323.torrent,magnet:?xt=urn:btih:af51b9e621f7a9e575c18243b7fa587574079d0b
478814,"[877.9 MB] [Legalporno.com / PornBox.com / AnalVids.com] Gabily Castro - 20 Year Old Brazilian Gym Trainer Gabily Castro In An Intense Double Penetration Scene With 3 Big Cocks (04.04.2025) [2025 г., GangBang, DP, Anal, Interracial, BBC, Young, Gonzo, Hardcore, 480p]",https://d.ptorrents.com/bt/[ptorrents.com].3171487.torrent,magnet:?xt=urn:btih:e8b83d8169908bb5fcd7e785faf434b45d232759
478815,"[2.32 GB] [Legalporno.com / PornBox.com] Ashly Rabbit aka Ashley Rabbit - New Model. And This Is Her First Time! She Has Cum Many Times. (31.03.2025) [2025 г., Young, Gonzo, Hardcore, All Sex, 1080p]",https://d.ptorrents.com/bt/[ptorrents.com].3170582.torrent,magnet:?xt=urn:btih:fb4255efdce2e8dd2cd9312f7c7b57d91c7839cb
478816,"[15.11 GB] [VirtualTaboo.com] Momoka Sakurada - Taste Of Japan [04.04.2025, Asian, Blowjob, Close Up, Cowgirl, Cum Eating, Cum On Face, Doggystyle, Footjob, Hardcore, Japanese, Natural Tits, Panties, POV, Shaved Pussy, Step Daughter, Stepdad, Teen, Virtual Reality, SideBySide, 7K, 3630p, SiteRip] [Oculus Rift / Quest 2 / Vive]",https://d.ptorrents.com/bt/[ptorrents.com].3171599.torrent,magnet:?xt=urn:btih:92ae78e32c5be9612835eb61d142afd4afc5068a
478817,"[2.53 GB] [Legalporno.com / PornBox.com / EKS] Kathy Layne - FIRST DP WITH BLACK GUYS! Beatiful Teen Kathy Layne With Big Natural Tits Gets Her First Double Penetration From Three Black Cocks EKS572 (04.04.2025) [2025 г., GangBang, DP, Anal, Interracial, BBC, Young, Gonzo, Hardcore, 1080p]",https://d.ptorrents.com/bt/[ptorrents.com].3171488.torrent,magnet:?xt=urn:btih:a462ba264cc965d211fe791415c70ff8319139a5
478818,"[3.2 GB] [AnalVids.com / Legalporno.com / PornBox.com / CumRotic] Violet - Milf Violet All Tight Holes Stretched For Creampie (12.02.2025) [2025 г., Anal, Young, Gonzo, Hardcore, Anal Creampie, 4K, 2160p]",https://d.ptorrents.com/bt/[ptorrents.com].3170699.torrent,magnet:?xt=urn:btih:50585244d1792969205cd38830215af912cf8e3b
478819,"[57.18 GB] Asian Domestic Zone Self Filmed Pack 054 (87 videos) [All Sex, Amateur, Asian, Blowjob, Brunette, Cosplay, Couples, Creampie, Doggystyle, Hardcore, Lesbian, OnlyFans, Skinny, Stockings, Teen, Voyeur, 480p, 540p, 720p, 1080p, 2160p, CamRip]",https://d.ptorrents.com/bt/[ptorrents.com].3170858.torrent,magnet:?xt=urn:btih:b6405efb45ac184bd1d07d2b5bc82bd05fc11907
478820,"[200 GB] [AQUA / SexLikeReal.com] Nonoka Sato (The Nonoka Method: Curing Most Any Form of Fast-Finishing) [2024 г., Cumshot Twice, Hardcore, Asian, All Sex, VR, 8k, 4096p] [Oculus Rift / Vive]",https://d.ptorrents.com/bt/[ptorrents.com].3171822.torrent,magnet:?xt=urn:btih:e629fedc70e4e25f4787f7b488a04ee9f27019ca
478821,"[749.8 MB] [DFXSolemates.com / DogFartNetwork.com]Claire Roos(Claire Gets Her Boyfriend's Attention)[2025, Gonzo, Hardcore, All Sex, IR, 540p]",https://d.ptorrents.com/bt/[ptorrents.com].3171827.torrent,magnet:?xt=urn:btih:3f592d4c785a10156d8bbb6b04e866822e8d60d2
478822,"[749.8 MB] [DFXSolemates.com / DogFartNetwork.com]Claire Roos(Claire Gets Her Boyfriend's Attention)[2025, Gonzo, Hardcore, All Sex, IR, 540p]",https://d.ptorrents.com/bt/[ptorrents.com].3171827.torrent,magnet:?xt=urn:btih:3f592d4c785a10156d8bbb6b04e866822e8d60d2
478823,"[1.22 GB] [Legalporno.com / PornBox.com / EKS] Kathy Layne - FIRST DP WITH BLACK GUYS! Beatiful Teen Kathy Layne With Big Natural Tits Gets Her First Double Penetration From Three Black Cocks EKS572 (04.04.2025) [2025 г., GangBang, DP, Anal, Interracial, BBC, Young, Gonzo, Hardcore, 720p]",https://d.ptorrents.com/bt/[ptorrents.com].3171489.torrent,magnet:?xt=urn:btih:3640381964c1f5cf1b6693a43b7f93380830f708
478824,"[1.12 GB] [Legalporno.com / PornBox.com] Ashly Rabbit aka Ashley Rabbit - New Model. And This Is Her First Time! She Has Cum Many Times. (31.03.2025) [2025 г., Young, Gonzo, Hardcore, All Sex, 720p]",https://d.ptorrents.com/bt/[ptorrents.com].3170583.torrent,magnet:?xt=urn:btih:c0fcdfaf9507da47bf3bbf72dd27c65e662d94a4
478825,"[6.89 GB] [PrivateMILFs.com / Private.com] Sata Jones & Britney Dutch - MILF Sata Jones With Britney Dutch In An Anal Threesome [25.10.2024, Anal, A2M, Ass To Mouth, ATOGM, Ass Licking, Gape, Brunette, Brown Hair, Natural Big Tits, MILF, European, Dutch Girl, Russian Girl, Threesome, FFM, HDRip, 2160p 4K]",https://d.ptorrents.com/bt/[ptorrents.com].3171027.torrent,magnet:?xt=urn:btih:1a5d0d61b1177d25bae584babf2730a3ed5bf412
478826,"[360.6 MB] [OnlyTarts.com]Lucy Mendez (Tsunami From Her Panties )[2025, Gonzo, All Sex, Hardcore, , Couples , Straight, 480p]",https://d.ptorrents.com/bt/[ptorrents.com].3171602.torrent,magnet:?xt=urn:btih:e40c0574cb732c60e81b258bbefad418c4cedc40
478827,"[360.6 MB] [OnlyTarts.com]Lucy Mendez (Tsunami From Her Panties )[2025, Gonzo, All Sex, Hardcore, , Couples , Straight, 480p]",https://d.ptorrents.com/bt/[ptorrents.com].3171602.torrent,magnet:?xt=urn:btih:e40c0574cb732c60e81b258bbefad418c4cedc40
478828,"[2.07 GB] Bi Crush: Kellan / Би-Крах: Келлан ( Bi Crush / Corbin Fisher ) [08/2023. Bisexual, Bareback, Oral/Anal Sex, Vaginal Sex, College, Group Sex, Muscled Men, Shaved, Threesome, Hardcore, Cumshots, Compilation,..720p,SiteRip]",https://d.ptorrents.com/bt/[ptorrents.com].3171326.torrent,magnet:?xt=urn:btih:6509113c8ceadc2f4b032947339f79e6f930f711
478829,"[501.1 MB] [HardX.com]River Lynn(Loves Anal)[2025 г., Gonzo, All Sex, Hardcore, Straight,Anal 540p ]",https://d.ptorrents.com/bt/[ptorrents.com].3171829.torrent,magnet:?xt=urn:btih:5162b49c4c4b3889c01cea0151d1e10a4de9baf1
478830,"[501.1 MB] [HardX.com]River Lynn(Loves Anal)[2025 г., Gonzo, All Sex, Hardcore, Straight,Anal 540p ]",https://d.ptorrents.com/bt/[ptorrents.com].3171829.torrent,magnet:?xt=urn:btih:5162b49c4c4b3889c01cea0151d1e10a4de9baf1
478831,"[2.75 GB] Pixie Pink (The first three-hole creampie gangbang with the fantastic Pixie Pink with us / puzzyfun.com) [2024-10-03, Anal Sex, Gangbang, Older Man Younger Woman] [796p]",https://d.ptorrents.com/bt/[ptorrents.com].3171828.torrent,magnet:?xt=urn:btih:42c4fd56dc3f6b68ece31558dd2355d08099b9b2
478832,"[636.2 MB] [Legalporno.com / PornBox.com / EKS] Kathy Layne - FIRST DP WITH BLACK GUYS! Beatiful Teen Kathy Layne With Big Natural Tits Gets Her First Double Penetration From Three Black Cocks EKS572 (04.04.2025) [2025 г., GangBang, DP, Anal, Interracial, BBC, Young, Gonzo, Hardcore, 480p]",https://d.ptorrents.com/bt/[ptorrents.com].3171490.torrent,magnet:?xt=urn:btih:32ef189a5266f6707e3d8054f1d48233ad34a59e
478833,"[814.5 MB] [Maycontaingirl.com] 2025-04-01 Danielle Sellers - Danielle Rocks [Solo, Erotic, Big tits] [1440p]",https://d.ptorrents.com/bt/[ptorrents.com].3171029.torrent,magnet:?xt=urn:btih:7c240d55b0ecdf9418130eff30b5dd90f3eca281
478834,"[585.2 MB] [Legalporno.com / PornBox.com] Ashly Rabbit aka Ashley Rabbit - New Model. And This Is Her First Time! She Has Cum Many Times. (31.03.2025) [2025 г., Young, Gonzo, Hardcore, All Sex, 480p]",https://d.ptorrents.com/bt/[ptorrents.com].3170584.torrent,magnet:?xt=urn:btih:d978ae3563c7bbf06a3a4d8a9d5502b481762c33
478835,"[935.2 MB] [Legalporno.com / PornBox.com / AnalVids.com] Kyra Sex & Giih Spanic & Bruna Santos - P-Sluts Vol.70 Naughty Students Giih Spanic, Kyra Sex And Bruna Santos Fucked By 3 Big Cocks In Anal Orgy (Puk3, Squirting And Anal Rimming) (04.04.2025) [2025 г., Anal, Group Sex, Orgy, Interracial, BBC, Young, Gonzo, Hardcore, 480p]",https://d.ptorrents.com/bt/[ptorrents.com].3171491.torrent,magnet:?xt=urn:btih:84fa41d85269cf1a906362b88356b9f4984ca5dd
478836,"[1.34 GB] [Spizoo.com] Angelika Grays - Angelika Grays Enjoys A Throbbing Cock In Different Positions (02.04.2025) [2025 г., MILF, Gonzo, Hardcore, All Sex, 1080p]",https://d.ptorrents.com/bt/[ptorrents.com].3171030.torrent,magnet:?xt=urn:btih:34b44aeb9b0a0ecd5d13bbdfb6adc7e723c844dc
478837,"[1.26 GB] [TransRoommates.com] Roxxie Moth & Ghost Park | Roxxie Moth Takes A Turn Filling Up Ghost Park (10.03.2025) [2025 г., Shemale on Shemale, Oral, Hardcore, Anal, Ass Licking, Bareback, Cumshot, Creampie, 4K, 2160p, SiteRip]",https://d.ptorrents.com/bt/[ptorrents.com].3170121.torrent,magnet:?xt=urn:btih:a7b4152dd64878e435c0819c53d9e731ee81bcd6
478838,"[88.7 MB] [TeamSkeetXMyMilfz.com / TeamSkeet.com] Anna Darling (Her Pigtails Are Not the Only Thing You Can Grab) [2025 г., MILF, Hardcore, All Sex, 360p]",https://d.ptorrents.com/bt/[ptorrents.com].3171493.torrent,magnet:?xt=urn:btih:354335e7a2f1cb394e7a6ce4c8eb32a6a8888fbc
478839,"[88.7 MB] [TeamSkeetXMyMilfz.com / TeamSkeet.com] Anna Darling (Her Pigtails Are Not the Only Thing You Can Grab) [2025 г., MILF, Hardcore, All Sex, 360p]",https://d.ptorrents.com/bt/[ptorrents.com].3171493.torrent,magnet:?xt=urn:btih:354335e7a2f1cb394e7a6ce4c8eb32a6a8888fbc
478840,"[659.6 MB] [Spizoo.com] Angelika Grays - Angelika Grays Enjoys A Throbbing Cock In Different Positions (02.04.2025) [2025 г., MILF, Gonzo, Hardcore, All Sex, 720p]",https://d.ptorrents.com/bt/[ptorrents.com].3171031.torrent,magnet:?xt=urn:btih:57b88b2b8bd8e4e5a1c6c85934b2dc13538d6938
478841,"[2.65 GB] [Transfixed.com / AdultTime.com] Kasey Kei, Liz Jordan - Bottoming For The Birthday Girl (02-04-2025) (Adulttime) [Feature, Kissing, Blowjob, Big Tits, Fake Tits, Asslicking, Rimming, Cunnilingus, Femdom, Strapon, Shemale On Female, No Condom, Creampie, 2160p, SiteRip]",https://d.ptorrents.com/bt/[ptorrents.com].3171137.torrent,magnet:?xt=urn:btih:d9035e3274f582a6965371f8241cf2acead394af
478842,"[401.6 MB] [Spizoo.com] Angelika Grays - Angelika Grays Enjoys A Throbbing Cock In Different Positions (02.04.2025) [2025 г., MILF, Gonzo, Hardcore, All Sex, 480p]",https://d.ptorrents.com/bt/[ptorrents.com].3171032.torrent,magnet:?xt=urn:btih:a828b76822b076ecc01e4d786f99112b124f4f04
478843,"[21.4 GB] [Pornhub.com] Catty and jon aka sexsilady - Pack !!! 447 Video !!! [2023-2025, Amateur, All Sex,Teen, Roleplay, Natural Tits, Asshole, Deep Anal, Creampie, Cum in Ass, DoggyStyle, Cumshot, Big Dick, No Face, BJ, Couple, Russian, от 480p до 1080p, SiteRip]",https://d.ptorrents.com/bt/[ptorrents.com].3170263.torrent,magnet:?xt=urn:btih:726980940b2b3d69b9709511efe888f235337f34
478844,"[4.02 GB] [AngelaWhite.com] Angela White - 129 ANGELA WHITE X MANDINGO [2017-12-21, Anal, Brunette, Big Tits, Blowjob, Doggystyle, Gonzo, Interracial, Lingerie, MILF, 2160p, SiteRip]",https://d.ptorrents.com/bt/[ptorrents.com].3170862.torrent,magnet:?xt=urn:btih:531351156a81ce5f502aed1bac63c75f90c66165
478845,"[15.4 GB] [VRConk.com] Khloe Kingsley - Wicked: Glinda (A Porn Parody) [2025-03-28, Big Dick, Blowjob, Cosplay, Cum on Face, Hairy, Parody, Skinny, Small Tits, Teen, Natural Tits, American, Close Up, Cowgirl, Deepthroat, Doggystyle, Reverse Cowgirl, Fairy Tale, Movie, VR, 8K, 4096p] [Oculus Rift / Vive]",https://d.ptorrents.com/bt/[ptorrents.com].3170264.torrent,magnet:?xt=urn:btih:fa1cf46b69e9850194c33a4d7db9838f7ca92d8d
478846,"[192.9 MB] [MomDrips.com / TeamSkeet.com] Scarlett Venom (Her Husband Likes to Watch (Member Story)) [2025 г., Cuckold, MILF, Hardcore, All Sex, 360p]",https://d.ptorrents.com/bt/[ptorrents.com].3171495.torrent,magnet:?xt=urn:btih:6224bd4a13ee48ca244a1ff8ee6547658ed7ecb0
478847,"[192.9 MB] [MomDrips.com / TeamSkeet.com] Scarlett Venom (Her Husband Likes to Watch (Member Story)) [2025 г., Cuckold, MILF, Hardcore, All Sex, 360p]",https://d.ptorrents.com/bt/[ptorrents.com].3171495.torrent,magnet:?xt=urn:btih:6224bd4a13ee48ca244a1ff8ee6547658ed7ecb0
478848,"[3.62 GB] [VirtualTaboo.com] Sophie Weber - I Made A Wish [01.04.2025, Babe, Brunette, Masturbation, Natural Tits, no Tattoos, Piercing, Russian, Shaved Pussy, Small Tits, Solo, Teen, Virtual Reality, SideBySide, 7K, 3630p, SiteRip] [Oculus Rift / Quest 2 / Vive]",https://d.ptorrents.com/bt/[ptorrents.com].3171601.torrent,magnet:?xt=urn:btih:6b22f4e1161ad8afd697aea94dea955a6f1f0c86
478849,"[2.73 GB] [ItsPOV.com / StepPOV.com] Alexis Crystal And Lilu Moon - Sassy Step-Daughters [2021-03-06, Anal, Cumshot, Footjob, Gonzo, Hardcore, POV, Threesome (FFM), 2160p, SiteRip]",https://d.ptorrents.com/bt/[ptorrents.com].3170861.torrent,magnet:?xt=urn:btih:a305e925f085430431a625476dfe2791c323ff6a
478850,"[5.11 GB] [18VR.com] Luna B-Bunny - At It Like Rabbits [2025-02-24, Babe, Blonde, Blowjob, Cowgirl, Cum in Mouth, Cumshots, Doggy Style, Fingering, Footjob, Hardcore, Lingerie, POV, Reverse Cowgirl, Shaved Pussy, Skinny, Tattoo, Teen, VR, 4K, 2048p] [Oculus Rift / Vive]",https://d.ptorrents.com/bt/[ptorrents.com].3170265.torrent,magnet:?xt=urn:btih:7c3e23c5edf55a600796bee938382df7db5eae5f
478851,"[1.55 GB] [HookUpHotShot.com]Sasha Tatcha (Episode 418)[2025, Gonzo, All Sex, Hardcore, Rimming,Piss,Anal 480p]",https://d.ptorrents.com/bt/[ptorrents.com].3171833.torrent,magnet:?xt=urn:btih:bc0c1b171a41e4f55b8871d08ba2036c9489cedf
478852,"[1.55 GB] [HookUpHotShot.com]Sasha Tatcha (Episode 418)[2025, Gonzo, All Sex, Hardcore, Rimming,Piss,Anal 480p]",https://d.ptorrents.com/bt/[ptorrents.com].3171833.torrent,magnet:?xt=urn:btih:bc0c1b171a41e4f55b8871d08ba2036c9489cedf
478853,"[1.97 GB] [TransRoommates.com] Nyxi Leon & Stacy Sadistic | Petite Babe Nyxi Leon Is Eager To Please (17.03.2025) [2025 г., Shemale on Shemale, Oral, Hardcore, Anal, Ass Licking, Bareback, Cumshot, Cum on Face, Cum in Mouth, 4K, 2160p, SiteRip]",https://d.ptorrents.com/bt/[ptorrents.com].3170122.torrent,magnet:?xt=urn:btih:a77e518655da4ceb0191017d1d64a7237f04faab
478854,"[3.83 GB] Trans Debutantes 6 / Trans-Debitan 6 (Buddy Wood / Grooby) [11.01.2024, .transsexual, shemale, oral / analysis, compilaration .. Arden Hart, Bailey Brentwood Ciboulette, Eryn Everly, Valentina Sin Concha..720p]",https://d.ptorrents.com/bt/[ptorrents.com].3171327.torrent,magnet:?xt=urn:btih:05126c4a9c79e1a448501563728a97556b388294
478855,"[2.53 GB] [ManyVids / VMVideo] Morgan Ray - Me vs OG Internet MILF Morgan Ray [2024-11-12, Blonde, Blowjob, Cunnilingus, MILF, Mature, Shaved, Tattoos, No Condom, Cum In Moth, 1080p, SiteRip]",https://d.ptorrents.com/bt/[ptorrents.com].3170409.torrent,magnet:?xt=urn:btih:a4610023fb341be3a34b20cb4544219a626c65f7
478856,"[6.01 GB] My Super Timid Sister-in-law Is Totally Submissive To Me! I Have A Sister-in-law Who I Hate. So I Always Bully Her! I'm Swapping My Sister-in-law Couple With My Sex Friend [HUBLK-030] (Bajiou, Hunter) [cen] [2025 г., Creampie, 3P, 4P, Abuse, Kiss, Sister, HDRip] [1080p]",https://d.ptorrents.com/bt/[ptorrents.com].3171605.torrent,magnet:?xt=urn:btih:c884118f27a9359d7fb6cd407176e2e83ee2ef89
478857,"[459.2 MB] [Legalporno.com / Pornbox.com] Jade Jadore - Jade 20 years old, receives a 55 -year -old guy! (31.03.2025) [2025 г., Young, Gonzo, Hardcore, All Sex, 480p]",https://d.ptorrents.com/bt/[ptorrents.com].3170587.torrent,magnet:?xt=urn:btih:5c4d77d6824ddc8791c118608c4ce9f2d0a604cc
478858,"[459.2 MB] [Legalporno.com / Pornbox.com] Jade Jadore - Jade 20 years old, receives a 55 -year -old guy! (31.03.2025) [2025 г., Young, Gonzo, Hardcore, All Sex, 480p]",https://d.ptorrents.com/bt/[ptorrents.com].3170587.torrent,magnet:?xt=urn:btih:5c4d77d6824ddc8791c118608c4ce9f2d0a604cc
478859,"[5.54 GB] [18VR.com] Elena Vedem - Leave the Sneakers On [2025-03-10, Babe, Blowjob, Brunette, Close Up, Cowgirl, Cum in Mouth, Cumshots, Doggy Style, Fingering, Hardcore, POV, Reverse Cowgirl, Shorts, Small Tits, Teen, VR, 4K, 2048p] [Oculus Rift / Vive]",https://d.ptorrents.com/bt/[ptorrents.com].3170266.torrent,magnet:?xt=urn:btih:1fda5c5e6591cc9ce606670f224b0c1d3c3d0d25
478860,"[19.19 GB] [POVR Originals / POVR.com] Hime Marie - Bad Case of Loving You (6354789) [2025-04-02, 60 FPS, Big Cocks, Blowjob, Bra, Brunette, Closeup Missionary, Couples, Cowgirl, Cum On Face, Cumshot, Doggy Style, Ethnic, Fingering, Handjob, Hardcore, HD, High Heels, Latin, Latina Female, Medical Wear, Mini Skirt, Missionary, Nurse, Office, Oil / Lotion, POV, Pussy Fingering, Reverse Cowgirl, Skinny, Small Tits, Spreadeagle, White Male, SideBySide, 3600p, SiteRip] [Oculus Rift / Vive]",https://d.ptorrents.com/bt/[ptorrents.com].3171149.torrent,magnet:?xt=urn:btih:12e41c8cc50b8b22a9820550b0ad7cc61f73a98b
478861,"[117.3 MB] [TeamSkeetAllStars.com / TeamSkeet.com] Lexi Lore (April Spotlight: Welcumming Springtime With Lexi Lore) [2025 г., Hardcore, All Sex, 360p]",https://d.ptorrents.com/bt/[ptorrents.com].3171497.torrent,magnet:?xt=urn:btih:dbf86944235faa1d4fa891b1e2164eea278510e2
478862,"[117.3 MB] [TeamSkeetAllStars.com / TeamSkeet.com] Lexi Lore (April Spotlight: Welcumming Springtime With Lexi Lore) [2025 г., Hardcore, All Sex, 360p]",https://d.ptorrents.com/bt/[ptorrents.com].3171497.torrent,magnet:?xt=urn:btih:dbf86944235faa1d4fa891b1e2164eea278510e2
478863,"[620.1 MB] Splashes with pornses / splat [2025, teen, milf, ral, compilation, pov, roleplay, 720p, hd] [Herova Mountain]",https://d.ptorrents.com/bt/[ptorrents.com].3170123.torrent,magnet:?xt=urn:btih:c389267b8bac1f80f65be97bdfbfa8aca5eeae2d
478864,"[4.29 GB] [18VR.com] Jade J'adore - Les Blondes J'adore [2025-03-03, Babe, Ball Licking, Blonde, Blowjob, Cowgirl, Cum in Mouth, Cum On Face, Cumshots, Doggy Style, Facial, Hardcore, Lingerie, Magic Wand, Petite, POV, Reverse Cowgirl, Skinny, Small Tits, Toys, VR, 4K, 2048p] [Oculus Rift / Vive]",https://d.ptorrents.com/bt/[ptorrents.com].3170267.torrent,magnet:?xt=urn:btih:3711312b9952c9152902719efb0c398c2cf7444f
478865,"[122.39 GB] [SLR Originals / SexLikeReal.com] Lexi Luna, Pristine Edge - Modern Relationship (34191) [2023-04-26, Big tits, Blow job, Pussy licking, Brunette, Close ups, Cowgirl, Reverse cowgirl, Cumshot twice, Cumshots, Hand job, Doggy style, Hardcore, Missionary, Oiled, MILF, F/F/M, Threesome, American, SideBySide, 2900p, SiteRip] [Oculus Rift / Vive]",https://d.ptorrents.com/bt/[ptorrents.com].3171325.torrent,magnet:?xt=urn:btih:7ee50a35c182cd3e00df447cd721181b37f76067
478866,"[1.09 GB] [Legalporno.com / PornBox.com / AnalVids.com] Miami aka Baby Doll - Small Cutie Miami (Formerly a.k.a. Baby Doll) ANAL TRAINING, Sloppy Deepthroat, Rimming, Cum In Mouth (31.03.2025) [2025 г., Anal, Rimming, Young, Gonzo, Hardcore, 720p]",https://d.ptorrents.com/bt/[ptorrents.com].3170588.torrent,magnet:?xt=urn:btih:84a900079edb9a1e6f5de1f3cafa7cb3e3911de9
478867,"[15.03 GB] [VirtualRealPorn.com] Dolly Orchid - Practice for My Class [04.04.2025, Asian, Blonde, Blowjob, Cowgirl, Doggy Style, Missionary, Natural Tits, Reverse cowgirl, SideBySide, 8K, 3840p, SiteRip] [Oculus Rift / Quest 2 / Vive]",https://d.ptorrents.com/bt/[ptorrents.com].3171608.torrent,magnet:?xt=urn:btih:8c0fdd45e0124b41fba8f7c2c58887f937df51b3
478868,"[465.7 MB] [RoccoSiffredi.com]Candee Licious( Rocco's Sex Clinic: Treatment #15) [2025 г., Gonzo,Hardcore,All Sex,POV,Straight,Anal, 540p]",https://d.ptorrents.com/bt/[ptorrents.com].3171835.torrent,magnet:?xt=urn:btih:16d98110fa07cdd0acbf14df96995c5f169b7bff
478869,"[465.7 MB] [RoccoSiffredi.com]Candee Licious( Rocco's Sex Clinic: Treatment #15) [2025 г., Gonzo,Hardcore,All Sex,POV,Straight,Anal, 540p]",https://d.ptorrents.com/bt/[ptorrents.com].3171835.torrent,magnet:?xt=urn:btih:16d98110fa07cdd0acbf14df96995c5f169b7bff
478870,"[6.21 GB] Teacher Dominations 7 / Доминирующий учитель 7 (Innocent High) [2025 г., Blowjob, Straight, Teen, Masturbate, Uniform, Schoolgirls, WEB-DL, 1080p] (Reese Robbins, Elle Lee, Trinity Olsen, Angel Gostosa)",https://d.ptorrents.com/bt/[ptorrents.com].3171607.torrent,magnet:?xt=urn:btih:dc2e3d450b2b4136f33baa24687f2b598b214bcc
478871,"[1.43 GB] [GroobyGirls.com] Sydney Summers & Steve Rickz / Uber Sex Between Sydney And Steve [10.08.2023., Shemale, Tranny, Male on shemale, Oral, Anal, Hardcore, Cumshot,. 1080p, SiteRip]",https://d.ptorrents.com/bt/[ptorrents.com].3171328.torrent,magnet:?xt=urn:btih:ef3816fe1c8d301457242ce15f5ac0383ce68139
478872,"[4.55 GB] [18VR.com] Asandra Sun - Tits the Season [2024-12-16, Babe, Blowjob, Brunette, Cowgirl, Cum in Mouth, Cum on Tits, Cumshots, Doggy Style, Hardcore, High Heels, Lingerie, New Year, POV, Reverse Cowgirl, Skinny, Small Tits, Tattoo, VR, 4K, 2048p] [Oculus Rift / Vive]",https://d.ptorrents.com/bt/[ptorrents.com].3170268.torrent,magnet:?xt=urn:btih:9d2f21cdd3cf9787699818f1b23affd487d257d8
478873,"[16.14 GB] [AnalVids.com / Legalporno.com / PornBox.com / PissVids.com / Yummy estudio] Queen Kimi - Sexy Latina Queen Kimi Drink Huge Bottle Of Piss Then Enjoys Some Intense DAP 0% Pussy With 4 Big Cocks Rimming And Footjod (24.09.2024) [2024 г., GangBang, DAP, Anal, Rimming, Gonzo, Hardcore, Piss, Pee, Cumshot, 4K, 2160p]",https://d.ptorrents.com/bt/[ptorrents.com].3170406.torrent,magnet:?xt=urn:btih:577533c87c1a6289633e57c0ad5240bca69c4860
478874,"[1.3 GB] BELLES DE Rool / BELLES de Reve / Dream Lovers / Beautiful Dreams (Jean-Luc Brunet, Video Marc Dorcel) [1983, Feature, Classic, All Sex, DVDRip] (Cathy Ménard, Elisabeth Buré, EVA Kleber, Evelyne Lang, France Lomay, Liliane Gray, Marie-Christine Chireix) [Rus Sub] [Russian subtitles]",https://d.ptorrents.com/bt/[ptorrents.com].3171329.torrent,magnet:?xt=urn:btih:745581e3d74b0426535fc599b35de9198bbe2a83
478875,"[192.6 MB] [FamilyStrokes.com / TeamSkeet.com] Della Cate (You Don’t Need a Girlfriend) [2025 г., Hardcore, All Sex, 360p]",https://d.ptorrents.com/bt/[ptorrents.com].3171499.torrent,magnet:?xt=urn:btih:02934d14f4092c95ddfe60319e2a3d713bc878f5
478876,"[192.6 MB] [FamilyStrokes.com / TeamSkeet.com] Della Cate (You Don’t Need a Girlfriend) [2025 г., Hardcore, All Sex, 360p]",https://d.ptorrents.com/bt/[ptorrents.com].3171499.torrent,magnet:?xt=urn:btih:02934d14f4092c95ddfe60319e2a3d713bc878f5
478877,"[569.6 MB] [Legalporno.com / PornBox.com / AnalVids.com] Miami aka Baby Doll - Small Cutie Miami (Formerly a.k.a. Baby Doll) ANAL TRAINING, Sloppy Deepthroat, Rimming, Cum In Mouth (31.03.2025) [2025 г., Anal, Rimming, Young, Gonzo, Hardcore, 480p]",https://d.ptorrents.com/bt/[ptorrents.com].3170589.torrent,magnet:?xt=urn:btih:aed0cacd5b39e42c17d051b60fc20fd0f1f955d1
478878,"[5.6 GB] Fuyue Kotone, Fujita Kozue, Akari Nonoka, Arisu Mai, Nijiiro Gumi - A Loner Rises To Power As A Bitch And Completely Dominates Annoying Girls With A Submissive Spray! [HUBLK-054] (Gemini, Hunter) [cen] [2025 г., Creampie, Schoolgirls, Abuse, Deep Throat, School Uniform, HDRip] [1080p]",https://d.ptorrents.com/bt/[ptorrents.com].3171609.torrent,magnet:?xt=urn:btih:561678b70365e8b67ae95109b6c47985c316f0a4
478879,"[1.94 GB] My Boss Banged My Box 5 / Мой босс трахнул мою дырку 5 (Stoney Curtis, Jerry Kovak / Lethal Hardcore) [2024 г., Blonde, Brunette, Facial, Natural Tits, Big Ass, Latina, Teen, Rimming, Straight, Stockings, VOD, 480p] (Split Scenes) (Claire Roos, Hazel Heart, Kaia Martin, Maisey Monroe)",https://d.ptorrents.com/bt/[ptorrents.com].3171036.torrent,magnet:?xt=urn:btih:b9154c2a3e55bd97b1cc39f5ae64676b956eb699
478880,"[6.15 GB] [BBCSurprise.com] Ava, McKenzie ( 18 and Living the American Dream (BBC STYLE) [2024 г., Gonzo, Hardcore, Couples, All Sex, IR, 1080p]",https://d.ptorrents.com/bt/[ptorrents.com].3171837.torrent,magnet:?xt=urn:btih:526ce06a2f78e2ea8ed05ef5400c4e388eab0203
478881,"[6.93 GB] [VRBangers.com] Lulu Chu, Linda Lan - Bad Girls: Most Wanted [2024-09-27, Asian, Babe, Blowjob, Cum on Body, Brunette, Hairy, Handjob, Kissing, Masturbation, Natural Tits, Orgy, Skinny, Small Tits, Stockings, Tattoo, Voyeur, Balls Licking, Deepthroat, Dirty Talk, Lingerie, Shaved, Doggystyle, Cowgirl, VR, 4K, 1920p] [Oculus Rift / Vive]",https://d.ptorrents.com/bt/[ptorrents.com].3170269.torrent,magnet:?xt=urn:btih:300f14af3f9750c113d04b7faa1fd83c1c01bdfa
478882,"[3.38 GB] (Litisium) / Art Conslium (Litsilium) (Litssilium) (Litssilium) (Litssilium), PSDs] [the]",https://d.ptorrents.com/bt/[ptorrents.com].3170124.torrent,magnet:?xt=urn:btih:b5aca535966d572d40c38b5225850bc8ed9d8ca0
478883,"[833.5 MB] Memories Of Monroe / Воспоминания о Монро (Filmco Releasing) [1992 г., All Sex, Facial, Compilation, VHSRip] (Carolyn Monroe, Buck Adams, Cole Stevens, Micky Ray, Randy West, TT Boy)",https://d.ptorrents.com/bt/[ptorrents.com].3171836.torrent,magnet:?xt=urn:btih:b94a6ccf84065a962772434ca337966aa23131db
478884,"[5.18 GB] [VRBangers.com] Molly Little - Sneaky Stepbro Licked Me Off [2024-09-20, Blonde, Blowjob, Creampie, Footjob, Handjob, Masturbation, Natural Tits, Skinny, Small Tits, Taboo, Tattoo, Teen, Voyeur, American, Deepthroat, Dirty Talk, Shaved, Close Up, Doggystyle, Cowgirl, Stepsister, VR, 4K, 1920p] [Oculus Rift / Vive]",https://d.ptorrents.com/bt/[ptorrents.com].3170270.torrent,magnet:?xt=urn:btih:1be16b95b0bbe1efc4884bc7357145b986238a6a
478885,"[1.06 GB] [GroobyVR.com (VR2Normal)] Izzy Wilde & Michael Fly / Let’s Have Some Fun [17.11.2023., Shemale, Tranny, Male on shemale, Oral, Anal, Hardcore, Bareback, POV, Doggystyle, Missionary, Dildo,VR2Normal, .1080p,]",https://d.ptorrents.com/bt/[ptorrents.com].3170868.torrent,magnet:?xt=urn:btih:8bbe41a1a22c23651470624be98dc9de968f8b45
478886,"[3.38 GB] Mizubata Asami - Secret Meeting On A Dangerous Day I Got Pregnant With My Brother-In-Law's Sperm... [KSBJ-243] (Sakura Nin, KSB Kikaku / Emmanuelle) [cen] [2023 г., Married Woman, Affair, Tall, Slender, Solowork, Creampie, HDRip] [1080p]",https://d.ptorrents.com/bt/[ptorrents.com].3171151.torrent,magnet:?xt=urn:btih:011a8797a8198afe63b39004bfd706b1d911095f
478887,"[104.87 GB] [thedicksuckers.com] The Dick Suckers Videos Pack 3/3 1080p (158 роликов) [2013-2008, Blowjob, Facial, Handjob, 1080p]",https://d.ptorrents.com/bt/[ptorrents.com].3170117.torrent,magnet:?xt=urn:btih:403c0b7b6bc29a9620d434abf2cc6814b096fa2f
478888,"[9.58 GB] [PornStarsLikeItBig.com / Brazzers.com] Kagney Linn Karter & Monique Alexander - Porno P.I. : Part Three [2014, Anal, Blonde, Big Tits, Blowjob, Facial, Redhead, Stockings, Threesome (FFM), 2160p, Upscale]",https://d.ptorrents.com/bt/[ptorrents.com].3170869.torrent,magnet:?xt=urn:btih:4349cd4cf02532b8f22ee1bf45507fe0be593f53
478889,"[7.99 GB] Haruna Noa - What!? 80%? What Is This Number? A World Where The Probability Of Getting Laid Is Visualized And Only I Can See It! Office Edition What Is That Number Visible Above Your Head! [HUNTC-310] (Korosuke, Hunter) [cen] [2025 г., OL, Blowjob, Creampie, Kiss, Fantasy, HDRip] [1080p]",https://d.ptorrents.com/bt/[ptorrents.com].3171612.torrent,magnet:?xt=urn:btih:3683a1fd7493c92c357b93f4603d651809a85047
478890,"[5.91 GB] [VRBangers.com] Coco Lovelock, Myra Moans - Sorority Hookup: Tight And Horny [2024-08-30, Blonde, Blowjob, Curvy, Cum on Face, Handjob, Kissing, Masturbation, Natural Tits, Redhead, Skinny, Small Tits, Sorority Hookup, Teen, Threesome, American, Balls Licking, Deepthroat, Dirty Talk, F/F/M, Shaved, Close Up, Doggystyle, Cowgirl, VR, 4K, 1920p] [Oculus Rift / Vive]",https://d.ptorrents.com/bt/[ptorrents.com].3170271.torrent,magnet:?xt=urn:btih:17e62329a0cd75c318fe925a2efbece87b03c149
478891,"[10.56 GB] [Emerald Ocean / Anastasia Ocean] (12 ролик) Pack [2020-2023, Big Tits, Creampie, Facial, Teen, 1080p]",https://d.ptorrents.com/bt/[ptorrents.com].3170704.torrent,magnet:?xt=urn:btih:17fdd968c20a4f8e9a325ceb659f5ad225fb3e6c
478892,"[5.89 GB] [hegre.com] 2025-03 / March, Posing, Oral, Couple, Lineergie, B&W] [5000x9000, 7500x1000, 1000x14000, 1247 photos, 27 sets]",https://d.ptorrents.com/bt/[ptorrents.com].3170578.torrent,magnet:?xt=urn:btih:1fc1cebb4500196ed23b60a197455822ead61cf3
478893,"[828.9 MB] [XVideos.red] Shinaryen - Landlord fucks me because i have no money to pay my rent [2024, Teen, Skinny, Young, All Sex, Hardcore, Big Tits, Blonde, Homemade, Slim/Slender body, Babyface, Beauty, Perfect body, 1440p, SiteRip]",https://d.ptorrents.com/bt/[ptorrents.com].3171037.torrent,magnet:?xt=urn:btih:ecdba7119a976e940549ad56dcbe46385d532651
478894,"[249.6 MB] [OnlyFans.com] TaraTheWitch [Big Ass, Big Tits, Natural Tits, solo, Posing, Brunette,] [446x800 - 4880x4011, 619 фото]",https://d.ptorrents.com/bt/[ptorrents.com].3170590.torrent,magnet:?xt=urn:btih:33bc511b3b7db7e1bfedc754449a639f658506ef
478895,"[8.21 GB] [VRBangers.com] Blake Blossom, Gizelle Blanco - The Sex Garden [2024-12-06, Babe, Big Tits, Blonde, Blowjob, Brunette, Cum on Tits, Hairy, Handjob, Kissing, Masturbation, Natural Tits, Outdoor, Stockings, Threesome, Voyeur, American, Balls Licking, Deepthroat, Dirty Talk, F/F/M, Lingerie, Pussy Licking, Close Up, Doggystyle, Cowgirl, Reverse Cowgirl, VR, 4K, 1920p] [Oculus Rift / Vive]",https://d.ptorrents.com/bt/[ptorrents.com].3170272.torrent,magnet:?xt=urn:btih:6789b5dcfaa0af66914e9458af4f8e38575d00a4
478896,"[841.9 MB] [FemJoy.com] Lilly A - Artwork [2025-03-29, Erotic, Posing, Solo, 1080p, SiteRip]",https://d.ptorrents.com/bt/[ptorrents.com].3170126.torrent,magnet:?xt=urn:btih:9d444ec1fcb4d5ec39cfd95477454bede3f96835
478897,"[5.79 GB] At The Cultural Festival Stall For The 3rd Year C Class, You Can Suck Dick As Much As You Want For A Certain Time! You Can Suck Boobs As Much As You Want! You Can Also Suck Pussy As Much As You Want! [HUNTC-338] (Masanori, Hunter) [cen] [2025 г., Creampie, 3P, 4P, Schoolgirls, School Stuff, Swimsuit, HDRip] [1080p]",https://d.ptorrents.com/bt/[ptorrents.com].3171614.torrent,magnet:?xt=urn:btih:bc7aedc4c92d23a6c8e4c6ad41abe4c610b0ebbc
478898,"[862.4 MB] [TransRoommates.com] Skyler Banx, Ria Bentley / Hot Trans Beauties In Black Lingerie (31.03.2025) (TransRoommates) [2025 г., Shemale on Shemale, Anal, Hardcore, Bareback, 1080p, SiteRip]",https://d.ptorrents.com/bt/[ptorrents.com].3170705.torrent,magnet:?xt=urn:btih:bb316c95099dac54600929837dc00710e21c46d1
478899,"[231.05 GB] [NoRestForTheAss.com / LegalPorno.com] Video Pack / Part 3 (100 роликов) [2010-2011, All Sex, Gonzo, Anal, DP, Oral, Lesbo, Solo, Creampie, Swallow] [1080p]",https://d.ptorrents.com/bt/[ptorrents.com].3171035.torrent,magnet:?xt=urn:btih:ffeceff3e8bfae32277e3f28e1bc646f5189d8c4
478900,"[2.2 GB] [Legalporno.com / PornBox.com / AnalVids.com] Gabily Castro - Gabily Castro, 20y Beautiful Brazilian Blonde, Take 2 Dicks In The Ass For The First Time (DAP, DP, Anal, DAPBreakin, BBC, IR) OB469 (30.03.2025) [2025 г., GangBang, DAP, DP, Anal, Interracial, BBC, Young, Gonzo, Hardcore, 1080p]",https://d.ptorrents.com/bt/[ptorrents.com].3170273.torrent,magnet:?xt=urn:btih:55322d810005d23fd4712952d7cb9233d90cb93d
478901,"[9.96 GB] [BigTitsAtSchool.com / Brazzers.com] Madison Ivy & Monique Alexander - Are You Staring At Your Teacher's Tits [2014, Brunette, Big Tits, Blowjob, Facial, Redhead, Stockings, Threesome (FFM), Titfuck, 2160p, Upscale]",https://d.ptorrents.com/bt/[ptorrents.com].3170871.torrent,magnet:?xt=urn:btih:6372d2c175374e454325d7cbe487a394032f5378
478902,"[801.5 MB] [ManyVids.com] Andre Stone & Claire Gemini aka Claire Tenebrarum / Petite Trans Cutie Claire Gemini Gets Huge Creampie [06.03.2025 г., Shemale, Tranny, Male on shemale, Amateur, Oral, Anal, Hardcore, Bareback, Cumshot,.1080p, SiteRip]",https://d.ptorrents.com/bt/[ptorrents.com].3170870.torrent,magnet:?xt=urn:btih:8d7fb25099de4c500629bfc63f52bcb2afd97910
478903,"[208.2 MB] [StasyQ.com] Elly (#642) [2025-03-30, Erotic, Posing, Solo, 1080p, SiteRip]",https://d.ptorrents.com/bt/[ptorrents.com].3170592.torrent,magnet:?xt=urn:btih:8e2e762b3ed1be957d65bfcf7bdd202df4889bab
478904,"[129.29 GB] [Teamskeet.com/Mylf.com] Leana Loving Full Pack (34 ролика) Pack [2021-2025, BBC, Big Ass, Big Cock, Big Tits, Blowjob, Creampie, Facial, Hardcore, Interracial, Natural Tits, Teen]",https://d.ptorrents.com/bt/[ptorrents.com].3171150.torrent,magnet:?xt=urn:btih:96faf33c927176b18d7ce4f2f58d029e3f855051
478905,"[904.9 MB] [evilangel.com] Jessy Jean - Jessy Jean Delicious Blonde [2017, Blonde, Hardcore, Swallow, 720p, WEB-DL]",https://d.ptorrents.com/bt/[ptorrents.com].3170708.torrent,magnet:?xt=urn:btih:0ab35901f24f2b6247fa0a02069ead9ac6f57337
478906,"[23.61 GB] [Chaturbate.com] kylliefox -MASSIVE Cock Shemale Cumming Hard (126 videos) [2024 г., Shemale, Big cock, Huge Cock, Cumshot, Solo, 1080p]",https://d.ptorrents.com/bt/[ptorrents.com].3171153.torrent,magnet:?xt=urn:btih:114624f0f852bbf4356c055304ed0ca47559da78
478907,"[636.6 MB] [XVideos.red] Shinaryen - I ride him until he cums inside my pussy [2024, Teen, Skinny, Young, All Sex, Hardcore, Big Tits, Blonde, Homemade, Slim/Slender body, Babyface, Beauty, Perfect body, 1440p, SiteRip]",https://d.ptorrents.com/bt/[ptorrents.com].3171038.torrent,magnet:?xt=urn:btih:96699833b18f5248bb09702416fdde74a993cdaf
478908,"[1.07 GB] [Legalporno.com / PornBox.com / AnalVids.com] Gabily Castro - Gabily Castro, 20y Beautiful Brazilian Blonde, Take 2 Dicks In The Ass For The First Time (DAP, DP, Anal, DAPBreakin, BBC, IR) OB469 (30.03.2025) [2025 г., GangBang, DAP, DP, Anal, Interracial, BBC, Young, Gonzo, Hardcore, 720p]",https://d.ptorrents.com/bt/[ptorrents.com].3170274.torrent,magnet:?xt=urn:btih:91a60d08b86755911f83e6570ea1ac8dec51b360
478909,"[1020.5 MB] [GirlsOnlyPorn.com / NubileFilms.com] Cherry Candle & Matty - What Turns Her On Part 1 (S12:E4) [2025, Girl/Girl, Lesbian, Redhead , Natural Tits, Pussy Licking, Kissing, Fingering, Masturbation, Rimming, Facesitting, 1080p]",https://d.ptorrents.com/bt/[ptorrents.com].3171615.torrent,magnet:?xt=urn:btih:58c1f9a636873db84bca5b91760446272bcacb3d
478910,"[386.8 MB] [NubileFilms.com] 2024-05-03 Ivi Rein - Coming Out On Top [All Sex, Pussy Licking, Blowjob, Cowgirl, Doggy Style, Blonde, Long Hair, Shaved Pussy] [6000x4000 - 4000x6000, 87 photos]",https://d.ptorrents.com/bt/[ptorrents.com].3171616.torrent,magnet:?xt=urn:btih:c186faef194703f6cc7363d6a7c9a6bfb23be025
478911,"[24.68 GB] [CzechVR.com] Kinuski, Nuria Millan - Arousing Show (CzechVR 774) [29.03.2025, Big Tits, Blowjob, Brunette, Close ups, Cowgirl, Croptop, Cum on Face, Cum on Tits, Cum Play, Curvy, Dress, FFM, Flatmate, Gaping, Hardcore, High Heels, Intimate Missionary, Lingerie, Panties, Piercing, Pussy Closeup, Pussy Gaping, Pussy Licking, Reverse Cowgirl, Shaved Pussy, Sideways Cowgirl, Skirt, Tattoo, Teasing, Threesome, Whispering, Virtual Reality, SideBySide, 8K, 3840p, SiteRip] [Oculus Rift / Quest 2 / Vive",https://d.ptorrents.com/bt/[ptorrents.com].3170412.torrent,magnet:?xt=urn:btih:1035d6bb80e5c8d6ada472be2fe952c77679a07d
478912,"[5.3 GB] [StripChat.com] Sweet wild - sweet wild-StripChat cam show Mar-30-2025 [2025-03-30, Amateur, BDSM, Dildo, Fetish, Latina, Masturbation, Natural Tits, Waxing, Breast Bondage, 720p, WebCam]",https://d.ptorrents.com/bt/[ptorrents.com].3170709.torrent,magnet:?xt=urn:btih:b58af922ba2d82e02d52ad70cac31921238fc9b7
478913,"[556.2 MB] [Legalporno.com / PornBox.com / AnalVids.com] Gabily Castro - Gabily Castro, 20y Beautiful Brazilian Blonde, Take 2 Dicks In The Ass For The First Time (DAP, DP, Anal, DAPBreakin, BBC, IR) OB469 (30.03.2025) [2025 г., GangBang, DAP, DP, Anal, Interracial, BBC, Young, Gonzo, Hardcore, 480p]",https://d.ptorrents.com/bt/[ptorrents.com].3170275.torrent,magnet:?xt=urn:btih:702799d31802ffb093e6abb991d788b2cba58a37
478914,"[1.49 GB] Lady in Red / Lady in red (Eduardo Dinero / VCA / Herzog Video) [1993, Feature, Facial, Girl-Girl, DVDRip] (Alexis Devell, Heather Hart, Melanie Moore, Sierra, Marc Wallice, Terry Thomas, Tom Byron)",https://d.ptorrents.com/bt/[ptorrents.com].3171844.torrent,magnet:?xt=urn:btih:4b217001cfb217997f040cdb800362f2ab4cb3bd
478915,"[360.3 MB] [StepSiblingsCaught.com / Nubiles-Porn.com] Cheerleader Kait (Stepsisters Birthday Surprise - S28:E10) [2025 г., Hardcore, All Sex, 360p]",https://d.ptorrents.com/bt/[ptorrents.com].3171846.torrent,magnet:?xt=urn:btih:9fc50a3bc17b900f6b10cbb2fd8de19fa2b8770d
478916,"[360.3 MB] [StepSiblingsCaught.com / Nubiles-Porn.com] Cheerleader Kait (Stepsisters Birthday Surprise - S28:E10) [2025 г., Hardcore, All Sex, 360p]",https://d.ptorrents.com/bt/[ptorrents.com].3171846.torrent,magnet:?xt=urn:btih:9fc50a3bc17b900f6b10cbb2fd8de19fa2b8770d
478917,"[1.64 GB] Hot In The City! / Горячо в городе (Tina Marie, Canyon Video) [1989 г., Classic, VHSRip] [rus] (Arcie Miller, Christy Canyon, Sasha (as Sasha Strange), Stacy Lords, Billy Dee, Johnny Ace, Peter North, Tom Byron)",https://d.ptorrents.com/bt/[ptorrents.com].3170127.torrent,magnet:?xt=urn:btih:aaee3c0676faf7ff5c4e693e011c398479203975
478918,"[3.4 GB] Spice 5 (Tushy) [2025 г., All Sex, WEB-DL, 720p] (Alex H Banks, Alexis Tae, Isabella Nice, Kazumi Squirts)",https://d.ptorrents.com/bt/[ptorrents.com].3171617.torrent,magnet:?xt=urn:btih:b41c5ef040581db8d9f3b435224486a5ea3e8912
478919,"[21.9 GB] [BaDoinkVR.com] Hailey Rose - Oil This Gal Up [04.04.2025, Babe, Big Tits, Blowjob, Brunette, Cowgirl, Creampie, Curvy, Doggy Style, Hairy, Missionary, Oiled, Natural, Reverse Cowgirl, Titty Fuck, Virtual Reality, SideBySide, 8K, 4096p, SiteRip] [Oculus Rift / Quest 2 / Vive]",https://d.ptorrents.com/bt/[ptorrents.com].3171610.torrent,magnet:?xt=urn:btih:156ab13641b52b4782e7581d3fb54027311bd00f
478920,"[841.6 MB] [XVideos.red] Shinaryen - I came inside gamer girl's pussy [2024, Teen, Skinny, Young, All Sex, Hardcore, Big Tits, Blonde, Homemade, Slim/Slender body, Babyface, Beauty, Perfect body, 1440p, SiteRip]",https://d.ptorrents.com/bt/[ptorrents.com].3171040.torrent,magnet:?xt=urn:btih:667d632db6bb7c21333254ca9aa35849b9d9c141
478921,"[9.57 GB] Even Though My Husband Is Next To Me, I... A Wicked Bridal Salon That Targets Newlyweds And Seduces Newlyweds 70cm From Their Husbands. Immoral Massage NTR. An Unfaithful Wife Who Discovers The Pleasure Of Her First Life Through Unwanted Sex And Demands A Second Creampie 2 [CLUB-861] (Hentai Shinshi Kurabu) [cen] [2025 г., Married Woman, Massage, Voyeur, Cuckold, SiteRip] [1080p]",https://d.ptorrents.com/bt/[ptorrents.com].3170276.torrent,magnet:?xt=urn:btih:ddfc53f15e02e2809baf11f95e712717a3aa1899
478922,"[55.65 GB] [SLR Originals / SexLikeReal.com] Suttin, Melissa Stratton - Gym Girls (34517) [2023-05-15, Blow job, Boobs, Silicone, Brunette, Close ups, Cowgirl, Reverse cowgirl, Doggy style, Hardcore, Missionary, Pierced nipple, Pierced pussy, Tattoo, F/F/M, Threesome, Gym, American, SideBySide, 2900p, SiteRip] [Oculus Rift / Vive]",https://d.ptorrents.com/bt/[ptorrents.com].3171331.torrent,magnet:?xt=urn:btih:c88b08ede68097831bb5723db036e804f6e9d476
478923,"[1007.6 MB] [XVideos.red] Shinaryen - I let stranger fuck me in public he came inside!! [2024, Teen, Skinny, Young, All Sex, Hardcore, Big Tits, Blonde, Homemade, Slim/Slender body, Babyface, Beauty, Perfect body, 2160p, SiteRip]",https://d.ptorrents.com/bt/[ptorrents.com].3171039.torrent,magnet:?xt=urn:btih:05a237fa7ecfdca88834b15719cabc555ffe17fe
478924,"[5.24 GB] Ashina Honoka - A Relative's Wedding... I Was Abnormally Aroused By My Mother-in-law Dressed In A Dress... Immoral Big-dick Mother-son Incest In The Same Room [NGOD-261] (JET Eizou) [cen] [2025 г., Married Woman, Incest, Stepmother, Cuckold, Huge Cock, HDRip] [1080p]",https://d.ptorrents.com/bt/[ptorrents.com].3171618.torrent,magnet:?xt=urn:btih:21cb98019ac6509357927dab8bdad9e176d67ef3
478925,"[38.46 GB] [VRoomed / SexLikeReal.com] Rita Oral - The Right Wrong (55287) [2025-03-29, Blow job, Nipple play, Brunette, Close ups, Cowgirl, Reverse cowgirl, Cum in mouth, Pigtail / ponytail, Hand job, Hardcore, Shaved pussy, Pierced navel, Tattoo, SideBySide, 4096p, SiteRip] [Oculus Rift / Vive]",https://d.ptorrents.com/bt/[ptorrents.com].3170591.torrent,magnet:?xt=urn:btih:3a7ccd97bfec4c8adcd1bab8776bc61991b1da12
478926,"[81.15 GB] Connie Carter (77 роликов) Full HD MegaPack (Constance, Connie, Connie Carter, Conny Carter, Josephine, Anna Kolarova) [2012-2016, Big Tits, Natural Tits, 1080p, Solo, Straight]",https://d.ptorrents.com/bt/[ptorrents.com].3171330.torrent,magnet:?xt=urn:btih:cb68af0c706cc19b7f9c024b2c4032089fd5fe4c
478927,"[5.07 GB] [2018-08-26] Stacy Cruz - X-Angels.com, teenmegaworld.net [2018-08-26, Babes, Barely Legal, Bikini, Brunette, Big Cock, Blowjob, Cumshot, Dogging, Facial, Gonzo, Hardcore, Handjob, Natural Tits, Skinny, Straight, Teen, 2160p, SiteRip]",https://d.ptorrents.com/bt/[ptorrents.com].3171847.torrent,magnet:?xt=urn:btih:d85e3fce07e8d82e6b2e83784b2425a8fd68b997
478928,"[2.92 GB] [filthykings.com] Jordyn Falls - Jordyn's Big Juicy Jugs [2022-08-27, BBC, Big Tits, Cumshot, Ebony, Lingerie, 2160p, SiteRip]",https://d.ptorrents.com/bt/[ptorrents.com].3170875.torrent,magnet:?xt=urn:btih:67c40a520891601ac862f2ebddc67c3af4543eed
478929,"[4.13 GB] [DungeonSex / Kink.com] Cherry Kiss - Anal Ecstasy [2025 г., Anal, BDSM, Bondage, Blonde, Natural Tits, Rope Bondage, Hardcore, Vibrator, Flogging, Cumshot, 1080p]",https://d.ptorrents.com/bt/[ptorrents.com].3171850.torrent,magnet:?xt=urn:btih:cf595a118ce8e29a91889a9082304177f4fb7d37
478930,"[919.6 MB] [StasyQ.com] Elly (#642) [2025-03-30, Erotic, Posing, Solo, 2160p, SiteRip]",https://d.ptorrents.com/bt/[ptorrents.com].3170594.torrent,magnet:?xt=urn:btih:5b8dd8686a63afb4ae42dfb050c553783f8c89df
478931,"[2.58 GB] [FapHouse.com] Maddie Cross - Atomic Bombshell: Greaser Fucks GILF [2024-10-21, BBW, Blonde, Big Tits, Blowjob, Cumshot, Cunnilingus, Hairy, MILF, Mature, No Condom, Cum On Tits, Glasses, 2160p, SiteRip]",https://d.ptorrents.com/bt/[ptorrents.com].3170413.torrent,magnet:?xt=urn:btih:e79daa73e8dc4edbcde580feab6bc441e306957c
478932,"[13.6 GB] M.I.L.F.S / М.И.Л.Ф.Ы(Franck Vicomte , Marc Dorcel ) [2024 г., Feature, Couples, All Sex ,Hardcore , Threesome, Anal WEB-DL 2160p] (Split Scenes) (eo Ahsoka, Mariska X, Shalina Devine, Veronica Leal)",https://d.ptorrents.com/bt/[ptorrents.com].3171511.torrent,magnet:?xt=urn:btih:2f512d183a6551963ee728aed00184685ebb89a4
478933,"[33.64 GB] [Chaturbate.com] Sarina Havok (26 роликов) Pack (Sarinahavok) [2021-2025, Shemale, Couple, Blowjob, Female On Shemale, Shemale On Female, Hardcore, Masturbation, Camshow, WebCam, 720p, 1080p]",https://d.ptorrents.com/bt/[ptorrents.com].3171332.torrent,magnet:?xt=urn:btih:b1587a6657b3ff110d8d5decffb22d18d9070c55
478934,"[1.99 GB] [XVideos.red] Shinaryen - He accidentally came inside me [2024, Teen, Skinny, Young, All Sex, Hardcore, Big Tits, Blonde, Homemade, Slim/Slender body, Babyface, Beauty, Perfect body, 2160p, SiteRip]",https://d.ptorrents.com/bt/[ptorrents.com].3171041.torrent,magnet:?xt=urn:btih:9d790f81040d92533e56da1a7674263f4ebcdd7a
478935,"[650.5 MB] [ATKGirlfriends.com] Isabella Jules - Schoolgirl POV (1773 Scene #1) [2025-03-29, Blowjob, Doggystyle, Footjob, Handjob, POV, Pissing, Cum on Hands, Cum on Tits, Daddy, Bathroom, 480p, SiteRip]",https://d.ptorrents.com/bt/[ptorrents.com].3170415.torrent,magnet:?xt=urn:btih:6dc2d626f95a67f97c11a5a2b18f6a67a44fcc8f
478936,"[650.5 MB] [ATKGirlfriends.com] Isabella Jules - Schoolgirl POV (1773 Scene #1) [2025-03-29, Blowjob, Doggystyle, Footjob, Handjob, POV, Pissing, Cum on Hands, Cum on Tits, Daddy, Bathroom, 480p, SiteRip]",https://d.ptorrents.com/bt/[ptorrents.com].3170415.torrent,magnet:?xt=urn:btih:6dc2d626f95a67f97c11a5a2b18f6a67a44fcc8f
478937,"[3.5 GB] [VRBangers.com] Stella Luxx, Sophia Locke - Stepdaddy's Double Date [04.04.2025, American, BlowJob, Close Up, Cowgirl, Cum in Mouth, Deepthroat, Dirty Talk, Doggystyle, FFM, Handjob, Kissing, Lingerie, Masturbation, MILF, Natural Tits, Pussy Licking, Redhead, Reverse Cowgirl, Shaved, Skinny, Small Tits, Stepdad, Taboo, Tanlines, Tattoo, Teen, Threesome, Virtual Reality, SideBySide, 4K, 1920p, SiteRip] [Oculus Rift / Quest / Vive]",https://d.ptorrents.com/bt/[ptorrents.com].3171619.torrent,magnet:?xt=urn:btih:b3b12e6b5b3dba8d42f0a69b162bfb52a1d03287
478938,"[692.2 MB] [Legalporno.com / PornBox.com / PissVids.com / EKS] Megan Love - Megan Love's Wet Anal Adventure With Hard Fucking And A Stream Of Piss Right Into Her Mouth From A Big Cock EKS569 (30.03.2025) [2025 г., Anal, Young, Gonzo, Hardcore, 480p]",https://d.ptorrents.com/bt/[ptorrents.com].3170279.torrent,magnet:?xt=urn:btih:7aebc1ab9f857b83e5779ac7407ff5065c592b85
478939,"[692.2 MB] [Legalporno.com / PornBox.com / PissVids.com / EKS] Megan Love - Megan Love's Wet Anal Adventure With Hard Fucking And A Stream Of Piss Right Into Her Mouth From A Big Cock EKS569 (30.03.2025) [2025 г., Anal, Young, Gonzo, Hardcore, 480p]",https://d.ptorrents.com/bt/[ptorrents.com].3170279.torrent,magnet:?xt=urn:btih:7aebc1ab9f857b83e5779ac7407ff5065c592b85
478940,"[851.8 MB] Tetonas Locas 5 / Crazy Tits 5 / Crazy Big Tits 5 (Culioneros.com / Bangbros.com) [2017, Latin, All Sex, Big Ass, Blowjob, Cumshot, Gonzo, Siterip] (Allyson More, Celeste, Donna Bell, Sensual Jane)",https://d.ptorrents.com/bt/[ptorrents.com].3171334.torrent,magnet:?xt=urn:btih:928e899118589e4bd6887ee7eea5caab65e7e6ff
478941,"[3.83 GB] Lonely Wives Club 5 (MYLF) [2022 г., All Sex, WEB-DL, 720p] (Christiana Cinn, Preston Lee, Amber Chase, Tina Kay)",https://d.ptorrents.com/bt/[ptorrents.com].3170595.torrent,magnet:?xt=urn:btih:8e2e4fdde16cee0ba5c6c91301dfcf51c947d3b1
478942,"[2.14 GB] MMF DP And Love [2025 г., All Sex, WEB-DL, 720p] (Aliz, Joanna Angel, Vanessa Sky,)",https://d.ptorrents.com/bt/[ptorrents.com].3171621.torrent,magnet:?xt=urn:btih:c692206792206433b96d7ea8d4f15b103104f16a
478943,"[35.73 GB] [immerSex / SexLikeReal.com] Tattooed Kate - The Taste of Cuck (55349) [2025-03-30, Big tits, Blow job, Natural Tits, Creampie, Colorful, Long hair, Hand job, Doggy style, Hardcore, Standing missionary, Shaved pussy, Pierced nipple, Pierced pussy, Tattoo, SideBySide, 4096p, SiteRip] [Oculus Rift / Vive]",https://d.ptorrents.com/bt/[ptorrents.com].3170593.torrent,magnet:?xt=urn:btih:69c6f680494c442ad12f8bc0b4aadbd68ffcd656
478944,"[8.02 GB] Himesaki Hana, Kashiwagi Konatsu, Hazuki Kanon - ""Big Brother...just Stay With Me Today..."" My Cheeky Little Sister Who Always Looks Down On Me Suddenly Clings To Me!? I Can't Keep My Cool With The Gap Between My Usual Self And My Big-breasted Sister's, Who Clings To Me In The Bathroom, Bath, And Even In Bed! [DOCD-054] (Pisu Bochi Otto, DOC) [cen] [2025 г., Big Tits, Sister, Bath, HDRip] [1080p]",https://d.ptorrents.com/bt/[ptorrents.com].3171622.torrent,magnet:?xt=urn:btih:8f59daf2c90f0f53a82534774d4859e84d315f17
478945,"[3.95 GB] [Legalporno.com / PornBox.com / PissVids.com] Larissa Leite - P-Sluts Vol.69 Starring Sensual Milf Larissa Leite Doing DAP 0% Pussy With 3 Big Cocks ,Milk Enemas, Puk3 Swallows Their Pee After A Nice Healthy Breakfast (30.03.2025) [2025 г., GangBang, DAP, Anal, Interracial, BBC, MILF, Gonzo, Hardcore, 1080p]",https://d.ptorrents.com/bt/[ptorrents.com].3170280.torrent,magnet:?xt=urn:btih:43754545550634b08b74cd6596ecb16b223f27dc
478946,"[3.38 GB] [ItsPOV.com / StepPOV.com] Tiffany Tatum And Angelika Grays - Before Step-Daughter Leaves For Uni [2021-03-23, Anal, Cumshot, Gonzo, Hardcore, POV, Threesome (FFM), 2160p, SiteRip]",https://d.ptorrents.com/bt/[ptorrents.com].3170874.torrent,magnet:?xt=urn:btih:23030e736976c1e6bef46a29688f81c757e166d5
478947,"[36.24 GB] [VRoomed / SexLikeReal.com] Alya Little, Krissy Sins - Your New Busty Doll (55317) [2025-04-02, Blonde, Blow job, Boobs, Silicone, Brunette, Cowgirl, Reverse cowgirl, Creampie, Curly, Doggy style, Hardcore, Missionary, Spooning, Earrings, Tattoo, F/F/M, Threesome, Glasses, Nails, SideBySide, 4096p, SiteRip] [Oculus Rift / Vive]",https://d.ptorrents.com/bt/[ptorrents.com].3171152.torrent,magnet:?xt=urn:btih:11d7b801cef2e53b725702372ec96711f04c8394
478948,"[4.55 GB] Brats Get Blackmaled 3 (TrueX) [2025 г., All Sex, WEB-DL, 720p] (Reese Robbins, Luna Fae, Stella Sedona, Sadie Pop)",https://d.ptorrents.com/bt/[ptorrents.com].3170597.torrent,magnet:?xt=urn:btih:349f1fd3da615f0e2579e85f668fbb057c18da85
478949,"[12.45 GB] [IFeelMyself.com] (33 ролика) Pack [2025-03, Amateur, Big Tits, Dildo, Lesbo, Masturbation, Piercing, Posing, Solo, Tattoos, 1080p]",https://d.ptorrents.com/bt/[ptorrents.com].3171044.torrent,magnet:?xt=urn:btih:f04d244cb281c74c5875cfdb0ef1163189ce8763
478950,"[253.9 MB] Gracie glam (scene from ""Teen Glazing"") [2010, Brunette, Group Sex, DVDRip]",https://d.ptorrents.com/bt/[ptorrents.com].3170877.torrent,magnet:?xt=urn:btih:f9175ceab46135256bef4ab19c2ccfc13afa9c2f
478951,"[6.52 GB] Tsubaki Rika, Aisaka Hitomi - Bringing In A MILF! A Married Woman Playing With Another Man's Dick - All Of The Secretly Filmed Documents 53 - A Strangely Excited Story About A Beautiful-legged Black-pantyhose Wife - Mika, F-cup, 34 Years Old, A Brown-haired Carnivorous Black-pantyhose Wife - Hiromi, I-cup, 37 Years Old, A Wife Who Seduces Dicks With Her Huge Tits And Black Pantyhose [FFFS-061] (Private / Mousozoku) [cen] [2025 г., Voyeur, Big Tits, Affair, Tall, Cuckold, HDRip] [1080p]",https://d.ptorrents.com/bt/[ptorrents.com].3171624.torrent,magnet:?xt=urn:btih:e4e9ba8d0cf4ae4d048dcba8bb163fcce10c60aa
478952,"[464.6 MB] I don’t want to, he says, without a second to work / my secretary doesn't to work, But Wants to Fuck [2025, Onlyfans.com, Teen, Natural Breast, All Sex, Roleplay 1080p, HD] [Arisha Mills]",https://d.ptorrents.com/bt/[ptorrents.com].3171853.torrent,magnet:?xt=urn:btih:c303bde3c6a598a9935cefbecedaab73b58fccf2
478953,"[1.92 GB] [Legalporno.com / PornBox.com / PissVids.com] Larissa Leite - P-Sluts Vol.69 Starring Sensual Milf Larissa Leite Doing DAP 0% Pussy With 3 Big Cocks ,Milk Enemas, Puk3 Swallows Their Pee After A Nice Healthy Breakfast (30.03.2025) [2025 г., GangBang, DAP, Anal, Interracial, BBC, MILF, Gonzo, Hardcore, 720p]",https://d.ptorrents.com/bt/[ptorrents.com].3170281.torrent,magnet:?xt=urn:btih:30eabd76da172bee69092cb8f796d140e94bc9e9
478954,"[2.04 GB] Kadillac and Devell / Cadillac & Devell / Иеллак и девелл (john T. Bone / Zane Entertainment Group) [1993 г., feature, facil, vhsrip] (Alexis Devell, Crystal Wilder, Deeksal Wilder, Nicki Sinn, Sierra, Jonathhan Morgan, Marc Wallice, TT Boy) [esp.]",https://d.ptorrents.com/bt/[ptorrents.com].3171335.torrent,magnet:?xt=urn:btih:84baecb5135821462ed7d689dda5be599f2968d3
478955,"[5.13 GB] [MyFriendsHotMom.com / NaughtyAmerica.com] Syren De Mer - Busty MILF Syren De Mer takes a BBC deep and hard just like she likes it (32619) [09.20.2024, Lingerie, BBC , Big Ass , Big Dick, Big Tits , Black Cock , Blow Job,Cum in Mouth, Deepthroating ,Doggystyle , Face Fucking , Facial , Fucking , Hand Job , High Heels , Interracial , Mature , MILFs , PAWG , Pussy Licking, Stockings , Swallowing , Tattoos , Titty Fucking, 2160p, SiteRip]",https://d.ptorrents.com/bt/[ptorrents.com].3171852.torrent,magnet:?xt=urn:btih:da4163a3110542e69ac55c693b6e00a346492d24
478956,"[1.18 GB] Michelle Raven (Scene from ""American Bukkake 16"") [2002, Cumshot, Bukkake, Brunette, DVDRip]",https://d.ptorrents.com/bt/[ptorrents.com].3170878.torrent,magnet:?xt=urn:btih:2a60942ec9e4da559078f491dbef06892e8735ad
478957,"[2.02 GB] [ItsPOV.com / StepPOV.com] Mina K - Petite Rebel Step-Sister [2021-02-09, Cumshot, Footjob, Gonzo, Hardcore, POV, 2160p, SiteRip]",https://d.ptorrents.com/bt/[ptorrents.com].3170876.torrent,magnet:?xt=urn:btih:2b1ae4ea55724845b815dd35bd910fea80017540
478958,"[437.2 MB] [BlacksOnBlondes.com. / DogFartNetwork.com]Spencer Scott( Spencer Scott Gives Her Step-son Some Pussy!)[2025, Gonzo, Hardcore, All Sex, IR, 540p]",https://d.ptorrents.com/bt/[ptorrents.com].3171516.torrent,magnet:?xt=urn:btih:02a4b955a10aedaa1775f38f91b90a9314d0e375
478959,"[437.2 MB] [BlacksOnBlondes.com. / DogFartNetwork.com]Spencer Scott( Spencer Scott Gives Her Step-son Some Pussy!)[2025, Gonzo, Hardcore, All Sex, IR, 540p]",https://d.ptorrents.com/bt/[ptorrents.com].3171516.torrent,magnet:?xt=urn:btih:02a4b955a10aedaa1775f38f91b90a9314d0e375
478960,"[1.75 GB] Family Thighs / Семейные бедра (Ron Jeremy, Arrow Productions) [1989 г., Plot Based, Classic, DVDRip] [rus] (Aja, Busty Belle, Stella Star, Tiger Lilly, David Morris, Rick Savage, Rocky DeLorenzo)",https://d.ptorrents.com/bt/[ptorrents.com].3170596.torrent,magnet:?xt=urn:btih:107c4c8ff11333bb7195edbd68ea3d004b215092
478961,"[3.37 GB] Girls Get It On With A Guy (Sensual Heat) [2025 г., All Sex, WEB-DL, 720p] (Esluna Love, Gina Ferocious, Lida, Stacy Cruz)",https://d.ptorrents.com/bt/[ptorrents.com].3171625.torrent,magnet:?xt=urn:btih:1789d8298ec6bce5c414473bd91bb3f29b865816
478962,"[999.7 MB] [Legalporno.com / PornBox.com / PissVids.com] Larissa Leite - P-Sluts Vol.69 Starring Sensual Milf Larissa Leite Doing DAP 0% Pussy With 3 Big Cocks ,Milk Enemas, Puk3 Swallows Their Pee After A Nice Healthy Breakfast (30.03.2025) [2025 г., GangBang, DAP, Anal, Interracial, BBC, MILF, Gonzo, Hardcore, 480p]",https://d.ptorrents.com/bt/[ptorrents.com].3170282.torrent,magnet:?xt=urn:btih:5e20f2dbd3dcb227f28fbde310a2a15e7291606b
478963,"[2.08 GB] [HornyHostel.com / LetsDoeIt.com] Tori Cummings - Today's Forecast: Double Dose of BBC [2025-02-20, Feature, Hardcore, All Sex, Fingering, Couples, Big Tits, Creampie, Titfuck, Facial, 1080p, SiteRip] [rus]",https://d.ptorrents.com/bt/[ptorrents.com].3171045.torrent,magnet:?xt=urn:btih:893731eb44882aa6b9800c4daab580b84bcabff6
478964,"[445.6 MB] [FilthyFamily.com]Eva Generosi, Rachael Cavalli (Don't Be Nervous Stepson )[2025 г., Feature, All Sex, Hardcore, Couples , Threesome 480p]",https://d.ptorrents.com/bt/[ptorrents.com].3170599.torrent,magnet:?xt=urn:btih:fad2c5a6db1c647c57eb4e29454934d516d6dd7f
478965,"[445.6 MB] [FilthyFamily.com]Eva Generosi, Rachael Cavalli (Don't Be Nervous Stepson )[2025 г., Feature, All Sex, Hardcore, Couples , Threesome 480p]",https://d.ptorrents.com/bt/[ptorrents.com].3170599.torrent,magnet:?xt=urn:btih:fad2c5a6db1c647c57eb4e29454934d516d6dd7f
478966,"[2.24 GB] [Dezyred.com] Anissa Kate - Sorority Hookup: The Blackmail (Cherry On Top) [2025-03-27, 2D, Anal, Blowjob, Big Tits, Brunette, Cowgirl, Cum On Pussy, Hardcore, POV, Reverse Cowgirl, 1080p, UnknownRip]",https://d.ptorrents.com/bt/[ptorrents.com].3171855.torrent,magnet:?xt=urn:btih:acd91b76438744307c2d71c60efa1165ed2a102b
478967,"[763.1 MB] [NubileFilms.com] 2025-03-31 Ivi Rein & Rebecca Volpetti - She Knows About Us [All Sex, Blowjob, Pussy Licking, Cowgirl, Missionary, Doggy Style, Brunette, Blonde, Shaved Pussy, Long Hair, Creampie] [4672x7008 - 7008x4672, 107 photos]",https://d.ptorrents.com/bt/[ptorrents.com].3170879.torrent,magnet:?xt=urn:btih:f1f3bc74c82c73379f89d40e3de193cccaa85b75
478968,"[66.07 GB] Fucking With Friends 1-19 (1,2,3,4,5,6,7,8,9,10,11,12,13,14,15,16,17,18,19) / Трах с Друзьями (Reality Kings) [2018-2021, All Sex, Anal, DP, Lingerie, Big Tits, Orgies, Threesome, VOD, 480p] (Angelica Wild, Jessica Night, Mugur, Amanda Baby, Amirah Adara, Gina Gerson, Anina Silk, Aria Logan, Sofia Like, Silvia Burton, Veronica Morre, Kiara Night, Paula Pearl, Selena Mur, Simony Diamond, Sharon Lee, Angel Piaff, Yasmin Scott, Lucia Nieto, Loren Minardi, Luna Corazon, Angie White, Linda Moretti)",https://d.ptorrents.com/bt/[ptorrents.com].3170712.torrent,magnet:?xt=urn:btih:929f0ed20f743ae127c3fb1412065ca338f8d0bd
478969,"[372 MB] [Sanktor.com] Ruby (#171) [2025-04-01, Erotic, Posing, Solo, 1080p, SiteRip]",https://d.ptorrents.com/bt/[ptorrents.com].3170881.torrent,magnet:?xt=urn:btih:381a38253584d38ebbc024150c81ae96f3027e23
478970,"[5.6 GB] Minami Haru (Minato Haru) - Akakae (Red Maple) - Surprised By The Milk, She Falls [FWAY-060] (FAIR＆WAY) [ecchi] [2025 г., Big Tits, Lingerie, Kimono, Image Video, Hot Spring, HDRip] [1080p]",https://d.ptorrents.com/bt/[ptorrents.com].3171626.torrent,magnet:?xt=urn:btih:edad3d3bf352544083795f6cfc444060f619491b
478971,"[242.73 GB] [CHATURBATE.COM] (29 роликов) Pack #121 [2022-2025, Amateur, Anal, Barely Legal, Bikini, Blonde, Brunette, Big Ass, Big Tits, Cameltoe, Close Up, Lesbian, Masturbation, Nylon, Natural Tits, Panties, Pantyhose, Posing, Russian Girls, Shaved, Stockings, Softcore, Solo, Teen, Toys, Upskirt, Uniform, 720p, 1080p]",https://d.ptorrents.com/bt/[ptorrents.com].3170417.torrent,magnet:?xt=urn:btih:67f7d014f0208fecf298af2ed2927de79151f6f5
478972,"[701 MB] [ItsPOV.com / StepPOV.com] Melody Petite - Please Step-Dad, I Need New Clothes! [2020-06-23, Cumshot, Footjob, Gonzo, Hardcore, POV, 1080p, SiteRip]",https://d.ptorrents.com/bt/[ptorrents.com].3170418.torrent,magnet:?xt=urn:btih:ac0cdb78a00b8e1c9f6d460be878243859d06ef6
478973,"[1.91 GB] My Boss Banged My Box 6 / Мой босс трахнул мою дырку 6 (Stoney Curtis, Jerry Kovak / Lethal Hardcore) [2025 г., Blonde, Brunette, Natural Tits, Big Ass, Facial, Rimming, Straight, Stockings, VOD, 480p] (Split Scenes) (Dez Hansen, Lucky Kay Love, Nikki Slick, Sophia Burns)",https://d.ptorrents.com/bt/[ptorrents.com].3171046.torrent,magnet:?xt=urn:btih:f4f222fbae35c8b6b5ad2a8574f55f0ec09f8ad5
478974,"[652.4 MB] [JulesJordan.com] Emma Hix - Sinful Kitty: Emma Hix Gapes After A Hard Anal Pounding [2025-02-26, Anal, Ass To Mouth / ATM, Asslicking, Balls Licking, Big Fake Tits, Blonde, Blowjob, Cum in Mouth, Cum on Body, Cunnilingus, Deep Throat, Face Fucking, Gape, Gonzo, Handjob, Lingerie, Pet Play, Tattoos, Toys, 558p, SiteRip]",https://d.ptorrents.com/bt/[ptorrents.com].3170880.torrent,magnet:?xt=urn:btih:d89d05cbe8c2f99d7225f86945a9706a6820b650
478975,"[652.4 MB] [JulesJordan.com] Emma Hix - Sinful Kitty: Emma Hix Gapes After A Hard Anal Pounding [2025-02-26, Anal, Ass To Mouth / ATM, Asslicking, Balls Licking, Big Fake Tits, Blonde, Blowjob, Cum in Mouth, Cum on Body, Cunnilingus, Deep Throat, Face Fucking, Gape, Gonzo, Handjob, Lingerie, Pet Play, Tattoos, Toys, 558p, SiteRip]",https://d.ptorrents.com/bt/[ptorrents.com].3170880.torrent,magnet:?xt=urn:btih:d89d05cbe8c2f99d7225f86945a9706a6820b650
478976,"[2 GB] [CzechVR.com] Jadilica aka Leo Ahsoka - My Tight Ass Needs Pumping [2024-11-13, 2D, Anal, Blowjob, Brunette, Cowgirl, Deep Throat, Doggy Style, Reverse Cowgirl, POV, 1080p, UnknownRip]",https://d.ptorrents.com/bt/[ptorrents.com].3171856.torrent,magnet:?xt=urn:btih:421eb4ab85bf66ade28081d11ebc769a9b4256f6
478977,"[237.3 MB] [FreeUseMilf.com / TeamSkeet.com] Ryan Keely, River Lynn (A Bang Down Skeet Street) [2025 г., Threesome FFM, MILF, Hardcore, All Sex, 360p]",https://d.ptorrents.com/bt/[ptorrents.com].3170284.torrent,magnet:?xt=urn:btih:de4156f6896ef72063f0c95d7e29bac36023f5cb
478978,"[237.3 MB] [FreeUseMilf.com / TeamSkeet.com] Ryan Keely, River Lynn (A Bang Down Skeet Street) [2025 г., Threesome FFM, MILF, Hardcore, All Sex, 360p]",https://d.ptorrents.com/bt/[ptorrents.com].3170284.torrent,magnet:?xt=urn:btih:de4156f6896ef72063f0c95d7e29bac36023f5cb
478979,"[629.8 MB] Onlyfans/Pornstars SPLIT-TRIPLE Cowgirl Silicone Tits POV CUMpilation (try not to cum) [2025 г., All Sex, POV, Big Tits, Fake Tits, Silicone Tits, Cowgirl, Facial, Cumshot, Creampie, Riding, Goddess, Beauty, Skinny, Perfect Body, Hardcore, Fountain cumshot, Webcam, Onlyfans, Try not to Cum]",https://d.ptorrents.com/bt/[ptorrents.com].3171049.torrent,magnet:?xt=urn:btih:99379802465cc122233bd687f102e9e6f82f35eb
478980,"[566.7 MB] [Met-Art] 2025-04-02 Stacy Cruz - Azure Gaze [Teen, Solo, Nude, Softcore, Big tits.] [4032 x 6048 px, 180]",https://d.ptorrents.com/bt/[ptorrents.com].3171154.torrent,magnet:?xt=urn:btih:5814348bd9f710dc8d40eba425025e52ce0688a4
478981,"[2.37 GB] [PinholeK.com / Vip4K.com]Roxy Muray ( Anal Discounted)[2025 г., Gonzo, Hardcore, All Sex, POV,Straight ,Anal 1080p]",https://d.ptorrents.com/bt/[ptorrents.com].3170601.torrent,magnet:?xt=urn:btih:4aabf9c46ce96b27d84607a4f6d9c7d8ac2bfc0a
478982,"[1.59 GB] Grandpa Gone Wild [2025 г., All Sex, WEB-DL, 720p] (Alexis Fox, Bibi Diamond, Nayomi Sharp, Valentina Babe, Boris Lander)",https://d.ptorrents.com/bt/[ptorrents.com].3171627.torrent,magnet:?xt=urn:btih:ceb23acfd3f78842ae3871f44c54b0110dabf379
478983,"[1.58 GB] [Miniskirtgirlz.com / Manyvids.com] Julia North - More English Lessons [2024, Anal, A2M, A2P, Creampie, Old & Young, Mature, Milf, Natural, Uniform, High Heels, Skirts, Buxom, Clothed, Cougar, Butt, Big Ass, Big Dick, Big Cock, Arse, Backside, Bum, Rear, Bubble, Bottom, Booty, Bikini, Lingerie, Cowgirl, Deepthroat, Shaved, Blonde, Europe, Slavs, Ukrainian, 1080p]",https://d.ptorrents.com/bt/[ptorrents.com].3171854.torrent,magnet:?xt=urn:btih:f846c15a2c0b4843e4dc3251513e5be7184f19f7
478984,"[617.6 MB] [ImmoralLive.com / MyXXXPass.com]Katy Rose( Valley of Swans Double Pussy Paradise First (DVP) For Katy Rose)[2025, Gonzo, Hardcore, All Sex, Couples,Straight ,DPP 540p]",https://d.ptorrents.com/bt/[ptorrents.com].3171519.torrent,magnet:?xt=urn:btih:163d7c67fc2d2ca746c55571409faa020ef21e43
478985,"[617.6 MB] [ImmoralLive.com / MyXXXPass.com]Katy Rose( Valley of Swans Double Pussy Paradise First (DVP) For Katy Rose)[2025, Gonzo, Hardcore, All Sex, Couples,Straight ,DPP 540p]",https://d.ptorrents.com/bt/[ptorrents.com].3171519.torrent,magnet:?xt=urn:btih:163d7c67fc2d2ca746c55571409faa020ef21e43
478986,"[1.28 GB] The konopata of Zhuli has grows dick, but I also want / anal chronicles. Hard ANAL Squirt [2025, Onlyfans.com, Teen, Fake Breast, Anal, Squirting, Big Clit, 2160p, 4K] [Julia Fit]",https://d.ptorrents.com/bt/[ptorrents.com].3171857.torrent,magnet:?xt=urn:btih:fc7d9ccc82146888b0ed803fd60c00532f26b92d
478987,"[1.39 GB] [BecomingFemme.com] Gwen - The Bigger They Are (04.04.2025) [2025 г., Shemale, Hardcore, Blowjob, Anal, Bareback, 1080p]",https://d.ptorrents.com/bt/[ptorrents.com].3171521.torrent,magnet:?xt=urn:btih:b76a01ef4799678d2cadeb6da9e604958451e014
478988,"[361.3 MB] [MyFirstSexTeacher.com / NaughtyAmerica.com] Anissa Kate , Selina Bentz - Sexy professor Anissa Kate gets seduced in to a wild threesome with her students Selina Bentz and Mike Ox (32882) [2025-04-01, Threesome (FFM), Group Sex, All Sex, Straight, Oral Sex, My First Sex Teacher, Naughty America, Sexy, 480p, SiteRip]",https://d.ptorrents.com/bt/[ptorrents.com].3170884.torrent,magnet:?xt=urn:btih:b9f11e03cbe1ec7f4c5457baa5538b37c1d22d47
478989,"[361.3 MB] [MyFirstSexTeacher.com / NaughtyAmerica.com] Anissa Kate , Selina Bentz - Sexy professor Anissa Kate gets seduced in to a wild threesome with her students Selina Bentz and Mike Ox (32882) [2025-04-01, Threesome (FFM), Group Sex, All Sex, Straight, Oral Sex, My First Sex Teacher, Naughty America, Sexy, 480p, SiteRip]",https://d.ptorrents.com/bt/[ptorrents.com].3170884.torrent,magnet:?xt=urn:btih:b9f11e03cbe1ec7f4c5457baa5538b37c1d22d47
478990,"[3.58 GB] Calling Call For Natsuki (Kings Of Fetish) [uncen] [2025 г., Asian, Blowjob, Casting, Creampie, Orgy, Handjob, Masturbate, Straight, WEB-DL] [1080p]",https://d.ptorrents.com/bt/[ptorrents.com].3171050.torrent,magnet:?xt=urn:btih:a66c51d9f0b0a36f295d1f8dbea778791fb85440
478991,"[175.2 MB] [BadMilfs.com / TeamSkeet.com] Charlie Valentine, Beca Barbie (Cheating Is Better Behind Closed Doors With Your Stepfamily) [2025 г., Threesome FFM, MILF, Hardcore, All Sex, 360p]",https://d.ptorrents.com/bt/[ptorrents.com].3170286.torrent,magnet:?xt=urn:btih:ee6fdefaad362c2350eed667f079a987ecc79879
478992,"[175.2 MB] [BadMilfs.com / TeamSkeet.com] Charlie Valentine, Beca Barbie (Cheating Is Better Behind Closed Doors With Your Stepfamily) [2025 г., Threesome FFM, MILF, Hardcore, All Sex, 360p]",https://d.ptorrents.com/bt/[ptorrents.com].3170286.torrent,magnet:?xt=urn:btih:ee6fdefaad362c2350eed667f079a987ecc79879
478993,"[24.41 GB] [VRBangers.com] Stella Luxx, Sophia Locke - Stepdaddy's Double Date [04.04.2025, American, BlowJob, Close Up, Cowgirl, Cum in Mouth, Deepthroat, Dirty Talk, Doggystyle, FFM, Handjob, Kissing, Lingerie, Masturbation, MILF, Natural Tits, Pussy Licking, Redhead, Reverse Cowgirl, Shaved, Skinny, Small Tits, Stepdad, Taboo, Tanlines, Tattoo, Teen, Threesome, Virtual Reality, SideBySide, 8K, 4096p, SiteRip] [Oculus Rift / Quest 2 / Vive]",https://d.ptorrents.com/bt/[ptorrents.com].3171623.torrent,magnet:?xt=urn:btih:5c408f0bfe78577fc1902c68e7acb7834f55edf3
478994,"[898.2 MB] [BecomingFemme.com] Gwen - The Bigger They Are (04.04.2025) [2025 г., Shemale, Hardcore, Blowjob, Anal, Bareback, 720p]",https://d.ptorrents.com/bt/[ptorrents.com].3171522.torrent,magnet:?xt=urn:btih:2c59e9d2bc0f49eb16d1d9f39570f05c2711ee5b
478995,"[541.3 MB] [BecomingFemme.com] Gwen - The Bigger They Are (04.04.2025) [2025 г., Shemale, Hardcore, Blowjob, Anal, Bareback, 480p]",https://d.ptorrents.com/bt/[ptorrents.com].3171523.torrent,magnet:?xt=urn:btih:3ab64e0a3797f2a9f81d4cfe760a143c88065769
478996,"[347.2 MB] [MySistersHotFriend.com / NaughtyAmerica.com] Natalie Brooks - Natalie Brooks wants more than some books from her friend's BRO (32886) [2025-04-05, Blowjob, Natural Tits, All Sex, Straight, Oral Sex, My Sister's Hot Friend, Naughty America, Sexy, 480p, SiteRip]",https://d.ptorrents.com/bt/[ptorrents.com].3171860.torrent,magnet:?xt=urn:btih:8d875426e28623509e39df255520e1231ea3463f
478997,"[347.2 MB] [MySistersHotFriend.com / NaughtyAmerica.com] Natalie Brooks - Natalie Brooks wants more than some books from her friend's BRO (32886) [2025-04-05, Blowjob, Natural Tits, All Sex, Straight, Oral Sex, My Sister's Hot Friend, Naughty America, Sexy, 480p, SiteRip]",https://d.ptorrents.com/bt/[ptorrents.com].3171860.torrent,magnet:?xt=urn:btih:8d875426e28623509e39df255520e1231ea3463f
478998,"[1.3 GB] [PerVRt] Alecia Fox - Collared [2019-05-21, 2D, Russian, Blonde, Blow job, High heels, Small tits, Trimmed pussy, Teen, Missionary, Doggy, Cowgirl, 1080p, UnknownRip]",https://d.ptorrents.com/bt/[ptorrents.com].3170602.torrent,magnet:?xt=urn:btih:ad5b0e1a851d17454d93e746feadfb2fee8af329
478999,"[3.87 GB] [PornBox.com / AnalVids.com / Lara De Santis studio] Lara De Santis - destroys her ass with dildo and cock DAP pegging and anal fisting on her boyfriend LDS032 [2020 г., Big Tits, Dildo, Anal, Fisting, Cumshot, Pegging, DAP, DP with cock + toy, Gape, Milf, Squirting, 1080p, SiteRip]",https://d.ptorrents.com/bt/[ptorrents.com].3170886.torrent,magnet:?xt=urn:btih:4117f00e7d27d5b6fa1d62476f1a83a3b2c191c4
479000,"[4.02 GB] [Nubiles.net] Wendy Sweet - Back Again [2025.03.25, Teen, Solo, Masturbation, 2160p]",https://d.ptorrents.com/bt/[ptorrents.com].3170129.torrent,magnet:?xt=urn:btih:fdea3b52964fc9e54a0a981978e03d277c0e4a77
479001,"[748.6 MB] [ItsPOV.com / StepPOV.com] Alegra - (A Not So) Shy Step-Daughter Fantasy [2020-12-29, Cumshot, Footjob, Facial, Gonzo, Hardcore, POV, 1080p, SiteRip]",https://d.ptorrents.com/bt/[ptorrents.com].3170421.torrent,magnet:?xt=urn:btih:de3e55dd36eb604d64c1c91037ab0798b545838b
479002,"[1.96 GB] [SexBabesVR.com] Kinuski - I Want Fetish [2020-03-02, 2D, POV, Blowjob, Brown Hair, Cowgirl, Creampie, Deepthroat, Girl-Boy, Hardcore, Missionary, Rough Sex, Shaved Pussy, Doggystyle, 1080p, UnknownRip]",https://d.ptorrents.com/bt/[ptorrents.com].3170603.torrent,magnet:?xt=urn:btih:2a13197ce733d479dc7c20dac2c811cfb83e67fb
479003,"[194 MB] [AskYourMother.com / TeamSkeet.com] Brandy Salazar (This is How You Please My Stepson) [2025 г., MILF, Hardcore, All Sex, 360p]",https://d.ptorrents.com/bt/[ptorrents.com].3170288.torrent,magnet:?xt=urn:btih:9e43c5ff46c650173b5b932aa1e4987985f42786
479004,"[194 MB] [AskYourMother.com / TeamSkeet.com] Brandy Salazar (This is How You Please My Stepson) [2025 г., MILF, Hardcore, All Sex, 360p]",https://d.ptorrents.com/bt/[ptorrents.com].3170288.torrent,magnet:?xt=urn:btih:9e43c5ff46c650173b5b932aa1e4987985f42786
479005,"[2.52 GB] Devon Lee (Top Guns 6 / Best Babers 6) [2006, Facial, Big Boobs, Big Dick, Milf, Ir, Hardcore, 2160p, Satrip]",https://d.ptorrents.com/bt/[ptorrents.com].3171051.torrent,magnet:?xt=urn:btih:fba793c7281018e045b95a6e57e0faa3ac4253db
479006,"[2.53 GB] [claudiamarie.com] Claudia Marie - Claudia Marie whore bride [03.10.2022, BBC, Blonde, Big Tits, Cunnilingus, Doggystyle, Interracial, Lingerie, Mature, Stockings, High Heels, Ass Licking, 2160p, SiteRip]",https://d.ptorrents.com/bt/[ptorrents.com].3171861.torrent,magnet:?xt=urn:btih:390431f75a18470ef5fdf7866d02761d69288d12
479007,"[89.98 GB] [Fansly, Exploitedcollegegirls Network] BRITNEY ROSE (10 роликов) Pack [2024-2025, All Sex, Hardcore, Blowjob, Cumshot, Anal, DAP, Glamour, Natural Tits]",https://d.ptorrents.com/bt/[ptorrents.com].3171862.torrent,magnet:?xt=urn:btih:b945f8f2b6f321a51a3049773821f98cd8581b69
479008,"[307.9 MB] [EvilAngel.com]Scarlet Chase (Twilight Anal Squirt)[2025 г., Gonzo, Hardcore, All Sex ,Straight , Anal ,540p]",https://d.ptorrents.com/bt/[ptorrents.com].3171863.torrent,magnet:?xt=urn:btih:6d77ef973f739c710bafddf1b30cfce36194cb33
479009,"[307.9 MB] [EvilAngel.com]Scarlet Chase (Twilight Anal Squirt)[2025 г., Gonzo, Hardcore, All Sex ,Straight , Anal ,540p]",https://d.ptorrents.com/bt/[ptorrents.com].3171863.torrent,magnet:?xt=urn:btih:6d77ef973f739c710bafddf1b30cfce36194cb33
479010,"[6.34 GB] [RealityLovers.com] Fibi Euro - Fibi is Worth Every Euro [14.03.2025, Babe, Blowjob, Cowgirl, Cumshot, Fingering, Footjob, Hardcore, Insertions, Lingerie, Masturbation, Orgasm, POV, Toys, Virtual Reality, SideBySide, 8K, 3840p, SiteRip] [Oculus Rift / Quest 2 / Vive]",https://d.ptorrents.com/bt/[ptorrents.com].3170420.torrent,magnet:?xt=urn:btih:18059b4f938e18104918f237dbea00797c72271a
479011,"[277.7 MB] [Creampie-Angels.com / TeenMegaWorld.net] Cherry Candle (Stay With Me!) [2025 г., Hardcore, All Sex, 360p]",https://d.ptorrents.com/bt/[ptorrents.com].3170423.torrent,magnet:?xt=urn:btih:0331be636fab22e9c11b6a4c7cef1ee176e7fe14
479012,"[277.7 MB] [Creampie-Angels.com / TeenMegaWorld.net] Cherry Candle (Stay With Me!) [2025 г., Hardcore, All Sex, 360p]",https://d.ptorrents.com/bt/[ptorrents.com].3170423.torrent,magnet:?xt=urn:btih:0331be636fab22e9c11b6a4c7cef1ee176e7fe14
479013,"[1.21 GB] [TransAngels.com] Olivia Would, Naomie Stark, Parker Savage (Clandestine Liaisons Part 3)[2025 г., Transsexual, Feature, Hardcore, All Sex, 1080p]",https://d.ptorrents.com/bt/[ptorrents.com].3171525.torrent,magnet:?xt=urn:btih:96ef0307d91cdf68341207146204d9c137f3559d
479014,"[713.2 MB] [TmwVRNet.com] Eyla Moore - Hottie masturbates in a new outfit [2021-04-13, 2D, Blonde, No male, Tease, Solo, Masturbation, 1080p, UnknownRip]",https://d.ptorrents.com/bt/[ptorrents.com].3170606.torrent,magnet:?xt=urn:btih:865860523e7a91dcd87fa5eb901c726be7cf0303
479015,"[522.8 MB] The lustful princess herself ran into the second / Horny Stranger Tricked me into her room Got her Pussy Wreeched Raw [2024, Pornhub.com, Teen, Natural Breast, All Sex, Roleplay 1080p, HD] [Elina Lizz, Jonny]",https://d.ptorrents.com/bt/[ptorrents.com].3171864.torrent,magnet:?xt=urn:btih:f47a8e42fff6ae5fb2cc2718ebc6c46972123b7b
479016,"[876.2 MB] [PornBox.com / AnalVids.com / Outside The Studio] Julia Exclusiv - Squirting slut Julia Exclusiv gets fucked and huge facial OTS063 [2020, Brunette, Big Cock, Big Tits, Cumshot, Facial, Hardcore, MILF, Tattoos, 1080p, SiteRip]",https://d.ptorrents.com/bt/[ptorrents.com].3171055.torrent,magnet:?xt=urn:btih:5a4fe2d546b05caa34aa59da248bcdb13c6932f4
479017,"[18.69 GB] [CzechVR.com] Zeynep Rossa - Oily & Bouncy (CzechVR 775) [02.04.2025, Big Pussy Lips, Big Tits, Blowjob, Brunette, Close ups, Cowgirl, Cum on Belly, Cum Play, Curvy, Czech, Doggy Style, Gaping, Hardcore, Long Hair, Masturbation, Missionary, Pale Skin, Pussy Closeup, Reverse Cowgirl, Shaved, Sideways Cowgirl, Spoon, Teasing, Teeny, Tight Pussy, Tiny, Titjob, Titty Fuck, Wet Pussy, Virtual Reality, SideBySide, 8K, 3840p, SiteRip] [Oculus Rift / Quest 2 / Vive]",https://d.ptorrents.com/bt/[ptorrents.com].3171337.torrent,magnet:?xt=urn:btih:2c82bf6b914b2d458d24eecc158630a9c5671272
479018,"[1.01 GB] [CorbinFisher.com] Rocky Cucking Chris [01.06.2022., Bisexual, Bareback, Oral/Anal Sex, Vaginal Sex, Threesome, Hardcore, Cumshots,.1080p,HDRip]",https://d.ptorrents.com/bt/[ptorrents.com].3171865.torrent,magnet:?xt=urn:btih:fd85e7f45411745d8f5e7ff0a18e20b50fc30c36
479019,"[276.8 MB] [40SomethingMag.com / ScoreLand.com / PornMegaLoad.com] Sadie Rose (When her husband's away, hot blonde MILF Sadie Rose sucks and fucks young meat) [2025 г., MILF, Hardcore, All Sex, 360p]",https://d.ptorrents.com/bt/[ptorrents.com].3170291.torrent,magnet:?xt=urn:btih:c72eb13ef0a2c3e021af51fc2b24cd15704a2f66
479020,"[276.8 MB] [40SomethingMag.com / ScoreLand.com / PornMegaLoad.com] Sadie Rose (When her husband's away, hot blonde MILF Sadie Rose sucks and fucks young meat) [2025 г., MILF, Hardcore, All Sex, 360p]",https://d.ptorrents.com/bt/[ptorrents.com].3170291.torrent,magnet:?xt=urn:btih:c72eb13ef0a2c3e021af51fc2b24cd15704a2f66
479021,"[57.22 GB] Hidden-Zone Asian Edition Pack 541 28-30 March 2025 (81 Clips) [Amateur, Asian, Hidden Camera, Skinny, Spycam, Teen, Upskirt, Voyeur, 480p, 540p, 720p, 1080p, 2160p, CamRip]",https://d.ptorrents.com/bt/[ptorrents.com].3171336.torrent,magnet:?xt=urn:btih:9e77512ed2524bea441291836280685af7709a05
479022,"[3.09 GB] Ivana Gita (Natural Wonders of the World 01 ) [1998 г., Natural big tis,Cumshot, Brunette, Lingerie, 2160p, SATRip]",https://d.ptorrents.com/bt/[ptorrents.com].3171056.torrent,magnet:?xt=urn:btih:2fba9205ec44e2757cab9bd02cef11fd6fa6170c
479023,"[2.98 GB] [ItsPOV.com / StepPOV.com] Sarah Cute - Anal Practice With Step-Sis [2021-03-16, Anal, Cumshot, Gonzo, Hardcore, POV, 2160p, SiteRip]",https://d.ptorrents.com/bt/[ptorrents.com].3170887.torrent,magnet:?xt=urn:btih:a07106758533676e5eb40fb1f183f274f5a9e77e
479024,"[82.84 GB] Juicy Licks 3-34 (3,4,5,6,7,8,9,10,11,12,13,14,15,16,17,18,19,20,21,22,23,24,25,26,27,28,29,30,31,32,33,34) / Сочные Лизания (Reality Kings) [2017-2024 г., Lesbian, Strap-on, All Girl, Lingerie, Big Tits, Threesome, VOD, 540p] (Jenna Sativa, Abella Danger, Miss Goldie, Shae Summers, Chanel Preston, Vanessa Veracruz, Sara Luvv, Carmen Caliente, Daisy Haze, Dani Desire, Ryan Ryans, Staci Carr, Aubrey Rose, Jessie Lynne, Aubrey Sinclair, Jessie Lynn, Sophia Leone, Raylin Ann)",https://d.ptorrents.com/bt/[ptorrents.com].3170711.torrent,magnet:?xt=urn:btih:b211307b57506d46118a9cc36831176c405916f0
479025,"[1.03 GB] [AdultTime.com] Zariah Aura, Lola Morena, Avery Lust / LeTS Be Bad – Enema Envy [01.04.2025., Transsex, Shemale on Shemale, Threesome, Oral, Anal, Ass Licking, Enema, Bareback, Hardcore, Cumshot... 1080p. SiteRip]",https://d.ptorrents.com/bt/[ptorrents.com].3171867.torrent,magnet:?xt=urn:btih:790421f33e3a7b92a111b5d9467a8707e6ee9179
479026,"[420.2 MB] [FTVGirls.com] Sasha (Buttalicious Adventure) [2025 г., Anal Fingering, Solo, Orgasm, Masturbation, Toy, Vibrator, 480p]",https://d.ptorrents.com/bt/[ptorrents.com].3170425.torrent,magnet:?xt=urn:btih:2bbc0a3e9352556dfa2f122f99147e98011484dc
479027,"[420.2 MB] [FTVGirls.com] Sasha (Buttalicious Adventure) [2025 г., Anal Fingering, Solo, Orgasm, Masturbation, Toy, Vibrator, 480p]",https://d.ptorrents.com/bt/[ptorrents.com].3170425.torrent,magnet:?xt=urn:btih:2bbc0a3e9352556dfa2f122f99147e98011484dc
479028,"[268.5 MB] [SexMex.xxx] Anai Loves (Her First Big Black Cock) [2025 г., Interracial IR, BBC, Hardcore, Big Ass, Big Tits, All Sex, 480p]",https://d.ptorrents.com/bt/[ptorrents.com].3171528.torrent,magnet:?xt=urn:btih:ee6172506f4c4ebe53ce7e114dbcff5c67ca37b5
479029,"[268.5 MB] [SexMex.xxx] Anai Loves (Her First Big Black Cock) [2025 г., Interracial IR, BBC, Hardcore, Big Ass, Big Tits, All Sex, 480p]",https://d.ptorrents.com/bt/[ptorrents.com].3171528.torrent,magnet:?xt=urn:btih:ee6172506f4c4ebe53ce7e114dbcff5c67ca37b5
479030,"[1.55 GB] [Straplez.com / MetArt.com] Vixi Rafi & Isabella De Laa - Edge Of Desire 2 [2025, Girl/Girl, Lesbian, Strap-On, Dildo, Brunette, Cunnilingus, Kissing, Pantyhose, Masturbation, Natural Tits, 1080p]",https://d.ptorrents.com/bt/[ptorrents.com].3171338.torrent,magnet:?xt=urn:btih:663f4b22069145e236fc229c21429ead7e92764b
479031,"[240.3 MB] [Legalporno.com / PornBox.com / PissVids.com / AngeloGodshackOriginal.com] Sofia Smith 100% Hell(Very Rough WET Scene) With Ass And Pussy Fisting TRAILER [02.04.2025, GangBang, DAP, DP, DVP, Anal, Rimming, Teen, Gonzo, Hardcore, 1080p, UnknownRip]",https://d.ptorrents.com/bt/[ptorrents.com].3171159.torrent,magnet:?xt=urn:btih:efd177ed4ab5d50ebb952e66989b0a3f0a1463b9
479032,"[1.02 GB] [CorbinFisher.com] Rocky & Adriano's Bi Fuck [12.07.2022., Bisexual, Bareback, Oral/Anal Sex, Vaginal Sex, Threesome, Hardcore, Cumshots,.1080p,HDRip]",https://d.ptorrents.com/bt/[ptorrents.com].3171866.torrent,magnet:?xt=urn:btih:3febe958a0bf51d99ebd94628f67250076acd70f
479033,"[819.2 MB] [WoodmanCastingX.com] Liz Ocean (XXXX - WSG 37) [2025, Gonzo, Hardcore, All Sex, Anal, Rimming, 540p]",https://d.ptorrents.com/bt/[ptorrents.com].3171530.torrent,magnet:?xt=urn:btih:fa8460dbaef329a5ce4477dee9e8e5e1287f0928
479034,"[819.2 MB] [WoodmanCastingX.com] Liz Ocean (XXXX - WSG 37) [2025, Gonzo, Hardcore, All Sex, Anal, Rimming, 540p]",https://d.ptorrents.com/bt/[ptorrents.com].3171530.torrent,magnet:?xt=urn:btih:fa8460dbaef329a5ce4477dee9e8e5e1287f0928
479035,"[2.9 GB] [ItsPOV.com / StepPOV.com] Kitana Lure - Kitana's New Attitude [2021-04-13, Anal, Cumshot, Facial, Gonzo, Hardcore, POV, Threesome (MMF), 2160p, SiteRip]",https://d.ptorrents.com/bt/[ptorrents.com].3170888.torrent,magnet:?xt=urn:btih:687980517e3ef9fe49d97e849d2a354c22b53836
479036,"[3.26 GB] [OhMyHoles.com / TeenMegaWorld.net] Molly Cute (Special Day’S Spicy Gift) [2025 г., Anal, DP, Threesome FFM, Hardcore, Russian, All Sex, 2160p, 4k]",https://d.ptorrents.com/bt/[ptorrents.com].3170426.torrent,magnet:?xt=urn:btih:65d6d317feda4b6c75b25565c63c55032e9db94c
479037,"[1.15 GB] [MommysGirl.com / GirlsWay.com] Jelena Jensen, Georgia Jones, Katrina Jade - Evil Step Mother (No More Fairy Tales Scene 3) [2017-09-02, Feature, Lesbian, Threesome, Big Tits MILF, 1080p, SiteRip] [rus]",https://d.ptorrents.com/bt/[ptorrents.com].3171340.torrent,magnet:?xt=urn:btih:30a8c05b157be978b0e300e1fc9126a3e5b736c9
479038,"[905.4 MB] Trailers of the studio ""John Leslie Productions"" 4 [1990'S-2000'S G., Trailers, All Sex, IR, ANAL, DP, FACIAL, DVDRIP]",https://d.ptorrents.com/bt/[ptorrents.com].3171059.torrent,magnet:?xt=urn:btih:65857be6777f936986e56af215b10a912743982c
479039,"[4.05 GB] [BBCSurprise.com] Marina Vaylor - Cute and Innocent But Wild In Bed [2024-08-31, All Sex, Hardcore, Interracial, Multiple Orgasms, Big Black Cock, Dildo Play, Creampie, 1080p, SiteRip]",https://d.ptorrents.com/bt/[ptorrents.com].3170714.torrent,magnet:?xt=urn:btih:273f19a2881239a1b376e6381f4b331a6513c140
479040,"[1.54 GB] Pontello Casting 2: Geilste analstute und Maulfotze / Casting Gabriel Pontello 2 (Gabriel Pontello, DBM) [2004, Gonzo, Anal, DP, Facial, DVDRip] (Gabriela, Mischel Wild (AS Michaela), Claudia Rossi (As Veronica), Claudia (As Martina), Lucy Everest (AS Lucy), Vicky, Natali Light (As Natasha), Vanessa Sey (AS Sdenka), Claudia Nero (AS Lori), Kevin Long, Phil Hollyday, Andrea Moranty, George Reno, George Uhl, Robert Rosenberg)",https://d.ptorrents.com/bt/[ptorrents.com].3170430.torrent,magnet:?xt=urn:btih:95c3b8f09acaef37e6b3341341582ba1db1e0dd8
479041,"[14.87 GB] [LustReality / SexLikeReal.com] Asandra Sun - Horny GF Asandra Dewy (54743) [2025-04-02, Blow job, Brunette, Close ups, Cowgirl, Reverse cowgirl, Cumshots, Long hair, Doggy style, Hardcore, Missionary, Shaved pussy, Tattoo, SideBySide, 4096p, SiteRip] [Oculus Rift / Vive]",https://d.ptorrents.com/bt/[ptorrents.com].3171157.torrent,magnet:?xt=urn:btih:5dad32a004a3386dced3c174f9c4b577099b067d
479042,"[241 MB] [PetitePOV.com / ItsPOV.com] Anya Akulova - Anya's Sexy Solution [2021-08-11, Anal, Balls Licking, Big Black Cock / BBC, Blowjob, Brunette, Cum in Mouth, Handjob, Interracial / IR (BDWC), Lingerie, POV, Striptease, 576p, SiteRip]",https://d.ptorrents.com/bt/[ptorrents.com].3170889.torrent,magnet:?xt=urn:btih:83eb474abe6125ba9d601e0487cbf73328af0008
479043,"[227.7 MB] [SexMex.xxx] Emily Thorne (No Spidey To The Rescue) [2025 г., MILF, Hardcore, Big Tits, Russian, All Sex, 720p]",https://d.ptorrents.com/bt/[ptorrents.com].3170428.torrent,magnet:?xt=urn:btih:3396e4b0bcb7cca356e40860521876b7e514b652
479044,"[9.97 GB] [crystalkinky.nl] Crystal Kinky pegging and fisting collection (crystalkinky.nl) [2020 - 2023 г., Latex, Strapon, Fisting, Bi, 720p, SiteRip]",https://d.ptorrents.com/bt/[ptorrents.com].3171531.torrent,magnet:?xt=urn:btih:1643a9a4c3c59ce3880eaa6cfcec22f673ad55a3
479045,"[2.33 GB] [DDFBusty.com / DDFNetwork.com] Stefani - Stefani - Endless Sexual Ecstasy - Blowing Wads Of Cum On Her Big Tits [27.09.2016, Blonde, Big Tits, Cumshot, Cunnilingus, Doggystyle, Hardcore, Lingerie, Natural Tits, Stockings, Titfuck, Oral, 2160p, SiteRip]",https://d.ptorrents.com/bt/[ptorrents.com].3171060.torrent,magnet:?xt=urn:btih:935c6bd7758926633f5a84aa101f189fb812d9ef
479046,"[311.5 MB] [AnalIntroductions.com / Private.com] Martina Smeraldi - What To Do When Your Step Sister Martina Smeraldi Tells You ""Destroy My Ass!"" (01.04.2025) [2025 г., Anal, Young, Gonzo, Hardcore, 360p]",https://d.ptorrents.com/bt/[ptorrents.com].3170716.torrent,magnet:?xt=urn:btih:c788a9da7b01f5928e093e7cbad6e8bdd8d05e0a
479047,"[311.5 MB] [AnalIntroductions.com / Private.com] Martina Smeraldi - What To Do When Your Step Sister Martina Smeraldi Tells You ""Destroy My Ass!"" (01.04.2025) [2025 г., Anal, Young, Gonzo, Hardcore, 360p]",https://d.ptorrents.com/bt/[ptorrents.com].3170716.torrent,magnet:?xt=urn:btih:c788a9da7b01f5928e093e7cbad6e8bdd8d05e0a
479048,"[3.7 GB] [Nubiles.net] Wendy Sweet - I Taste Great [2025.03.28, Teen, Solo, Masturbation, 2160p]",https://d.ptorrents.com/bt/[ptorrents.com].3170130.torrent,magnet:?xt=urn:btih:10d04022b9b091d90a32548c1cd1c3b765bfe614
479049,"[2.66 GB] [PornWorld.com] Sladyen Skaya - Sladyen Skaya Swaps Black Dildos For BBC During Piss Fuelled Interracial DP Gangbang GP3210 (01.04.2025) [2025 г., GangBang, DP, Anal, Interracial, BBC, Young, Gonzo, Hardcore, Pissing On Mouth, 1080p]",https://d.ptorrents.com/bt/[ptorrents.com].3170717.torrent,magnet:?xt=urn:btih:c0b878fbfc71d1bd3fbb7496b13e1cb3e9ee1fc5
479050,"[41.69 GB] [BongaCams.com] Amarulla (111 роликов) Pack (-EviDens-, Vivien ) [2018-2025, Amateur, Brunette, Lingerie, Masturbation, Russian Girls, Solo, Fingering, WebCam, 480p, 720p, 1280p]",https://d.ptorrents.com/bt/[ptorrents.com].3170608.torrent,magnet:?xt=urn:btih:e987681600e879a41a40eb486a2e6614b82b1bb0
479051,"[19.52 GB] [RealJamVR.com] Bella Rolland - Tights Must Be Destroyed 5 [04.04.2025, Anal, Blowjob, Brunette, Cowgirl, Deepthroat, Doggy Style, English Speech, Hardcore, Missionary, POV, Pussy Licking, Reverse Cowgir,l Shaved Pussy, Tights, Virtual Reality, SideBySide, 8K, 4096p, SiteRip] [Oculus Rift / Quest 2 / Vive]",https://d.ptorrents.com/bt/[ptorrents.com].3171629.torrent,magnet:?xt=urn:btih:b8ae847c2f191f578624efeb8f51be5a6f29b79e
479052,"[574.2 MB] [ItsPOV.com / FeetishPOV.com] Valentina Nappi - The Italian Footjob [2020-01-10, Anal, Footjob, Gonzo, Hardcore, POV, Titfuck, 1080p, SiteRip]",https://d.ptorrents.com/bt/[ptorrents.com].3170431.torrent,magnet:?xt=urn:btih:ae1525b949cce5bdc26961b0ee581c570aeba4d0
479053,"[1.01 GB] [PornBox.com / AnalVids.com / Outside The Studio] Angel Wicky - Busty blonde Angel Wicky rides BBC for vaginal creampie OTS086 [2020, Blonde, Big Cock, Big Tits, Blowjob, Cunnilingus, Creampie, Hardcore, Interracial, MILF, 1080p, SiteRip]",https://d.ptorrents.com/bt/[ptorrents.com].3171061.torrent,magnet:?xt=urn:btih:a216bb688c0aaf640285bc3cae5a8ba91dfd3530
479054,"[751.7 MB] Doin' The Ritz / Die Mädchen vom Hotel Ritz / Отель ""Ритц"" (Jim Enright, Pleasure Productions) [1997 г., Feature, Anal, Facial, DVDRip] (Nici Sterling, Tatiana (as Tatianna), Davia Ardell, Shanna McCullough, Alexandra Silk, Krista Maze, Wilde Oscar, Tony Tedeschi, Peter North, Jonathan Morgan, Dave Hardman)",https://d.ptorrents.com/bt/[ptorrents.com].3171870.torrent,magnet:?xt=urn:btih:e3ffda0c258713d11a403d87f3ffec70cd50d12d
479055,"[981.2 MB] [PornBox.com / AnalVids.com / Outside The Studio] Claudia Mac - Close up anal fucking in the outdoors with Claudia Mac OTS144 [2020, Anal, Blonde, Big Cock, Blowjob, Hardcore, Tattoos, Czech, Cum Swallowing, Outdoor, 2160p, SiteRip]",https://d.ptorrents.com/bt/[ptorrents.com].3171058.torrent,magnet:?xt=urn:btih:711f43b35e9f0473be384d961e934bcd70ccf556
479056,"[671.2 MB] [PornWorld.com] Sladyen Skaya - Sladyen Skaya Swaps Black Dildos For BBC During Piss Fuelled Interracial DP Gangbang GP3210 (01.04.2025) [2025 г., GangBang, DP, Anal, Interracial, BBC, Young, Gonzo, Hardcore, Pissing On Mouth, 480p]",https://d.ptorrents.com/bt/[ptorrents.com].3170719.torrent,magnet:?xt=urn:btih:c195dd1c0d58babe1fe19435473a7b7efaf69e52
479057,"[1.38 GB] [Wicked.com] Maddy May, Anna Claire Clouds - Clout Episode 4: Wicked Wonderland [2025-03-07, Feature, Hardcore, All Sex, Threesome, Interracial, BDWC, Facial, CumSwap, 1080p, SiteRip] [rus]",https://d.ptorrents.com/bt/[ptorrents.com].3171871.torrent,magnet:?xt=urn:btih:6816c4d6377b667db4b0c2c9175dd3037b2e4201
479058,"[57.22 GB] Hidden-Zone Asian Edition Pack 542 31 March 2025 (89 Clips) [Amateur, Asian, Hidden Camera, Skinny, Spycam, Teen, Upskirt, Voyeur, 480p, 540p, 720p, 1080p, 2160p, CamRip]",https://d.ptorrents.com/bt/[ptorrents.com].3171628.torrent,magnet:?xt=urn:btih:3d6b21abb6c9aada9502ba0e915d2c3af27f8804
479059,"[2.1 GB] [ItsPOV.com / StepPOV.com] Kira Axe - Spoiled Brat Blackmailer [2021-04-20, Anal, Cumshot, Gonzo, Hardcore, POV, 2160p, SiteRip]",https://d.ptorrents.com/bt/[ptorrents.com].3170890.torrent,magnet:?xt=urn:btih:a0a26803dfea87b5960c61b0dc6eaa31b1f29a6a
479060,"[244 MB] [SexMex.xxx] Elizabeth Lara (Petite And Busty Milf) [2025 г., MILF, Hardcore, Big Tits, Big Ass, All Sex, 480p]",https://d.ptorrents.com/bt/[ptorrents.com].3170296.torrent,magnet:?xt=urn:btih:bafe235dfc0752cb3d50cae5907139cf111f4061
479061,"[244 MB] [SexMex.xxx] Elizabeth Lara (Petite And Busty Milf) [2025 г., MILF, Hardcore, Big Tits, Big Ass, All Sex, 480p]",https://d.ptorrents.com/bt/[ptorrents.com].3170296.torrent,magnet:?xt=urn:btih:bafe235dfc0752cb3d50cae5907139cf111f4061
479062,"[403.9 MB] [MommysBoy.net / AdultTime.com]Richelle Ryan(Driven To Peek)[2025 г. , Gonzo ,Hardcore, All Sex,Milf, 540p]",https://d.ptorrents.com/bt/[ptorrents.com].3171534.torrent,magnet:?xt=urn:btih:3a9cb02b48b061cac6d1281a6e4a1b88c39748a7
479063,"[403.9 MB] [MommysBoy.net / AdultTime.com]Richelle Ryan(Driven To Peek)[2025 г. , Gonzo ,Hardcore, All Sex,Milf, 540p]",https://d.ptorrents.com/bt/[ptorrents.com].3171534.torrent,magnet:?xt=urn:btih:3a9cb02b48b061cac6d1281a6e4a1b88c39748a7
479064,"[16.44 GB] [PurityVR / SexLikeReal.com] Martina Smeraldi - Deepest Desires (53014) [2025-04-02, Blow job, Brunette, Cowgirl, Reverse cowgirl, Cumshots, Long hair, Hardcore, Small tits, Shaved pussy, Tattoo, Italian, Footjob, SideBySide, 2880p, SiteRip] [Oculus Rift / Vive]",https://d.ptorrents.com/bt/[ptorrents.com].3171160.torrent,magnet:?xt=urn:btih:3b1d4cc21907202193ae8a05aa26acdc85fd994f
479065,"[5.36 GB] Itoi Ruka - Adolescent Girl [FWAY-061] (FAIR＆WAY) [ecchi] [2025 г., Big Tits, Beautiful Girl, Lingerie, Image Video, HDRip] [1080p]",https://d.ptorrents.com/bt/[ptorrents.com].3171631.torrent,magnet:?xt=urn:btih:e914103c0e765eef771fa9ef380b060d0aa3f335
479066,"[1.63 GB] [VIPissy.com] Mini Mitzi & Rebecca Volpetti / Popsicle Piss Play [01.04.2025 г., Pissing, Fingering Pussy, Lesbian, Toys, Masturbation, Lesbian Pissing, Golden Shower, Piss Play, Piss Spitting, Watersports...1080p, SiteRip]",https://d.ptorrents.com/bt/[ptorrents.com].3171062.torrent,magnet:?xt=urn:btih:8090e041531ffaf8da421bc494e8c14f8aa92b49
479067,"[1.34 GB] 2 Dicks 1 Chick (Airerose Entertainment) [2025 г., Anal, Blowjob, Group Sex, Oral, Threesome, Big Dick, Lingerie, Stockings, High Heels, WEB-DL, 720p] (Dominica Dolce, Lulu Martinez, Mandy Bright, Sunny)",https://d.ptorrents.com/bt/[ptorrents.com].3170434.torrent,magnet:?xt=urn:btih:f694b987da7013c8dd57c74d8dce187da929d13b
479068,"[2.69 GB] [RealJamVR.com] Stacy Bloom - Last Summer Days [2019-08-28, 2D, Anal, Babe, Big tits, Boobs, Brunette, Doggy style, Hardcore, Outdoor, POV, POV kissing, Pool, Russian, 1080p, UnknownRip]",https://d.ptorrents.com/bt/[ptorrents.com].3170609.torrent,magnet:?xt=urn:btih:76b4946953d00e71748627b9e590de45832282f5
479069,"[57.21 GB] Asian Domestic Zone Self Filmed Pack 058 (91 videos) [All Sex, Amateur, Asian, Blowjob, Brunette, Cosplay, Couples, Creampie, Doggystyle, Hardcore, Lesbian, OnlyFans, Skinny, Stockings, Teen, Voyeur, 480p, 540p, 720p, 1080p, 2160p, CamRip]",https://d.ptorrents.com/bt/[ptorrents.com].3171869.torrent,magnet:?xt=urn:btih:85a8ce383512768f307a0f7b1f7b557e98c22894
479070,"[391.9 MB] [MyFriendsHotMom.com / NaughtyAmerica.com] Nikita Reznikova - Big Tit MILF Nikita Reznikova feeds Jimmy strawberries, he feeds her cock (32887) [2025-04-03, Big Tits, All Sex, Straight, Oral Sex, My Friend's Hot Mom, Naughty America, Sexy, 480p, SiteRip]",https://d.ptorrents.com/bt/[ptorrents.com].3171344.torrent,magnet:?xt=urn:btih:b0856e8f07fc03a17546260757134f6885d8af31
479071,"[391.9 MB] [MyFriendsHotMom.com / NaughtyAmerica.com] Nikita Reznikova - Big Tit MILF Nikita Reznikova feeds Jimmy strawberries, he feeds her cock (32887) [2025-04-03, Big Tits, All Sex, Straight, Oral Sex, My Friend's Hot Mom, Naughty America, Sexy, 480p, SiteRip]",https://d.ptorrents.com/bt/[ptorrents.com].3171344.torrent,magnet:?xt=urn:btih:b0856e8f07fc03a17546260757134f6885d8af31
479072,"[4.07 GB] MILF and Cookies / МИЛФы и печенье (Kelly Holland, Penthouse) [2009 г., Feature, Vignette, WEB-DL, 1080p] (India Summer, Penny Flame, Darryl Hanah, Alana Evans, Monica Mayhem, Tommy Gunn, Kris Slater, Chris Johnson, Rocco Reed)",https://d.ptorrents.com/bt/[ptorrents.com].3170297.torrent,magnet:?xt=urn:btih:1765059b0151c6fa7262c77bae31d9342affbf99
479073,"[2.05 GB] [TGirls.xxx] Lianna Lawson & Luke London / Playing Dress Up! [19.06.2024., Shemale, Tranny, Male on shemale, Oral, Anal, Hardcore, Bareback, Cumshot,..1080p, SiteRip]",https://d.ptorrents.com/bt/[ptorrents.com].3171063.torrent,magnet:?xt=urn:btih:f8dfe4e19832c5d53dd3456a082df212d5e2c399
479074,"[3.95 GB] Kokonoi Sunao - Plump Beautiful Ass, God Bloomers, Beautiful Girls And Chubby Girls In Tight Bloomers And Gym Clothes, With Super Close-up Shots Of Their Panties And Sweaty Crotches So Close You Can See The Pores! Plus, Assjobs, Peeing In Clothes, Bloomer Bukkake, And More, This Is A Fully Clothed Fetish AV For Bloomer Lovers. [OKB-172] (Oyaji No Kosatsu) [cen] [2025 г., Voyeur, POV, Bukkake, Butt, Lotion, Bloomers, Close Up, HDRip] [1080p]",https://d.ptorrents.com/bt/[ptorrents.com].3171163.torrent,magnet:?xt=urn:btih:54d40656f1838095bb0d6936a24b973c21496ed3
479075,"[773.4 MB] [PornFidelity.com] Anissa Kate - The Return of Anissa (PF #1088) [07.02.2025, Brunette, Natural Big Tits, French, MILF, Creampie, Straight, Titty Fuck, 480p]",https://d.ptorrents.com/bt/[ptorrents.com].3171873.torrent,magnet:?xt=urn:btih:191d09cb84aeaf2139580f8cb6422479269a4a2b
479076,"[773.4 MB] [PornFidelity.com] Anissa Kate - The Return of Anissa (PF #1088) [07.02.2025, Brunette, Natural Big Tits, French, MILF, Creampie, Straight, Titty Fuck, 480p]",https://d.ptorrents.com/bt/[ptorrents.com].3171873.torrent,magnet:?xt=urn:btih:191d09cb84aeaf2139580f8cb6422479269a4a2b
479077,"[40.02 GB] [Onlyfans.com] Nikki Mondragon | tenshi-oh / 293 ролика [2020-2023 г., Solo, masturbation, sex toys, blowjob, male on shemale, SiteRip]",https://d.ptorrents.com/bt/[ptorrents.com].3171872.torrent,magnet:?xt=urn:btih:34ca07cf84e5ada09ef9a36f4272549d7f95e53d
479078,"[2.77 GB] Sexy at Your Service (Dorcel Vision) [2025 г., All Sex, WEB-DL, 1080p] (Candee Licious, Lovita Fate, Brittany Bardot, Marco Bull)",https://d.ptorrents.com/bt/[ptorrents.com].3171633.torrent,magnet:?xt=urn:btih:225bef7f4697c04e135491f398d498dcfc936f85
479079,"[641.1 MB] [ItsPOV.com / FeetishPOV.com] Sydney Cole - Her Pretty Feet On You [2019-12-27, Footjob, Gonzo, Hardcore, POV, 1080p, SiteRip]",https://d.ptorrents.com/bt/[ptorrents.com].3170435.torrent,magnet:?xt=urn:btih:640058cb8965952b308aff6b698cc1b6865ba7c1
479080,"[517.4 MB] [ThunderCock.com / NaughtyAmerica.com] Reagan Foxx - Sexy Milf Reagan Foxx takes one big cock to stop her son from being bullied (32888) [2025-04-04, Big Tits, Hot Moms , All Sex, Straight, Oral Sex, Thunder Cock, BigCockBully, Big Cock Bully, Naughty America, Sexy, 480p, SiteRip]",https://d.ptorrents.com/bt/[ptorrents.com].3171634.torrent,magnet:?xt=urn:btih:0ba3e1585ae54b696f355d26d495d868590a2ebb
479081,"[517.4 MB] [ThunderCock.com / NaughtyAmerica.com] Reagan Foxx - Sexy Milf Reagan Foxx takes one big cock to stop her son from being bullied (32888) [2025-04-04, Big Tits, Hot Moms , All Sex, Straight, Oral Sex, Thunder Cock, BigCockBully, Big Cock Bully, Naughty America, Sexy, 480p, SiteRip]",https://d.ptorrents.com/bt/[ptorrents.com].3171634.torrent,magnet:?xt=urn:btih:0ba3e1585ae54b696f355d26d495d868590a2ebb
479082,"[2.33 GB] Banged By A Buncha Brothers (Seven Sins) [2025 г., All Sex, WEB-DL, 720p] (Beckie Lynn, Britney Young, Kaylynn)",https://d.ptorrents.com/bt/[ptorrents.com].3170436.torrent,magnet:?xt=urn:btih:ddb2e4aa9de682e3d9bad6eb5307efbf0c27f5f1
479083,"[640.8 MB] [Onlyfans.com] Janny Costa & Ararity / I Love Fucking Femboy Bitches [10.05.2024 г., Shemale, Transsexual, Shemale On Femboy, Crossdresser, Anal/Oral Sex, Bareback, Hardcore, Cumshot,.1080p, SiteRip]",https://d.ptorrents.com/bt/[ptorrents.com].3171064.torrent,magnet:?xt=urn:btih:a02ee92a73769bace89a174385a517e3eeee16bc
479084,"[3.38 GB] Tits & Tugs 7 / Титьки и Буксиры 7 (uncredited (No Data), SCORE Group) [2015 г., All Sex, Appearance, Big Tits, Cumshots, Handjob F on M, Masturbation, Naturally Busty, Tit Fucking, Voluptuous, VOD] (Anjii Ross, Chantal Raye, Dylan Ryder, June Summers, Nikki Smith, Roxi Red)",https://d.ptorrents.com/bt/[ptorrents.com].3171636.torrent,magnet:?xt=urn:btih:428d1b49efcb8c9258eb4fa1978fa58d3a62e53a
479085,"[2.96 GB] MINAMO - Minamo5 Hidamari Velvet [REBD-925] (GW Komatsu, REbecca) [ecchi] [2025 г., Big Tits, Image Video, Sexy, HDRip] [1080p]",https://d.ptorrents.com/bt/[ptorrents.com].3171164.torrent,magnet:?xt=urn:btih:e1d52c30eb7f4dc914e297d470c952c1d2cd18ee
479086,"[2.93 GB] Crazy Italian Holidays (Private) [2025 г., All Sex, Anal, Feature, European, Big Dick, Lingerie, Hairy, Blonde,, WEB-DL, 720p] (Martina Smeraldi, Angelika Grays, Silvia Soprano, Valentina Nappi)",https://d.ptorrents.com/bt/[ptorrents.com].3170437.torrent,magnet:?xt=urn:btih:090f05859189360df3ab04dd5feb34fe6d8a05b8
479087,"[2.07 GB] [MetArt.com] 2025-04-05 Florens - Flawless Figure, Hannah Le - Good Measure, Eve Casta - Presenting Eve Casta, Flamy Nika - Playful Bath [Solo, Posing, Glamour] [3648x5472-5464x8192, 512 фото]",https://d.ptorrents.com/bt/[ptorrents.com].3171875.torrent,magnet:?xt=urn:btih:18e1a01cc93e4acc05d9412dbfd53475e5a4fa3a
479088,"[3.03 GB] The Best of Anastasia Brokelyn (Private) [2022 г., All Sex, WEB-DL, 720p] (Anastasia Brokelyn)",https://d.ptorrents.com/bt/[ptorrents.com].3171635.torrent,magnet:?xt=urn:btih:9566fc94e472f4c80e3f99b343eb5953c2f54269
479089,"[1.61 GB] [TransSensual.com] Amanda Riley & Robby Apples(TS Taboo 10)[2025 г., Transsexual, Feature, Hardcore, All Sex,Anal 1080p]",https://d.ptorrents.com/bt/[ptorrents.com].3171536.torrent,magnet:?xt=urn:btih:613c809c7ac2e00d75f31f88d726cd81270bd5b7
479090,"[18.3 MB] Young Buns № 13, 1990s [Erotic, Teen, Solo] [1990s, США, PDF]",https://d.ptorrents.com/bt/[ptorrents.com].3171066.torrent,magnet:?xt=urn:btih:ba30c35d43496a8efb7730432b38977f94bd2487
479091,"[2.17 GB] Taboo 5: The Secret / Taboo V / Tabu 5: Secret (Automatic translation and voice acting Yandex Browser) (Kirdy Stevens, Standard Video) [1986., Classic, Feature, InceSt, Mature, Avard Winner, Avn Award, DVDRip-AVC] [Rus] (Amber Lynn, Colleen Brennan, Karen Summer, Porsche Lynn)",https://d.ptorrents.com/bt/[ptorrents.com].3171345.torrent,magnet:?xt=urn:btih:fbf6733699109686c62afcb270fcd880b6712805
479092,"[3.86 GB] [VRmassaged / SexLikeReal.com] Lillith Sinn - The Hands Of Temptation Pt.2 [04.04.2025, Big Tits, Blow Job, Cowgirl, Cumshots, Hand Job, Hardcore, Massage, Natural Tits, Redheads, Reverse Cowgirl, Russian, Shaved Pussy, Virtual Reality, SideBySide, 6K, 2880p, SiteRip] [Oculus Rift / Quest 2 / Vive]",https://d.ptorrents.com/bt/[ptorrents.com].3171638.torrent,magnet:?xt=urn:btih:d80ceb8434b2b758a95e4d4fda6943fc7d035f9f
479093,"[57.21 GB] Asian Hidden Camera Couples Escorts Pack 564 (106 Clips) [All Sex, Amateur, Asian, Blowjob, Brunette, Couples, Creampie, Doggystyle, Hardcore, Hidden Camera, Skinny, Spycam, Stockings, Teen, Voyeur, 480p, 540p, 720p, 1080p, 2160p, CamRip]",https://d.ptorrents.com/bt/[ptorrents.com].3170604.torrent,magnet:?xt=urn:btih:ad99d3b5ef54a5872dbdec0dc996fe4aaf39aca2
479094,"[7.32 GB] Dance Fire / Огненный Танец( John Stagliano, Evil Angel) [1999 г., Feature, Straight, Couples, All Sex , Hardcore ,Anal DVD9] (Brandy Alexandre, Champagne, Kathleen Gentry, Nina DePonca, Stephanie Rage, Trinity Loren, Dave Bolden, Jack Baker, John Stagliano, Rick Daniels, Rod Garetto . )",https://d.ptorrents.com/bt/[ptorrents.com].3170298.torrent,magnet:?xt=urn:btih:2bed5eda7c27a3301de0dbadb1d0454f8c9efef4
479095,"[3.65 GB] [Legalporno.com / PornBox.com / PissVids.com / EKS] Sofa Weber aka Sophie Weber & Natasha Rios - MULTI GANGBANG! Two Very Beautiful Girls Sofa Weber & Natasha Rios Get DVP DAP TP And A Lot Of Pee From Six Big Cocks EKS571 (02.04.2025) [2025 г., GangBang, TP, DAP, DP, DVP, Anal, Young, Gonzo, Hardcore, 1080p]",https://d.ptorrents.com/bt/[ptorrents.com].3171067.torrent,magnet:?xt=urn:btih:621035a07219debca379dbfe29f902e8d21e607d
479096,"[14.94 GB] [AnalVids.com / Legalporno.com / PornBox.com / PissVids.com] Natasha Rios & Mih Ninfetinha - Super Cute Brazilian Mih Ninfetinha dominate to your sexy Pet Natasha Rios before assfucked together with DAP, DP and Pissed by 5 guys [2023, Gonzo, Hardcore, All Sex, Anal, DAP, IR, Piss, Pee, Cumshot, 4K, 2160p]",https://d.ptorrents.com/bt/[ptorrents.com].3171162.torrent,magnet:?xt=urn:btih:99ea3456dfe6efeac541763a92781f7a0370cedf
479097,"[1.76 GB] [Legalporno.com / PornBox.com / PissVids.com / EKS] Sofa Weber aka Sophie Weber & Natasha Rios - MULTI GANGBANG! Two Very Beautiful Girls Sofa Weber & Natasha Rios Get DVP DAP TP And A Lot Of Pee From Six Big Cocks EKS571 (02.04.2025) [2025 г., GangBang, TP, DAP, DP, DVP, Anal, Young, Gonzo, Hardcore, 720p]",https://d.ptorrents.com/bt/[ptorrents.com].3171068.torrent,magnet:?xt=urn:btih:ab9dfa4339b6db5c5c900562ab85899100ebc4d7
479098,"[431.6 MB] [BrazzersExxtra.com / Brazzers.com] Valentina Nappi - Valentina By Manuel (01.04.2025) [2025 г., MILF, Big Ass, Gonzo, Hardcore, All Sex, 480p]",https://d.ptorrents.com/bt/[ptorrents.com].3170724.torrent,magnet:?xt=urn:btih:7b4df3908fdcd29d0e9f7043ee4ad6ad59dad87e
479099,"[431.6 MB] [BrazzersExxtra.com / Brazzers.com] Valentina Nappi - Valentina By Manuel (01.04.2025) [2025 г., MILF, Big Ass, Gonzo, Hardcore, All Sex, 480p]",https://d.ptorrents.com/bt/[ptorrents.com].3170724.torrent,magnet:?xt=urn:btih:7b4df3908fdcd29d0e9f7043ee4ad6ad59dad87e
479100,"[919.6 MB] [Legalporno.com / PornBox.com / PissVids.com / EKS] Sofa Weber aka Sophie Weber & Natasha Rios - MULTI GANGBANG! Two Very Beautiful Girls Sofa Weber & Natasha Rios Get DVP DAP TP And A Lot Of Pee From Six Big Cocks EKS571 (02.04.2025) [2025 г., GangBang, TP, DAP, DP, DVP, Anal, Young, Gonzo, Hardcore, 480p]",https://d.ptorrents.com/bt/[ptorrents.com].3171069.torrent,magnet:?xt=urn:btih:407f7cb3d10fa1fd03dfd5934c8bd308bd6bd5b8
479101,"[787.2 MB] [StepSiblingsCaught.com / Nubiles-Porn.com] 2022-09-24 Ivi Rein & Lili Charmelle - Stepsis Knows What She Is Doing [All Sex, Blowjob, Threesome, Cowgirl, Missionary, Pussy Licking, Doggy Style, Cumshot] [3744x5616 - 5616x3744, 156 photos]",https://d.ptorrents.com/bt/[ptorrents.com].3171339.torrent,magnet:?xt=urn:btih:dcd30c8a4a60a8c86b5ba90548e795edd21766e4
479102,"[3.09 GB] Gojo Ren - Ren Love Exotica [REBD-926] (Tiger Kosakai, REbecca) [ecchi] [2025 г., Big Tits, Image Video, Sexy, HDRip] [1080p]",https://d.ptorrents.com/bt/[ptorrents.com].3171166.torrent,magnet:?xt=urn:btih:2e3151bd6de2984108c1c41cf6a7de6c69b31c34
479103,"[110.6 MB] [PurgatoryX.com] Naomie Stark (Marked Territory Vol 1 E1) [2025 г., Blowjob, Handjob, 360p]",https://d.ptorrents.com/bt/[ptorrents.com].3171539.torrent,magnet:?xt=urn:btih:309947586a8c72ebcd0c5e86ca2d598e9018de15
479104,"[110.6 MB] [PurgatoryX.com] Naomie Stark (Marked Territory Vol 1 E1) [2025 г., Blowjob, Handjob, 360p]",https://d.ptorrents.com/bt/[ptorrents.com].3171539.torrent,magnet:?xt=urn:btih:309947586a8c72ebcd0c5e86ca2d598e9018de15
479105,"[4.45 GB] [XXXJobInterviews.com] Angel Amour - Angel Amour Is Applying To Be Flight Attendant For Mr Johnson's Private Plane [2023-07-04, Anal, Anal Play, Ass To Mouth / ATM, Balls Licking, Blowjob, Brunette, Butt Plug, Choking, Cum in Ass, Cum Swallow, Cunnilingus, Deep Throat, Dildo, Fingering, Gonzo, Handjob, Interview, Masturbation, Piercing, POV, Rimming, Stewardess, Tattoos, Toys, Uniform, 1080p, SiteRip]",https://d.ptorrents.com/bt/[ptorrents.com].3171874.torrent,magnet:?xt=urn:btih:ad6609f82124199f439dd59588be030c54ea18a5
479106,"[50.63 GB] [AQUA / SexLikeReal.com] Yura Hinata (What Really Happens at Gravure Photo-Shoots 8K Part 2) [2024 г., Cum in Mouth, Blowjob, Handjob, Toy, Asian, VR, 8k, 4096p] [Oculus Rift / Vive]",https://d.ptorrents.com/bt/[ptorrents.com].3170891.torrent,magnet:?xt=urn:btih:d83f2354cfd1858535976164a40eb628015600b3
479107,"[2.66 GB] Threesome Dreams 2 (All Niche Productions) [2025 г., Anal, Big Dick, Double Penetration, Gangbang, Group Sex, Threesome, Lesbian, WEB-DL, 720p] (Alina Henessy, Amarna Miller, Amber Nevada, Britney, Simony Diamond)",https://d.ptorrents.com/bt/[ptorrents.com].3171639.torrent,magnet:?xt=urn:btih:92a6da2a0c5f892fb6fe671e5949183ec45bf3ee
479108,"[4.23 GB] [Nubiles.net] Wendy Sweet - Spectacular [2025.03.29, Teen, Solo, Masturbation, 2160p]",https://d.ptorrents.com/bt/[ptorrents.com].3170131.torrent,magnet:?xt=urn:btih:df3bbddba99934e4463e8ecc15024517b25302ee
479109,"[695.6 MB] [ItsPOV.com / FeetishPOV.com] Kimmy Granger - Unorthodox Methods [2020-02-28, Gonzo, Hardcore, POV, 1080p, SiteRip]",https://d.ptorrents.com/bt/[ptorrents.com].3170439.torrent,magnet:?xt=urn:btih:fdd852ee75e917a762672b439cc088af52f3fdbc
479110,"[3.21 GB] [Legalporno.com / PornBox.com / PissVids.com] Sofia Smith - Sofia Smith - 100% Hell(Very Rough WET Scene) With Ass And Pussy Fisting (02.04.2025) [2025 г., GangBang, DAP, DP, DVP, Anal, Rimming, Teen, Gonzo, Hardcore, 1080p]",https://d.ptorrents.com/bt/[ptorrents.com].3171070.torrent,magnet:?xt=urn:btih:99dbeec84e82b1f1651e6709bce6f99c4182596a
479111,"[19.27 GB] [NaughtyAmericaVR.com / NaughtyAmerica.com] London River - Blonde pornstar London River is back for more cock (32852) [2025-04-04, Big Ass, Big Cock, Big Tits, MILF, POV, All Sex, Straight, Oral Sex, PornStar, PSE Porn Star Experience, Naughty America, Sexy, Virtual Reality, VR Porn, SideBySide, 4096p, SiteRip] [Oculus Rift / Vive]",https://d.ptorrents.com/bt/[ptorrents.com].3171637.torrent,magnet:?xt=urn:btih:2a900e8d1406a90fd4647e70dc3b2ba767bf8b04
479112,"[2.51 GB] [VRedging / SexLikeReal.com] Elena Vedem - Elena Enjoys Your Cock [04.04.2025, Blow Job, Chestnut, Cowgirl, Cumshots, Edging, Garter Belt, Hand Job, Hardcore, Long Hair, Nylons, Oiled, Russian, Shaved Pussy, Small Tits, Stockings, Virtual Reality, SideBySide, 6K, 2880p, SiteRip] [Oculus Rift / Quest 2 / Vive]",https://d.ptorrents.com/bt/[ptorrents.com].3171640.torrent,magnet:?xt=urn:btih:1a96871997b25692dfdcbbe3fdd76e26ec9a5f71
479113,"[1.55 GB] [Legalporno.com / PornBox.com / PissVids.com] Sofia Smith - Sofia Smith - 100% Hell(Very Rough WET Scene) With Ass And Pussy Fisting (02.04.2025) [2025 г., GangBang, DAP, DP, DVP, Anal, Rimming, Teen, Gonzo, Hardcore, 720p]",https://d.ptorrents.com/bt/[ptorrents.com].3171071.torrent,magnet:?xt=urn:btih:52a2b29220f576fbcdf0a9d3ff5d0f3c13a9f4f1
479114,"[6.49 GB] [MyDadsHotGirlfriend.ccom, naughtyamerica.com] Lana Rhoades , Damon Dice , Seth Gamble - Lana Rhoades fucking in the bed with her hairy bush [2017-07-14, Babes, Brunette, Big Ass, Big Cock, Big Tits, Blowjob, Cumshot, Deep Throat, Doggystyle, Facial, GAG, Gonzo, Hairy, Hardcore, Handjob, Natural Tits, Straight, 2160p, SiteRip]",https://d.ptorrents.com/bt/[ptorrents.com].3170610.torrent,magnet:?xt=urn:btih:9d1902bfb5e02b1e980b881861e775d606e9b291
479115,"[2.81 GB] [VRCosplayx.com] Stacy Bloom - Star Trek Enterprise A XXX Parody [2019-12-27, 2D, POV, Blowjob, Fucking, Brunette, Movie, Doggystyle, Missionary, Cowgirl, TV Show, 1080p, UnknownRip]",https://d.ptorrents.com/bt/[ptorrents.com].3170611.torrent,magnet:?xt=urn:btih:8505aa9fc89bf45782284ff44a9b5abf62e7dea7
479116,"[6.14 GB] Transsexual hitchhikers #4/ transsexuals Hitchhiker #4 (Jim Powers/ Genderx Films) [2025, Transsexual, Feature, Hardcore Anal, All, Sex Web-Dl, 1080p] (Split Scenes) (Split Scenes) ( Blake Lovely & Michael Delray, Sage Roux & Victoria Grant, Draven Navarro & Kasey Kei, Cliff Jensen & Ember Fiera)",https://d.ptorrents.com/bt/[ptorrents.com].3170299.torrent,magnet:?xt=urn:btih:1c5e2677adb085cbff483ee339a9447e39ba6262
479117,"[2.61 GB] [VRsolos / SexLikeReal.com] Kate Quinn - Finger Her Until She Cums [04.04.2025, Chestnut, Close Ups, Fingering, Magic Wand, Masturbation,nipple Play, Pierced Navel, Russian, Shaved Pussy, Virtual Reality, SideBySide, 6K, 2880p, SiteRip] [Oculus Rift / Quest 2 / Vive]",https://d.ptorrents.com/bt/[ptorrents.com].3171641.torrent,magnet:?xt=urn:btih:ce77406637663f3c2ddf7e96bd99956b24bd63f1
479118,"[4.79 GB] [Legalporno.com / PornBox.com / AnalVids.com] Jasminy Villar - Big Butt Brazilian Jasminy Villar Enjoys Some Intense DAP 0% Pussy With 3 Big Cocks, Footjob, Wiped Cream In The Ass And She Swallow Their Loads (02.04.2025) [2025 г., GangBang, DAP, Anal, BBC, Young, Gonzo, Hardcore, 1080p]",https://d.ptorrents.com/bt/[ptorrents.com].3171073.torrent,magnet:?xt=urn:btih:3bfb1a619e4dea03af5948c432befe9b099fc36d
479119,"[297.48 GB] Dirty Intentions 1-38, 40-43 (1,2,3,4,5,6,7,8,9,10,11,12,13,14,15,16,17,18,19,20,21,22,23,24,25,26,27,28,29,30,31,32,33,34,35,36,37,38,40,41,42,43) / Грязные Намерения (Reality Kings) [2018-2025 г., All Sex, Anal, Lingerie, Big Tits, Outdoors, VOD, 1080p] (Lily Love, Natalia Starr, Valentina Nappi, Dillion Harper, Mia Malkova, Teal Conrad, Kiera Winters, Madison Ivy, Rose Monroe, Kira Noir, Francys Belle, Katana Kombat, Abigail Mac, Abella Danger, Liya Silver, Brooklyn Gray, Oxana Chic, Scarlet)",https://d.ptorrents.com/bt/[ptorrents.com].3170713.torrent,magnet:?xt=urn:btih:c728c99bc737290ec1fcfc9857742f1fc55512b7
479120,"[571.2 MB] [BrazzersExxtra.com / Brazzers.com] Summer Col & Reya Lovenlight - The Prude, The Rude & The Horny Dude (01.04.2025) [2025 г., Threesome, MILF, Young, Big Tits, Gonzo, Hardcore, All Sex, 480p]",https://d.ptorrents.com/bt/[ptorrents.com].3170727.torrent,magnet:?xt=urn:btih:9f2e1b55d11e9511895092749e4b17aa9f7c509a
479121,"[571.2 MB] [BrazzersExxtra.com / Brazzers.com] Summer Col & Reya Lovenlight - The Prude, The Rude & The Horny Dude (01.04.2025) [2025 г., Threesome, MILF, Young, Big Tits, Gonzo, Hardcore, All Sex, 480p]",https://d.ptorrents.com/bt/[ptorrents.com].3170727.torrent,magnet:?xt=urn:btih:9f2e1b55d11e9511895092749e4b17aa9f7c509a
479122,"[15.83 GB] [AnalVids.com / Legalporno.com / PornBox.com / PissVids.com] Lady Ana (Lady Ana Monster TAP BBC goes Wet, Lady Ana 5 on 1, DAP Fisting, DVP, TP, Butt Rose, Pee Drink, Shower, Mouth, Swallow) GIO2623 [2023-10-27, DAP Fisting, DVP, TP, Butt Rose, Pee Drink, Shower, Mouth, Swallow, Piss, Cumshot, 4K, 2160p]",https://d.ptorrents.com/bt/[ptorrents.com].3170893.torrent,magnet:?xt=urn:btih:14a793c66a1131c83670b3ae6db41c16203c7dc3
479123,"[811.3 MB] [Legalporno.com / PornBox.com / PissVids.com] Sofia Smith - Sofia Smith - 100% Hell(Very Rough WET Scene) With Ass And Pussy Fisting (02.04.2025) [2025 г., GangBang, DAP, DP, DVP, Anal, Rimming, Teen, Gonzo, Hardcore, 480p]",https://d.ptorrents.com/bt/[ptorrents.com].3171072.torrent,magnet:?xt=urn:btih:a1b57de3cdfb040061a7d29299dabac678bc1f1b
479124,"[2.32 GB] [Legalporno.com / PornBox.com / AnalVids.com] Jasminy Villar - Big Butt Brazilian Jasminy Villar Enjoys Some Intense DAP 0% Pussy With 3 Big Cocks, Footjob, Wiped Cream In The Ass And She Swallow Their Loads (02.04.2025) [2025 г., GangBang, DAP, Anal, BBC, Young, Gonzo, Hardcore, 720p]",https://d.ptorrents.com/bt/[ptorrents.com].3171074.torrent,magnet:?xt=urn:btih:4bbec4e77408eb07c75045627dc86522baa6c4bb
479125,"[1.18 GB] [Legalporno.com / PornBox.com / AnalVids.com] Jasminy Villar - Big Butt Brazilian Jasminy Villar Enjoys Some Intense DAP 0% Pussy With 3 Big Cocks, Footjob, Wiped Cream In The Ass And She Swallow Their Loads (02.04.2025) [2025 г., GangBang, DAP, Anal, BBC, Young, Gonzo, Hardcore, 480p]",https://d.ptorrents.com/bt/[ptorrents.com].3171075.torrent,magnet:?xt=urn:btih:7e3c12666fb3318989b5ce419e936895ffa3115a
479126,"[1.64 GB] [OnlyFans.com] Sarah Jessie, Lena The Plug - Threesome From PlugTalk (174) [2025-03-11, Big Cock, Big Tits, Blowjob, Couples, Deep Throat, Doggystyle, Threesome (FFM), 1080p, SiteRip]",https://d.ptorrents.com/bt/[ptorrents.com].3170132.torrent,magnet:?xt=urn:btih:9b281f789eb7463313b4a2e78c7e6ad7c37215e2
479127,"[587.2 MB] [BangPOV.com / BangBros.com] Brianna Moore - Stepsister Wants Some Cock! (01.04.2025) [2025 г., Young, Ebony, Gonzo, Hardcore, All Sex, 480p]",https://d.ptorrents.com/bt/[ptorrents.com].3170730.torrent,magnet:?xt=urn:btih:55717401ccfdc8186fc0d15df9441dc788af5a5b
479128,"[587.2 MB] [BangPOV.com / BangBros.com] Brianna Moore - Stepsister Wants Some Cock! (01.04.2025) [2025 г., Young, Ebony, Gonzo, Hardcore, All Sex, 480p]",https://d.ptorrents.com/bt/[ptorrents.com].3170730.torrent,magnet:?xt=urn:btih:55717401ccfdc8186fc0d15df9441dc788af5a5b
479129,"[2.31 GB] [Legalporno.com / PornBox.com / AnalVids.com] Little Tina - Amazing Skinny Girls 3one1 Rough DP Firstime ATM ATP (02.04.2025) [2025 г., GangBang, DP, Anal, Gonzo, Hardcore, Anal Creampie, 1080p]",https://d.ptorrents.com/bt/[ptorrents.com].3171076.torrent,magnet:?xt=urn:btih:e86c1c2fbdc6ba234d0b44ecf5520220d53b336f
479130,"[1.33 GB] [TagTeamPov.com]Tru Kait (Tru Kait's Intense Double Pussy Penetration And Messy Facial)[2024, Gonzo, Hardcore, All Sex ,Straight,DPP 1080p]",https://d.ptorrents.com/bt/[ptorrents.com].3170300.torrent,magnet:?xt=urn:btih:cc6a78726e5aad5db36d41e8c7d6744f02121d5e
479131,"[3.73 GB] Irresistible Beauties 7 (Private) [2025 г., All Sex, WEB-DL, 720p] (Leo Santos, Lilly Mays, Megan Murkovski, Shelena, Mary Rock)",https://d.ptorrents.com/bt/[ptorrents.com].3170442.torrent,magnet:?xt=urn:btih:8e450fd255535c50cca41478bc1774553166909f
479132,"[623.3 MB] [ItsPOV.com / FeetishPOV.com] Shay Evans - Unwrap Your Present, Boss! [2020-01-03, Gonzo, Hardcore, POV, Titfuck, 1080p, SiteRip]",https://d.ptorrents.com/bt/[ptorrents.com].3170441.torrent,magnet:?xt=urn:btih:1f1488a410b32d432dba5fa3cfccb7ce67559e1f
479133,"[1.48 GB] [LibertineVR] Stacy Bloom - Cleaning Stacy Lady [2019-11-11, 2D, Russian, Anal, Blow job, Boobs, Tits fucking, Brunette, Cowgirl, Reverse cowgirl, Curly, Short hair, Hardcore, Trimmed pussy, Pierced navel, Tattoo, 1080p, UnknownRip]",https://d.ptorrents.com/bt/[ptorrents.com].3170612.torrent,magnet:?xt=urn:btih:bcb538bd677c007cb9a92567b6c1f92233bb0955
479134,"[1.12 GB] [Legalporno.com / PornBox.com / AnalVids.com] Little Tina - Amazing Skinny Girls 3one1 Rough DP Firstime ATM ATP (02.04.2025) [2025 г., GangBang, DP, Anal, Gonzo, Hardcore, Anal Creampie, 720p]",https://d.ptorrents.com/bt/[ptorrents.com].3171077.torrent,magnet:?xt=urn:btih:9207a3e1497ce994dda80290796b0ff71dc32c04
479135,"[14.92 GB] [AnalVids.com / Legalporno.com / PornBox.com / PissVids.com] Francys Belle - Used and Misdeed Goes Wet, 5 on 1, DAP, Deepthroat, Rough, Gapes, ButtRose, Pee Drink/Cocktail/Shower, Squirt, Cum in Mouth GIO2768 (2024-03-19) [2024, anal, ass to mouth, big tits, blowjob, cum swallowing, deep throat, double anal (DAP), double penetration (DP), face fucking, facial, gagging, gapes, interracial, milf, rough, slapping, squirting, piss, pee, cumshot, 4K, 2160p]",https://d.ptorrents.com/bt/[ptorrents.com].3171165.torrent,magnet:?xt=urn:btih:1dee974a1234fcec82291fd7b611ba4658d67a33
479136,"[3.41 GB] [WhippedAss.com / Kink.com] Arabelle Raphael & Luna Lovely - Tears of Joy [2025 г., BDSM, Brunette, Bondage, Big Tits, Dominatrix, Femdom, Lesbian, LezDom, Pussy Eating, Fingering, Fisting, Vibrator, 1080p]",https://d.ptorrents.com/bt/[ptorrents.com].3171348.torrent,magnet:?xt=urn:btih:7568515547b1d578cd2f0f88766103b0a6f850a3
479137,"[1.67 GB] [OnlyTarts.com] Emma Evans - No Rules Just Us [2025 г., All Sex, Brunette, Natural Tits, Hardcore, Teen, Straight, Cumshot, Facial, 1080p]",https://d.ptorrents.com/bt/[ptorrents.com].3170895.torrent,magnet:?xt=urn:btih:e446528dcb686130956bd2dff28ba745e867e4cd
479138,"[1.19 GB] [PornBox.com / AnalVids.com / Outside The Studio] Angel Wicky - Angel Wicky fucked in POV with vaginal creampie OTS059 [2020-04-11, Blonde, Big Cock, Big Tits, Blowjob, Creampie, Lingerie, POV, Piercing, Stockings, Straight, 1080p, SiteRip]",https://d.ptorrents.com/bt/[ptorrents.com].3171078.torrent,magnet:?xt=urn:btih:ace81ed474ade8f43576519efef45eb1d0ddb9fb
479139,"[1.3 GB] A New Beginning – Part 1 (Mizzclipx3D) [2025, 3DCG, Parody, Big ass, Big tits, Creampie, Vaginal sex, Oral sex, WEB-DL] [1080p]",https://d.ptorrents.com/bt/[ptorrents.com].3170133.torrent,magnet:?xt=urn:btih:1a0063e17204e08e41d53b7980b4af6a4a1abeb2
479140,"[65.1 MB] [iStripper.com] 2025-02-10 Charlotte Grey - f1774 Hard Cop [solo, posing] [674x1006 - 3003x4500, 51 фото]",https://d.ptorrents.com/bt/[ptorrents.com].3171167.torrent,magnet:?xt=urn:btih:18b799d96b77540fa21211c4ff2422e35fe79b60
479141,"[583.2 MB] [Legalporno.com / PornBox.com / AnalVids.com] Little Tina - Amazing Skinny Girls 3one1 Rough DP Firstime ATM ATP (02.04.2025) [2025 г., GangBang, DP, Anal, Gonzo, Hardcore, Anal Creampie, 480p]",https://d.ptorrents.com/bt/[ptorrents.com].3171079.torrent,magnet:?xt=urn:btih:0ef5f3339837222cef1a7f9fce05380f261f1050
479142,"[3.3 GB] Blacked Raw V93 (Blacked Raw) [2025 г., All Sex, WEB-DL, 720p] (Christy White, Kendra Sunderland, Lisa Belys, Riley Star)",https://d.ptorrents.com/bt/[ptorrents.com].3170443.torrent,magnet:?xt=urn:btih:e378a6f1061a6caad0fc221af37af9dccd3a8a38
479143,"[4.84 GB] [SLR Originals / SexLikeReal.com] Karma Rx, Tru Kait - GFE: TrueKarma [2021-12-13, 2D, Big Tits, Blonde, Blowjob, Brunette, Close Ups, Cowgirl, Doggy Style, Fishnet, Hardcore, Latino, MILF, Missionary, Pierced Navel, Tattoo, POV, Reverse Cowgirl, Silicone, Stockings, 1080p, UnknownRip]",https://d.ptorrents.com/bt/[ptorrents.com].3170614.torrent,magnet:?xt=urn:btih:8d82fdcf3fa245d77707f1f439e3e2ca8af63af7
479144,"[993.4 MB] [Bang! Real Teens / Bang! Originals / Bang.com] Pixie Smalls - Pixie Smalls Gets Her Bushy Pussy Slammed (01.04.2025) [2025 г., Young, Gonzo, Hardcore, All Sex, Creampie, 540p]",https://d.ptorrents.com/bt/[ptorrents.com].3170733.torrent,magnet:?xt=urn:btih:c245348bb757890caf555bffb0881e3b53766d7d
479145,"[993.4 MB] [Bang! Real Teens / Bang! Originals / Bang.com] Pixie Smalls - Pixie Smalls Gets Her Bushy Pussy Slammed (01.04.2025) [2025 г., Young, Gonzo, Hardcore, All Sex, Creampie, 540p]",https://d.ptorrents.com/bt/[ptorrents.com].3170733.torrent,magnet:?xt=urn:btih:c245348bb757890caf555bffb0881e3b53766d7d
479146,"[3.71 GB] Addyson James In Summer With Step Mom (Taboo Heat) [2025 г., All Sex, Anal, WEB-DL, 1080p] (Addyson James, Cory Chase)",https://d.ptorrents.com/bt/[ptorrents.com].3170134.torrent,magnet:?xt=urn:btih:32c21aef2ab186fb3a8f673dc5076cc04691276c
479147,"[2.09 GB] [TagTeamPov.com]Danielle Renae (Threesome Goddess Danielle Renae Receives Pussy And Anal Creampie)[2024, Gonzo, Hardcore, All Sex ,Straight,Anal ,DP 1080p]",https://d.ptorrents.com/bt/[ptorrents.com].3170301.torrent,magnet:?xt=urn:btih:f371e199fa839bdacb23cfe546db8a876507563e
479148,"[637 MB] [Legalporno.com / PornBox.com] Sara Taylor - Sexy Latina Teen Sara Taylor 2 On 1 Interracial (02.04.2025) [2025 г., Anal, Threesome, Interracial, BBC, Gonzo, Hardcore, 480p]",https://d.ptorrents.com/bt/[ptorrents.com].3171082.torrent,magnet:?xt=urn:btih:a6caff7c83bc7020d4e568ceac6857d54df30d04
479149,"[637 MB] [Legalporno.com / PornBox.com] Sara Taylor - Sexy Latina Teen Sara Taylor 2 On 1 Interracial (02.04.2025) [2025 г., Anal, Threesome, Interracial, BBC, Gonzo, Hardcore, 480p]",https://d.ptorrents.com/bt/[ptorrents.com].3171082.torrent,magnet:?xt=urn:btih:a6caff7c83bc7020d4e568ceac6857d54df30d04
479150,"[5.1 GB] The Best of Forbidden Scenes 13 (Pure Taboo) [2025 г., All Sex, WEB-DL, 720p] (Brandi Love, Casey Calvert, Jane Wilde, Maya Kendrick, Natasha Nice)",https://d.ptorrents.com/bt/[ptorrents.com].3171644.torrent,magnet:?xt=urn:btih:fafbf144178caeaf7ecf6693e10ea89b71793cee
479151,"[6.3 GB] [VirtualXPorn] Tabitha Poison - Tabitha Poison DP POV Fucked [28.03.2023, Anal, Binaural Sound, Blonde, Blowjob, Cowgirl, Cumshots, Dildo, Doggy Style, Double Penetration, Fingering, Fisting, Flexible, Handjob, HD, Homemade, Lying, MILF, Missionary, Natural Tits, Nude, Petite, Piercing, POV, Premium, Pussy, Reverse Cowgirl, Sex, Shaved Pussy, Sitting, Skinny, Small Tits, Spanking, Tattoo, Tease, Toys, SideBySide, 2700p, SiteRip] [Oculus Rift / Vive]",https://d.ptorrents.com/bt/[ptorrents.com].3170444.torrent,magnet:?xt=urn:btih:e17c858509a3579cef039950e2db6d55f508c157
479152,"[3.82 GB] [Nubiles.net] Wendy Sweet - Top Tier [2025.04.01, Teen, Solo, Masturbation, 2160p]",https://d.ptorrents.com/bt/[ptorrents.com].3170894.torrent,magnet:?xt=urn:btih:f6f592f25cd998ca30d874f00ee246d621474f5b
479153,"[4.56 GB] [Wifey.com] Danielle Renae - Danielle And Richard - Bride Gets Gangbanged While Hubby Watches (08.03.2025) [2025 г., GangBang, Interracial, BBC, MILF, Cuckold, Big Tits, Gonzo, Hardcore, All Sex, 720p]",https://d.ptorrents.com/bt/[ptorrents.com].3170621.torrent,magnet:?xt=urn:btih:5875ea8d44c1783c534f5c719a52693677cd599e
479154,"[12.4 GB] [FuckPassVR.com] Katie Kush (Burning Passion) [2025 г., Hardcore, All Sex, VR, 8k, 3840p] [Oculus Rift / Vive]",https://d.ptorrents.com/bt/[ptorrents.com].3171541.torrent,magnet:?xt=urn:btih:19e5cc1785ac9c5de84146f2eeb3fdcdae6dae42
479155,"[742.8 MB] [Legalporno.com / PornBox.com] Moon Flower & Maddy Nelson - Anal Threesome With Girlfriend And Busty Milf (02.04.2025) [2025 г., Anal, Threesome, MILF, Young, Big Tits, Gonzo, Hardcore, 720p]",https://d.ptorrents.com/bt/[ptorrents.com].3171084.torrent,magnet:?xt=urn:btih:90ae9d57809ac33aecd36fe7598e69415dd1a50e
479156,"[10.79 GB] [Taboo VR Porn / SexLikeReal.com] Juniper Ren - Truth or Dare with Petite Small Tits Stepsister [04.04.2025, Blow Job, Chestnut, Close Ups, Cowgirl, Creampie, Doggy Style, Face Pierced, Fingering, Hand Job, Hardcore, Long Hair, Masturbation, Missionary, Petite, Reverse Cowgirl, Shaved Pussy, Slim, Small Tits, Stepfamily Role Play, Stepsister, Virtual Reality, SideBySide, 8K, 4096p, SiteRip] [Oculus Rift / Quest 2 / Vive]",https://d.ptorrents.com/bt/[ptorrents.com].3171642.torrent,magnet:?xt=urn:btih:d575e1e9109a92ed2f28ec3eacce9041b7b48ab9
479157,"[1.5 GB] [Legalporno.com / PornBox.com] Moon Flower & Maddy Nelson - Anal Threesome With Girlfriend And Busty Milf (02.04.2025) [2025 г., Anal, Threesome, MILF, Young, Big Tits, Gonzo, Hardcore, 1080p]",https://d.ptorrents.com/bt/[ptorrents.com].3171083.torrent,magnet:?xt=urn:btih:fc38a60b4da1d45fced0f7f254539da6911a5ee8
479158,"[3.75 GB] Rina Ishihara - Sacrifice [RBD-823] (Attackers) [cen] [2017 г., Oral Sex, Group sex, Sex Toys, HDRip] [1080p]",https://d.ptorrents.com/bt/[ptorrents.com].3171169.torrent,magnet:?xt=urn:btih:bcf0e8fed2e92c7f52cc400c9b0757f0aadb9610
479159,"[1.11 GB] [MommyBlowsBest.com/BlowPass.com] Aderes Quin - Fulfilling Her Stepson's Fantasies [2024-11-05, Blonde, Big Tits, Blowjob, Cumshot, Deep Throat, Foot Fetish, Facial, Handjob, MILF, Masturbation, POV, Spit, Titfuck, 1080p, SiteRip]",https://d.ptorrents.com/bt/[ptorrents.com].3170445.torrent,magnet:?xt=urn:btih:25cc7b49bfd820bc4c441cc4dc09c574e6e9b988
479160,"[741 MB] [WeLiveTogether.com / RealityKings.com] Aria Banks & Leana Lovings - Synchronized Scissoring (01.04.2025) [2025 г., Lesbian, Young, Kissing, Masturbation, Pussy Licking, Orgasm, 480p]",https://d.ptorrents.com/bt/[ptorrents.com].3170736.torrent,magnet:?xt=urn:btih:2d9bb5d9438b016272c4a04a69f006a929041956
479161,"[741 MB] [WeLiveTogether.com / RealityKings.com] Aria Banks & Leana Lovings - Synchronized Scissoring (01.04.2025) [2025 г., Lesbian, Young, Kissing, Masturbation, Pussy Licking, Orgasm, 480p]",https://d.ptorrents.com/bt/[ptorrents.com].3170736.torrent,magnet:?xt=urn:btih:2d9bb5d9438b016272c4a04a69f006a929041956
479162,"[5.47 GB] Rui Hasegawa - Endless Sex ACT 07 [ABP-567] (Prestige) [cen] [2017 г., Cum shots, Oral Sex, Group sex, HDRip] [1080p]",https://d.ptorrents.com/bt/[ptorrents.com].3171168.torrent,magnet:?xt=urn:btih:2b400888413e5bd7a834af5121c261ebef7694e3
479163,"[378.8 MB] [Legalporno.com / PornBox.com] Moon Flower & Maddy Nelson - Anal Threesome With Girlfriend And Busty Milf (02.04.2025) [2025 г., Anal, Threesome, MILF, Young, Big Tits, Gonzo, Hardcore, 480p]",https://d.ptorrents.com/bt/[ptorrents.com].3171085.torrent,magnet:?xt=urn:btih:d50bba598d3d058fc552cabffa52d13f16bf81ab
479164,"[385.4 MB] [PublicAgent.com / FakeHub.com] Kirsten Fog - You Lose, You Fuck (01.04.2025) [2025 г., MILF, Gonzo, Hardcore, All Sex, 480p]",https://d.ptorrents.com/bt/[ptorrents.com].3170739.torrent,magnet:?xt=urn:btih:69621c2bbda669198367750f0671edf016c0767b
479165,"[385.4 MB] [PublicAgent.com / FakeHub.com] Kirsten Fog - You Lose, You Fuck (01.04.2025) [2025 г., MILF, Gonzo, Hardcore, All Sex, 480p]",https://d.ptorrents.com/bt/[ptorrents.com].3170739.torrent,magnet:?xt=urn:btih:69621c2bbda669198367750f0671edf016c0767b
479166,"[1.56 GB] The Challenge / Challenge / Вызов (Jurgen Wolf, Helen Duval Entertainment) [2000 г., Feature, Anal, DP, Facial, DVDRip] (Helen Duval, Claudia Jamsson (as Claudia Jamson), Jessica May (as Jessica Mai), Rumika Powers (as Ruminka Powers), Andrea Mirage (as Serena Young), Melissa Mercuri (as Susanna Mane), Cindy Almond, Laura Angel, Bruno SX, Ian Scott, Pascal St. James, Titof, George Uhl, Philippe Dean, Sebastian Barrio, Steve Holmes)",https://d.ptorrents.com/bt/[ptorrents.com].3171170.torrent,magnet:?xt=urn:btih:12217c89df245dcc0579dba37b5d1c8d572e734e
479167,"[3.41 GB] [TheLifeErotic.com] (7 роликов) Pack [2025-03, Blonde, Brunette, Dildo, Ebony, Masturbation, Piercing, Posing, Solo, Tattoos, 1080p]",https://d.ptorrents.com/bt/[ptorrents.com].3170625.torrent,magnet:?xt=urn:btih:196535e36ac16b78f9fbd237d0ceb5b3b2f4b525
479168,"[1.56 GB] [MetArt.com] 2025-03-31 Eva - Bold Beauty, Emi Mur - Angelic Hues, Pearl - Blush Morning, Sofy Bee - Presenting Sofy Bee [Solo, Posing, Glamour] [3333x5000-5464x8192, 461 фото]",https://d.ptorrents.com/bt/[ptorrents.com].3170624.torrent,magnet:?xt=urn:btih:dd0fb3ac0bc964028d8de5a7bef57189b03b414a
479169,[434.2 MB] [AssParade.com / BangBros.com] Cassie Lenoir - My Roommate C-ASS-IE (31.03.2025) [All Sex],https://d.ptorrents.com/bt/[ptorrents.com].3171172.torrent,magnet:?xt=urn:btih:3b4296abc7fc11de1244c86502ba9434698e34ab
479170,[434.2 MB] [AssParade.com / BangBros.com] Cassie Lenoir - My Roommate C-ASS-IE (31.03.2025) [All Sex],https://d.ptorrents.com/bt/[ptorrents.com].3171172.torrent,magnet:?xt=urn:btih:3b4296abc7fc11de1244c86502ba9434698e34ab
479171,"[391.5 MB] [SweetSinner.com] Little Puck - Why We Cheat - Scene 1- Secret Seduction (01.04.2025) [2025 г., MILF, Big Tits, Gonzo, Hardcore, All Sex, 480p]",https://d.ptorrents.com/bt/[ptorrents.com].3170742.torrent,magnet:?xt=urn:btih:c88379c545ec689994979e9482a944f69534b017
479172,"[391.5 MB] [SweetSinner.com] Little Puck - Why We Cheat - Scene 1- Secret Seduction (01.04.2025) [2025 г., MILF, Big Tits, Gonzo, Hardcore, All Sex, 480p]",https://d.ptorrents.com/bt/[ptorrents.com].3170742.torrent,magnet:?xt=urn:btih:c88379c545ec689994979e9482a944f69534b017
479173,"[1.18 GB] Fatcat17 - Electric Relaxation (Fatcat / Fatcat17) [2025, 3DCG, Animated, Anal sex, Oral sex, Vaginal sex, Group sex, Parody, Creampie, BDSM, WEB-DL] [1080p]",https://d.ptorrents.com/bt/[ptorrents.com].3170135.torrent,magnet:?xt=urn:btih:c9b36025bcf77a29a5943addb11c3da35c7e9af9
479174,"[18.17 GB] [VRCosplayX.com] Asteria Jade - Shadow of the Tomb Raider A XXX Parody [03.04.2025, Blowjob, Brunette, Cowgirl, Cum In Mouth, Doggy Style, Missionary, Reverse Cowgirl, Small Tits, Teen, Videogame, Virtual Reality, SideBySide, 8K, 4096p, SiteRip] [Oculus Rift / Quest 2 / Vive]",https://d.ptorrents.com/bt/[ptorrents.com].3171346.torrent,magnet:?xt=urn:btih:b58673c004502ea1348dcb158cfb63b46ee4bbfe
479175,"[2.43 GB] [TagTeamPov.com]Valerica Steele (Squirt Queen Valerica Steele Gets Two Cocks In Her Pussy At The Same Time)[2024, Gonzo, Hardcore, All Sex ,Straight,DPP 1080p]",https://d.ptorrents.com/bt/[ptorrents.com].3170302.torrent,magnet:?xt=urn:btih:91ebce6a77760b9261e41622f77b94517fd48d0a
479176,"[115.02 GB] [thedicksuckers.com] The Dick Suckers Videos Pack Extras (622 роликов) [2025-2008, Blowjob, Facial, Handjob, 1080p, 540p]",https://d.ptorrents.com/bt/[ptorrents.com].3170128.torrent,magnet:?xt=urn:btih:736d42868100634e3832b086380febf8542a3abc
479177,"[1.34 GB] [PornBox.com / AnalVids.com / Outside The Studio] Angel Wicky - PAWG girl Angel Wicky Vs BBC OTS068 [2020-04-14, Blonde, Big Ass, Big Cock, Big Tits, Blowjob, Cumshot, Deep Throat, Facial, Interracial, MILF, Piercing, Shaved, Czech, 1080p, SiteRip]",https://d.ptorrents.com/bt/[ptorrents.com].3171086.torrent,magnet:?xt=urn:btih:c84eb6c68b402e6757cbbc89bad54543617be1c7
479178,"[504.6 MB] [TeamSkeetSingles.com / TeamSkeet.com] Megan Mistakes (Cream of the Wilderness) [2025 г., Hardcore, All Sex, 360p]",https://d.ptorrents.com/bt/[ptorrents.com].3170744.torrent,magnet:?xt=urn:btih:ae64ab703207b22d63ecc51e3e81ea07f840795d
479179,"[504.6 MB] [TeamSkeetSingles.com / TeamSkeet.com] Megan Mistakes (Cream of the Wilderness) [2025 г., Hardcore, All Sex, 360p]",https://d.ptorrents.com/bt/[ptorrents.com].3170744.torrent,magnet:?xt=urn:btih:ae64ab703207b22d63ecc51e3e81ea07f840795d
479180,"[15.56 GB] [AnalVids.com / Legalporno.com / PornBox.com / PissVids.com] Ria Sunn - Manhandle, 6 on 1, Mixed Boys, ATM, Balls Deep, DAP, Extreme Deepthroat, No Pussy, Rough Sex, Big Gapes, Cum in Mouth, Facial, Swallow (GIO2833) [2024, Gonzo, Hardcore, All Sex, Anal, Piss, Pee, DAP, Cumshot, 4K, 2160p]",https://d.ptorrents.com/bt/[ptorrents.com].3170896.torrent,magnet:?xt=urn:btih:f466ece97e95368c61862a201ecb30ad93ed6fdb
479181,"[551.6 MB] [ItsPOV.com / FeetishPOV.com] Valentina Nappi - New High Heels For Valentina [2020-04-17, Anal, Footjob, Gonzo, Hardcore, POV, Titfuck, 1080p, SiteRip]",https://d.ptorrents.com/bt/[ptorrents.com].3170447.torrent,magnet:?xt=urn:btih:4feceb3712a2d060176b990bd1689c89d4049ac2
479182,"[4.35 GB] [RealJamVR.com] Alex Kane, Octavia Red - Bikini Party With Hot Babes 2 [2024-08-05, Big Tits, Bikini, Blowjob, Cowgirl, Doggy Style, Hardcore, Missionary, Petite, POV, Pussy Licking, Reverse Cowgirl, Threesome (FFM), SideBySide, 1920p, SiteRip] [Oculus Rift / Vive / Go]",https://d.ptorrents.com/bt/[ptorrents.com].3170627.torrent,magnet:?xt=urn:btih:72c427d98ddf10c16cfeaf11b756ec8862599f26
479183,"[6.24 GB] Kaylan Nicole 15: TimePiece / Kaylan Nicole: Фрагменты Времени (Paul Norman, Nutech Digital) [2000 г., Feature, Straight, Couples, All Sex, DVD9] (Nikki Randall, Kaylan Nicole, Dallas Whitacker, Sophia Ferrari, Sean Rider, Michael J. Cox, Vince Vouyer, Nick East)",https://d.ptorrents.com/bt/[ptorrents.com].3170136.torrent,magnet:?xt=urn:btih:18ccd5c74a82d3f058b7f3d783ac1dafe767ff12
479184,"[975.4 MB] [throated.com] Elli Fox - Elli Fox Upscale (47120) [2008-06-20, Blowjob, Cumshot, Deep Throat, Facial, GAG, facefuck, Teen, Rough Sex, angry dragon, 720p, SiteRip]",https://d.ptorrents.com/bt/[ptorrents.com].3171175.torrent,magnet:?xt=urn:btih:4a12ba51b65e8ed44bfe4876fa6473fe9b848d27
479185,"[481.4 MB] The Zion daughter was torn off at the hotel / Submissive Big Ass Teen Gives Her Tight Pussy for Cum Load [2025, Onlyfans.com, Teen, Natural Breast, All Sex, Roleplay 1080p, HD] [Yummy MIRA, Mira David]",https://d.ptorrents.com/bt/[ptorrents.com].3171543.torrent,magnet:?xt=urn:btih:86796b5c7c4f844fdb3287f4f15d0596ce49a6fb
479186,"[706.8 MB] [Hunt4K.com / Vip4K.com]Vicky Menage( Don't Go With The Woods)[2025 г., Gonzo, Hardcore, All Sex, POV,Straight 540p]",https://d.ptorrents.com/bt/[ptorrents.com].3171544.torrent,magnet:?xt=urn:btih:4df7c4f1eea7d6c3f1d146af4896093168ad3e59
479187,"[706.8 MB] [Hunt4K.com / Vip4K.com]Vicky Menage( Don't Go With The Woods)[2025 г., Gonzo, Hardcore, All Sex, POV,Straight 540p]",https://d.ptorrents.com/bt/[ptorrents.com].3171544.torrent,magnet:?xt=urn:btih:4df7c4f1eea7d6c3f1d146af4896093168ad3e59
479188,"[463.9 MB] [EvilAngel.com] Jane Wilde - JANE WILDE Anal Gaping & A2M POV (01.04.2025) [2025 г., Anal, Young, Gonzo, Hardcore, 544p]",https://d.ptorrents.com/bt/[ptorrents.com].3170747.torrent,magnet:?xt=urn:btih:b8fd96a715406589f774423a5cdd7e2ffe5ee71b
479189,"[463.9 MB] [EvilAngel.com] Jane Wilde - JANE WILDE Anal Gaping & A2M POV (01.04.2025) [2025 г., Anal, Young, Gonzo, Hardcore, 544p]",https://d.ptorrents.com/bt/[ptorrents.com].3170747.torrent,magnet:?xt=urn:btih:b8fd96a715406589f774423a5cdd7e2ffe5ee71b
479190,"[2.05 GB] [TagTeamPov.com]Rara Knupps (Showcases Her Pleasurable Skills In A Threesome)[2024, Gonzo, Hardcore, All Sex ,Straight,Threesome 1080p]",https://d.ptorrents.com/bt/[ptorrents.com].3170303.torrent,magnet:?xt=urn:btih:2b8ec2df77241f770dca9b3d143a9072c83f5650
479191,"[13.2 GB] Amy Yamaguchi (8 роликов) Pack [2023-2024, Anal, Big Ass, Big Tits, Creampie, DP, Facial, Gangbang, Latina, MILF]",https://d.ptorrents.com/bt/[ptorrents.com].3171089.torrent,magnet:?xt=urn:btih:8dd93ca57a035727c5460b0f2886c75bb986f9e7
479192,"[896 MB] [DreamTranny.com] Ananda India - Transsexual Temptress (04.04.2025) [2025 г., Shemale, Hardcore, Rimming, Blowjob, Anal, Bareback, Anal Creampie, 720p]",https://d.ptorrents.com/bt/[ptorrents.com].3171546.torrent,magnet:?xt=urn:btih:85b2c8bb419203d314100f45d8a3eea635f8bab5
479193,"[1.43 GB] [DreamTranny.com] Ananda India - Transsexual Temptress (04.04.2025) [2025 г., Shemale, Hardcore, Rimming, Blowjob, Anal, Bareback, Anal Creampie, 1080p]",https://d.ptorrents.com/bt/[ptorrents.com].3171545.torrent,magnet:?xt=urn:btih:58feccdf2bd3693a7e06efa08b37b0ba7a8c0b29
479194,"[15.02 GB] [AnalVids.com / Legalporno.com / PornBox.com / PissVids.com] Ria Sunn - Deep in All Holes & Barefoot Wet, 5 on 1, BBC, Balls Deep DAP & DP, Deepthroat, Gapes, Pee Drink, Cocktail, Swallow GIO2680 (2024-01-19) [2024, anal, ass to mouth, big ass, big tits, blowjob, cum swallowing, deep throat, double anal (DAP), double penetration (DP), face fucking, gagging, gapes, interracial, piss, rough, pee, cumshot, 4K, 2160p]",https://d.ptorrents.com/bt/[ptorrents.com].3171645.torrent,magnet:?xt=urn:btih:1547a99ecf2e44892dccd97a63df5d9cb75b9058
479195,"[541.9 MB] [Legalporno.com / PornBox.com] Maya Rose - Maximo Garcia Drilling All The Holes Of French Blonde Pornstar Maya Rose (29.03.2025) [2025 г., Anal, MILF, Big Tits, Gonzo, Hardcore, Anal Creampie, 480p]",https://d.ptorrents.com/bt/[ptorrents.com].3170304.torrent,magnet:?xt=urn:btih:4be237524fc8eda530a176fd3662624c550ea609
479196,"[541.9 MB] [Legalporno.com / PornBox.com] Maya Rose - Maximo Garcia Drilling All The Holes Of French Blonde Pornstar Maya Rose (29.03.2025) [2025 г., Anal, MILF, Big Tits, Gonzo, Hardcore, Anal Creampie, 480p]",https://d.ptorrents.com/bt/[ptorrents.com].3170304.torrent,magnet:?xt=urn:btih:4be237524fc8eda530a176fd3662624c550ea609
479197,"[138.9 MB] [MylfOfTheMonth.com / TeamSkeet.com] Aderes Quin (April Spotlight: Your Squirting Toy Aderes Quin) [2025 г., MILF, Squirt, Hardcore, All Sex, 360p]",https://d.ptorrents.com/bt/[ptorrents.com].3170749.torrent,magnet:?xt=urn:btih:eba2543d7d6bcd0302977a3fe8c5ef3357aeccae
479198,"[138.9 MB] [MylfOfTheMonth.com / TeamSkeet.com] Aderes Quin (April Spotlight: Your Squirting Toy Aderes Quin) [2025 г., MILF, Squirt, Hardcore, All Sex, 360p]",https://d.ptorrents.com/bt/[ptorrents.com].3170749.torrent,magnet:?xt=urn:btih:eba2543d7d6bcd0302977a3fe8c5ef3357aeccae
479199,"[49.89 GB] Addyson James (28 роликов) Pack [2023-2025, Anal, Blonde, Big Ass, Big Tits, Creampie, Facial, MILF, Mature]",https://d.ptorrents.com/bt/[ptorrents.com].3170138.torrent,magnet:?xt=urn:btih:051a5a94afae91a047631250ea59d1db7d3a7da6
479200,"[14.56 GB] [Taboo VR Porn / SexLikeReal.com] Rhae Woods - Innocent Black Stepdaughter Learns Handjob And More [14.02.2025, Blow Job, Close Ups, Cowgirl, Cumshots, Doggy Style, Fingering, Hand Job, Hardcore, Indian, Interracial, Masturbation, Missionary, Pierced Nipple, Reverse Cowgirl, Shaved Pussy, Stepdaughter, Tits Fucking, Virtual Reality, SideBySide, 8K, 4096p, SiteRip] [Oculus Rift / Quest 2 / Vive]",https://d.ptorrents.com/bt/[ptorrents.com].3171646.torrent,magnet:?xt=urn:btih:c03638382af9e3608edbc0c6fc3682d12b480f30
479201,"[451 MB] [MomWantsCreampie.com / MomLover.com]Rebecca Volpetti(My Crush Married My Dad - S6:E7)[2025, Feature, Hardcore, All Sex, Couples , 540p]",https://d.ptorrents.com/bt/[ptorrents.com].3171548.torrent,magnet:?xt=urn:btih:f62bc6c25afa0af01da6751f07f11d249568db14
479202,"[451 MB] [MomWantsCreampie.com / MomLover.com]Rebecca Volpetti(My Crush Married My Dad - S6:E7)[2025, Feature, Hardcore, All Sex, Couples , 540p]",https://d.ptorrents.com/bt/[ptorrents.com].3171548.torrent,magnet:?xt=urn:btih:f62bc6c25afa0af01da6751f07f11d249568db14
479203,"[1.02 GB] [LadyboyObsession.com / LadyboyGold.com] Mickey 1 Baseball Freak Grand Slam Frottage Cum (Apr, 2025) [2025 г., Transsexual, Shemale, Ladyboy, Asian, Anal, Blowjob, Small Tits, Close-ups, Masturbation, Cumshot, POV, 1080p]",https://d.ptorrents.com/bt/[ptorrents.com].3171351.torrent,magnet:?xt=urn:btih:9ac5dd38a3681c29f5be3a449ffdb48596b50c36
479204,"[482.7 MB] [DreamTranny.com] Ananda India - Transsexual Temptress (04.04.2025) [2025 г., Shemale, Hardcore, Rimming, Blowjob, Anal, Bareback, Anal Creampie, 480p]",https://d.ptorrents.com/bt/[ptorrents.com].3171547.torrent,magnet:?xt=urn:btih:d908692e1ed4aa8fb9d46c93e600cc53f82a800f
479205,"[274.3 MB] [Legalporno.com / PornBox.com] Crystal White - We Are Being Watched During Public Ass Fucking (29.03.2025) [2025 г., Anal, Young, Gonzo, Hardcore, 480p]",https://d.ptorrents.com/bt/[ptorrents.com].3170305.torrent,magnet:?xt=urn:btih:584ac104189a80696070ee9d6101a26fee232e97
479206,"[2.55 GB] Banging my Ex (Private) [2025 г., All Sex, Big Tits, WEB-DL, 720p] (Cherry Kiss, Vince Karter, Gizelle Blanco, Nicole Doshi)",https://d.ptorrents.com/bt/[ptorrents.com].3170139.torrent,magnet:?xt=urn:btih:601ec604352768019ef0756a5459ed3d38878b38
479207,"[13.36 GB] [VRCosplayX.com] Eliza Ibarra - From Dusk Till Dawn A XXX Parody Remastered [31.03.2025, Blowjob, Brunette, Cowgirl, Cum On Body, Doggy Style, Latina, Missionary, Movie, Remastered, Reverse Cowgirl, Small Tits, Teen, Virtual Reality, SideBySide, 8K, 4096p, SiteRip] [Oculus Rift / Quest 2 / Vive]",https://d.ptorrents.com/bt/[ptorrents.com].3171349.torrent,magnet:?xt=urn:btih:ec1950c986dcd11313c453641b22dac700625175
479208,"[35.44 GB] Luna Skye (15 роликов) Pack [2018-2022, Blonde, Big Tits, Creampie, Facial]",https://d.ptorrents.com/bt/[ptorrents.com].3171090.torrent,magnet:?xt=urn:btih:521761fbfceef5822750e9e6b49b2449718114df
479209,"[262.2 MB] [SexMex.xxx] Karen Sleen (Her First Scene) [2025 г., Casting, Hardcore, All Sex, 480p]",https://d.ptorrents.com/bt/[ptorrents.com].3170752.torrent,magnet:?xt=urn:btih:70cab098dc8872013e851555abae7946c2ca431b
479210,"[262.2 MB] [SexMex.xxx] Karen Sleen (Her First Scene) [2025 г., Casting, Hardcore, All Sex, 480p]",https://d.ptorrents.com/bt/[ptorrents.com].3170752.torrent,magnet:?xt=urn:btih:70cab098dc8872013e851555abae7946c2ca431b
479211,"[89.84 GB] [MetartNetwork.com] 2025-03 [Erotic, Solo, Posing][307 zip | 34491 jpg | 5464x8192 | High-Res]",https://d.ptorrents.com/bt/[ptorrents.com].3170899.torrent,magnet:?xt=urn:btih:9de362d2cabcd6611aeb1edcd5f1904ee324e385
479212,"[891.1 MB] [Legalporno.com / PornBox.com / PissVids.com] Sussy Sweet - Big Butt Teen Sussy Sweet Gets Fucked By Four Guys With Double Anal Penetration , DP, Drinks Piss And Takes A Facial With A Pee Shower (29.03.2025) [2025 г., GangBang, DAP, DP, Anal, Interracial, BBC, Young, Gonzo, Hardcore, 480p]",https://d.ptorrents.com/bt/[ptorrents.com].3170306.torrent,magnet:?xt=urn:btih:0344dc2a8d7a9758fcb52e76da63e7b425265f37
479213,"[2.36 GB] Fuck My Butt Please 6 (cutie Pie) [2025 г., All Sex, Anal, Teen, WEB-DL, 720p] (Amiee, Autumn, Marcella, Summer)",https://d.ptorrents.com/bt/[ptorrents.com].3170140.torrent,magnet:?xt=urn:btih:954e25f89ae8c8852ed1e92595de2cb725785ae4
479214,"[312.7 MB] Gatsky dad has a second in the ass of the stepdaughter / Stepfather Taught His Sexy Stepdaughter to have Sex Inst, Milkymickey.com, Teen, Natural Breast, Anal, Incest, Analy Creampie, Roleplay 1080p, HD] [Ariana Love]",https://d.ptorrents.com/bt/[ptorrents.com].3171549.torrent,magnet:?xt=urn:btih:7fd98ecc02220cf2f9dcf44d11f86ea77f3bb5d0
479215,"[672.7 MB] [EvilAngel.com] Areta Ridera - ARETA RIDERA Anal Gaping, Pussy Pie (01.04.2025) [2025 г., Anal, Rimming, MILF, Big Tits, Gonzo, Hardcore, Creampie, 544p]",https://d.ptorrents.com/bt/[ptorrents.com].3170754.torrent,magnet:?xt=urn:btih:cd27161daa240204b91b33a96c36c55f1b598e51
479216,"[672.7 MB] [EvilAngel.com] Areta Ridera - ARETA RIDERA Anal Gaping, Pussy Pie (01.04.2025) [2025 г., Anal, Rimming, MILF, Big Tits, Gonzo, Hardcore, Creampie, 544p]",https://d.ptorrents.com/bt/[ptorrents.com].3170754.torrent,magnet:?xt=urn:btih:cd27161daa240204b91b33a96c36c55f1b598e51
479217,"[421.2 MB] [ImmoralLive.com / MyXXXPass.com]Lynna Nilsson( Tight Cunt Stretched Out First Double Vaginal (DPP) Threesome)[2025, Gonzo, Hardcore, All Sex, Couples,Straight ,DPP 540p]",https://d.ptorrents.com/bt/[ptorrents.com].3170307.torrent,magnet:?xt=urn:btih:acc0387926a0a9400cc202c3863ad4aa6467df9a
479218,"[421.2 MB] [ImmoralLive.com / MyXXXPass.com]Lynna Nilsson( Tight Cunt Stretched Out First Double Vaginal (DPP) Threesome)[2025, Gonzo, Hardcore, All Sex, Couples,Straight ,DPP 540p]",https://d.ptorrents.com/bt/[ptorrents.com].3170307.torrent,magnet:?xt=urn:btih:acc0387926a0a9400cc202c3863ad4aa6467df9a
479219,"[2.75 GB] Porn Stories (Alan X, Spizoo) [2025 г., All Sex, WEB-DL, 720p] (Avery Black, Cassie Del Isla, Hime Marie, Kenna James)",https://d.ptorrents.com/bt/[ptorrents.com].3170141.torrent,magnet:?xt=urn:btih:7c01a9c918203ede56ecb8325a534d21b2f0a557
479220,"[1.58 GB] [InTheCrack.com] Candie Luciani (#1839) [2023-06-14, Close Up, Dildo, Masturbation, Posing, Solo, 1080p, SiteRip]",https://d.ptorrents.com/bt/[ptorrents.com].3171353.torrent,magnet:?xt=urn:btih:b05343dbb6e08ab198c4970b1d94ce80b83a57a9
479221,"[2.21 GB] [Legalporno.com / PornBox.com / AnalVids.com] Kauany Batista - Kauany Batista, Beautiful Brazilian Exotic Trans Woman, Takes Two Cocks In Her Tight Ass (DAP, Anal, Black Cock, Breast Milking Trans, ATM) ALT044 (01.04.2025) [2025 г., DAP, Anal, Interracial, BBC, Rimming, Shemale, Hardcore, Blowjob, Bareback, 1080p]",https://d.ptorrents.com/bt/[ptorrents.com].3170755.torrent,magnet:?xt=urn:btih:736891c3ebfdc9d5f28930777a19f77b51d417f2
479222,"[15.62 GB] [LegalPorno.com/ Pornbox.com] Breiny Zoe - All in BBC Gang Bang Wet, 6 on 1, ATM, DAP, DP, DVP, TP, Big Gapes, Pee Drink, Shower, Cum in Mouth, Swallow (GIO2597) [2023, Gonzo, Hardcore, All Sex, Anal, DAP, Piss, Pee, Cumshot, 4K, 2160p]",https://d.ptorrents.com/bt/[ptorrents.com].3170900.torrent,magnet:?xt=urn:btih:4a29912457be759ba3447e85dbf9a2c62b0b612e
479223,"[15.47 GB] [Deepinsex / SexLikeReal.com] Nika Venom - Release Your Load Inside Nika's Pussy (55624) [2025-04-02, Big tits, Blow job, Tits fucking, Brunette, Close ups, Cowgirl, Reverse cowgirl, Creampie, Hand job, Cock rubbing pussy, Hardcore, Freckles, Lingerie, Trimmed pussy, Tattoo, SideBySide, 4000p, SiteRip] [Oculus Rift / Vive]",https://d.ptorrents.com/bt/[ptorrents.com].3171171.torrent,magnet:?xt=urn:btih:f8336156a4c4eb6a9bd427260843b766398ad50f
479224,"[424.9 MB] [Legalporno.com / PornBox.com] Mila Pie - Hot Blonde Mila Pie Gets An Intense Ass Fucking From Robien Gun SS014 (29.03.2025) [2025 г., Anal, Young, Gonzo, Hardcore, 480p]",https://d.ptorrents.com/bt/[ptorrents.com].3170308.torrent,magnet:?xt=urn:btih:da4a9aac1a955206d9b2d36077ca80de2ffe999b
479225,"[16.71 GB] [VRSexperts / SexLikeReal.com] Betzz - Session with Betzz (54740) [2025-04-01, Blow job, Boobs, Brunette, Close ups, Cowgirl, Reverse cowgirl, Cumshots, Hand job, Doggy style, Hardcore, Shaved pussy, SideBySide, 4096p, SiteRip] [Oculus Rift / Vive]",https://d.ptorrents.com/bt/[ptorrents.com].3171087.torrent,magnet:?xt=urn:btih:f6786a5a0cdcbf8d308f4f2e826899e104037332
479226,"[4.09 GB] Collection of retro erotica and pornography - Part 9 (175 magazines): Adams Choice, Darling Sex, Fiesta, Fling, Fotogirls, International Top, Lucky Sex, Pascha, Pink, Teenage Dream Girls [All Sec Oral, Erotica, Solo, Lesbian, Busty] [1970-1990, Great Britain, Germany, Denmark, Portugal, USA, PDF]",https://d.ptorrents.com/bt/[ptorrents.com].3171352.torrent,magnet:?xt=urn:btih:bb174fc3582bf9984b6be54b3bc292abdc3db2de
479227,"[2.92 GB] You Promised (Adult Time / Devil's Film) [2025 г., All Sex, WEB-DL, 720p] (Alex Grey, Kenna James, Maya Woulfe, Olivia Jay)",https://d.ptorrents.com/bt/[ptorrents.com].3170142.torrent,magnet:?xt=urn:btih:821109480567ded22f74816febe6ae215ef1a924
479228,"[559.2 MB] [Legalporno.com / PornBox.com / AnalVids.com] Kauany Batista - Kauany Batista, Beautiful Brazilian Exotic Trans Woman, Takes Two Cocks In Her Tight Ass (DAP, Anal, Black Cock, Breast Milking Trans, ATM) ALT044 (01.04.2025) [2025 г., DAP, Anal, Interracial, BBC, Rimming, Shemale, Hardcore, Blowjob, Bareback, 480p]",https://d.ptorrents.com/bt/[ptorrents.com].3170757.torrent,magnet:?xt=urn:btih:683b281d05da25af0302e31a0ca4324131bd82c3
479229,"[476.9 MB] [Legalporno.com / PornBox.com / AnalVids.com] Karolina Rus & Nicole Murkovski - Milf vs Teen! Horny Girl Gets Double Anal Fuck From Slutty Milf With A Huge Dildo And Her Lover With A Big Dick! (29.03.2025) [2025 г., Anal, Threesome, MILF, Young, Gonzo, Hardcore, 480p]",https://d.ptorrents.com/bt/[ptorrents.com].3170309.torrent,magnet:?xt=urn:btih:12e454eb20fa30eb11b9abe02d5f805334e152ea
479230,"[5.07 GB] Yamagishi Kotone - Dear, Please Forgive Me... The Lust Of A Little Brother-In-Law 4 (Nagira Kenzo, Attackers) [cen] [2018 г., Drama, Big Tits, HDRip] [1080p]",https://d.ptorrents.com/bt/[ptorrents.com].3171355.torrent,magnet:?xt=urn:btih:bcd5c769ce6ff1571af1b0de5fbaeaacd1091fb1
479231,"[522 MB] [Tushy.com]Sophie Weber, Hot Pearl(The Need Part 2) [2025, Gonzo, All Sex, Hardcore, Straight, Anal, 480p]",https://d.ptorrents.com/bt/[ptorrents.com].3170451.torrent,magnet:?xt=urn:btih:b00e41219f5045f646618d6520d5cf33a9260e51
479232,"[1.07 GB] [Legalporno.com / PornBox.com / AnalVids.com] Kauany Batista - Kauany Batista, Beautiful Brazilian Exotic Trans Woman, Takes Two Cocks In Her Tight Ass (DAP, Anal, Black Cock, Breast Milking Trans, ATM) ALT044 (01.04.2025) [2025 г., DAP, Anal, Interracial, BBC, Rimming, Shemale, Hardcore, Blowjob, Bareback, 720p]",https://d.ptorrents.com/bt/[ptorrents.com].3170756.torrent,magnet:?xt=urn:btih:3236ac8b36ecc12c7fdf8c27f29e8238c1ecf5a3
479233,"[3.31 GB] [AdultTime.com] Zariah Aura, Lola Morena & Avery Lust | LeTS Be Bad – Enema Envy (01.04.2025) [2025 г., Shemale on Shemale, Oral, Hardcore, Anal, Ass Licking, Threesome, Bareback, Cumshot, 4K, 2160p, SiteRip]",https://d.ptorrents.com/bt/[ptorrents.com].3171551.torrent,magnet:?xt=urn:btih:4529b3c2ffb3b544e157986c10004eded6f18d69
479234,"[4.88 GB] [InTheCrack.com] Candie Luciani (#1839) [2023-06-14, Close Up, Dildo, Masturbation, Posing, Solo, 2160p, SiteRip]",https://d.ptorrents.com/bt/[ptorrents.com].3171354.torrent,magnet:?xt=urn:btih:6c0f258e420414f024ae1c675422d0a5211afa8f
479235,"[1.14 GB] [MetArt.com] 2025-04-02 Melisa - Honey Sweet, Lia Lin - Flirt Fever, Luna Art - Opening Act, Stacy Cruz - Azure Gaze [Solo, Posing, Glamour] [2736x4104-4437x6656, 540 фото]",https://d.ptorrents.com/bt/[ptorrents.com].3171093.torrent,magnet:?xt=urn:btih:63b947895e0f9373d7036679d3aeb44f0b11a2ed
479236,"[3.99 GB] Blonde Sunde / Sin Blonde (Ben Franklin, Videorama) [2005, All Sex, Anal, Oral, DP, DVD5] (Vivian Schmitt, Janet Peron, Claudia Rossi, Veronica da Souza, George Uhl, Bobi, neeo, J.J.)",https://d.ptorrents.com/bt/[ptorrents.com].3170145.torrent,magnet:?xt=urn:btih:6f0408743b141b17f739cbd795a9dfca3ed32203
479237,"[1.98 GB] Chunni Special Service (AANiX) [2025, 3DCG, Anal Sex, Animated, Oral Sex, Parody, Vaginal Sex, WEB-DL] [2160p]",https://d.ptorrents.com/bt/[ptorrents.com].3170144.torrent,magnet:?xt=urn:btih:e1a0ff782bce938d699c02622f00d2a7060c68b7
479238,"[297.18 GB] [CHATURBATE.COM] (30 роликов) Pack #123 [2020-2025, Amateur, Anal, Asian, Babyface, Barely Legal, Bikini, Blonde, Brunette, Big Ass, Big Tits, Shaved, Stockings, Strapon, Teen, Toys, Upskirt, Uniform, 720p, 1080p, 2160p]",https://d.ptorrents.com/bt/[ptorrents.com].3171181.torrent,magnet:?xt=urn:btih:01ca20e61bc5e87bcc1a1c8a3a9d3ca4e8c0fb46
479239,"[9.17 GB] [OnlyFans] Venusmoorez - Big Cock Shemale (125 videos) [2025 г., Shemale, Big Cock, Solo, Cumshot, Masturbation, Anal]",https://d.ptorrents.com/bt/[ptorrents.com].3170454.torrent,magnet:?xt=urn:btih:09426ea07c3a61d9bb4010f0dff5de9556460656
479240,"[4.31 GB] Pontello Casting 2 - Geilste analstute und Maulfotze / casting with the coolest anal mares (Gabriel Pontello, DBM) [2004, All Sex, Ana, Gonzo, Facial, DVD5] (Gabriela, Mischel Wild, Mischel Wild, Mischel Wild Claudia Rossi, Claudia, Lucy Everest, Vicky, Natali Light, Vanessa Sey, Claudia Nero, Kevin Long, Phil Hollyday, Andrea Moranty, George Uhl, Robert Rosenberg)",https://d.ptorrents.com/bt/[ptorrents.com].3170146.torrent,magnet:?xt=urn:btih:f9dab498b160f40e135f03dce32c7c8719f79470
479241,"[5.91 GB] Jun Mizukawa, Ena Satsuki, Kana Yura - Breasts Targeted While Traveling Alone: Lesbian Hot Springs Trip. [BBAN-522] (Mishima Rokusaburo, bibian) [cen] [2025 г., Lesbian Kissing, Lesbian, Hot Spring, Threesome, Nymphomaniac, Squirting, HDRip] [1080p]",https://d.ptorrents.com/bt/[ptorrents.com].3171552.torrent,magnet:?xt=urn:btih:9be7eb71c68ec5204ccc45cfa6e4156b241591f2
479242,"[6.6 GB] [IHaveAWife.com, naughtyamerica.com] Lana Rhoades , Charles Dera - Lana Rhoades fucking in the living room with her hairy bush [2017-08-31, Babes, Brunette, Big Ass, Big Cock, Big Tits, Blowjob, Cumshot, Deep Throat, Doggystyle, Facial, GAG, Gonzo, Hairy, Hardcore, Handjob, Natural Tits, Straight, 2160p, SiteRip]",https://d.ptorrents.com/bt/[ptorrents.com].3170628.torrent,magnet:?xt=urn:btih:71cfeeb34cfc57b19c7824835c30660f34a3bf5a
479243,"[40.38 GB] Yasmina Khan (24 ролика) Pack [2023-2025, Asian, Brunette, Big Ass, Big Tits, Creampie, Facial, Threesome (MMF)]",https://d.ptorrents.com/bt/[ptorrents.com].3170147.torrent,magnet:?xt=urn:btih:342705b4d41516c988b0fae76620c57e137b65fe
479244,"[5.33 GB] [VRHard / SexLikeReal.com] Lady Lyne - I Am Only Yours [03.04.2025, Belgium, Big Tits, Blow Job, Chestnut, Cowgirl, Cum In Mouth, Deep Throat, Doggy Style, Gagging, Hand Job, Hardcore, Milf, Natural Tits, Reverse Cowgirl, Shaved Pussy, Tattoo, Tits Fucking, Virtual Reality, SideBySide, 8K, 3840p, SiteRip] [Oculus Rift / Quest 2 / Vive]",https://d.ptorrents.com/bt/[ptorrents.com].3171648.torrent,magnet:?xt=urn:btih:2899bc70f70fb8347bc525f0f84a6ac659fcd9b2
479245,"[19.06 GB] [ThroattleVR / SexLikeReal.com] Livie Blainn - Corrupted StepDaughter (55821) [2025-04-01, BBW / fat, Blow job, Natural Tits, Chubby / curvy, Cowgirl, Cum in mouth, Stepfamily role play, Colorful, Long hair, Hardcore, PAWG, Redheads, Shaved pussy, Stepdaughter, F/F/M, Threesome, SideBySide, 2880p, SiteRip] [Oculus Rift / Vive]",https://d.ptorrents.com/bt/[ptorrents.com].3171092.torrent,magnet:?xt=urn:btih:a05c5d68bb5ffcafa817989e8f9a350378298394
479246,"[12.92 GB] [Taboo VR Porn / SexLikeReal.com] Bree Brooks - Big Tits Blonde Stepmom Shares Hotel Bed [21.02.2025, Blonde, Blow Job, Boobs, Close Ups, Cowgirl, Cumshots, Doggy Style, Hand Job, Hardcore, Missionary, Pierced Navel, Reverse Cowgirl, Shaved Pussy, Silicone, Stepfamily Role Play, Stepmom, Virtual Reality, SideBySide, 8K, 4096p, SiteRip] [Oculus Rift / Quest 2 / Vive]",https://d.ptorrents.com/bt/[ptorrents.com].3171647.torrent,magnet:?xt=urn:btih:f78c47871182093ebd48cd057b34c0374f9d283d
479247,"[26.46 GB] [VRHush.com] Aria Valencia - Taking Charge (55566) [2025-04-01, Blonde, Blow job, Close ups, Amazon position, Cowgirl, Reverse cowgirl, Creampie, Doggy style, Hardcore, Missionary, Standing missionary, Shaved pussy, Tattoo, American, SideBySide, 4096p, SiteRip] [Oculus Rift / Vive]",https://d.ptorrents.com/bt/[ptorrents.com].3171176.torrent,magnet:?xt=urn:btih:5137f88649d8c9dd73a9b68594d213df7094f575
479248,"[2.99 GB] [Tushy.com]Sophie Weber, Hot Pearl(The Need Part 2) [2025, Gonzo, All Sex, Hardcore, Straight, Anal, 1080p]",https://d.ptorrents.com/bt/[ptorrents.com].3170455.torrent,magnet:?xt=urn:btih:4c6b3d37f106346a9cb6c99de5d983d7564eb2f6
479249,"[13.31 GB] [VRHush.com] Coco Lovelock (We Come Together) [2025 г., Hardcore, All Sex, VR, 8k, 3840p] [Oculus Rift / Vive]",https://d.ptorrents.com/bt/[ptorrents.com].3170310.torrent,magnet:?xt=urn:btih:fb58331c69d58f9383bedc91b788f781f3d571f6
479250,"[888.9 MB] Little Secrets / Small Secrets (Frank Marino / Night Time Video) [1992, All Sex, Feature, Facial, VHSRip] (Jenna Wells, Mona Lisa, Sonya, Buck Adams, Steve Drake, TT BOY)",https://d.ptorrents.com/bt/[ptorrents.com].3170457.torrent,magnet:?xt=urn:btih:6fd8bc90a73390a8fcd38945b5695b248aee5bf9
479251,"[5.78 GB] Bi Desires 6 / Бисексуальные Желания 6 ( K.K, Bi Empire ) [ 2024 . Bisexual, MMF, Oral/Anal Sex, Vaginal Sex, Threesome, Hardcore, Cumshots,... Jenny Simons, Nikki Sweet, Samantha Johnson, Sweet Cat, Denis Reed, Georgio Black, Marco Bon Phoenix, Marek, Oskar , Paul Fresh, Peter. 1080p](Split Scenes)",https://d.ptorrents.com/bt/[ptorrents.com].3170148.torrent,magnet:?xt=urn:btih:b0fdf6dfb0d6e0a125ae0f9c64cfb20a9acfcdfe
479252,"[4.47 GB] [Anilos.com] Miya - Absolute Perfection [2025.03.26, MILF, Solo, Masturbation, 2160p]",https://d.ptorrents.com/bt/[ptorrents.com].3170901.torrent,magnet:?xt=urn:btih:86fc451329ae1cfcd0e1a0b81b19fdbb3e397c2b
479253,"[2.1 GB] MichelsWorld.com AllStars&World Beanie (MichelsWorld.com) [2024 г., Voyeur, Exhibitionism, Public Nudity, Amateur, Flashing, 1080p]2 ролика",https://d.ptorrents.com/bt/[ptorrents.com].3170629.torrent,magnet:?xt=urn:btih:c61317e49baf02745c9379b07151d5acba75bff1
479254,"[30.31 GB] Sakura Miura 12 Hours 12 Works Best Vol.4 [MIZD-432] (MOODYZ) [cen] [2025 г., Asian, Blowjob, Straight, Big Tits, WEB-DL] [1080p]",https://d.ptorrents.com/bt/[ptorrents.com].3170764.torrent,magnet:?xt=urn:btih:76f5fab6df1db61a80f0e2ada00670e1c30c7036
479255,"[1.15 GB] [AllGirlMassage.com / FantasyMassage.com] Diana Grace, Hyley Winters - This I Gotta See! [2022-03-14, Oil, Pussy Licking, FaceSitting, Blonde, Brunette, Tribbing, Lesbians, Fingering, Natural Tits, Rimming, Massage, Bubble Butt, 2160p, SiteRip]",https://d.ptorrents.com/bt/[ptorrents.com].3170626.torrent,magnet:?xt=urn:btih:37e878c2a6f8b53c4001f0a646d54e81d52285f5
479256,"[6.7 GB] Ass 117: Operation Japan (J&M Elite) [uncen] [2020 г., Asian, Blowjob, DeepThroat, Anal, DP, Straight, Threesome (FFM / MMF), WEB-DL] [2160p] (Ayaka , Igarashi, Mona Hayami, Shiori , Tsubaki Kato)",https://d.ptorrents.com/bt/[ptorrents.com].3171096.torrent,magnet:?xt=urn:btih:3acbfeca949a3a362d65de9818dd50c02eab7dcb
479257,"[593.2 MB] [ClubSweetHearts.com] 2025-03-22 Novella Night, Sara Bork, Molly Cute, Nice Viki - Library Of Lust - Part 1 [Big Boobs, Blonde, Brunette, Foursome, Kissing, Lesbian, Natural Tits, Pussy Licking, Shaved Pussy, Tattoos, Teen] [6000x4000 - 4000x6000, 292 photos]",https://d.ptorrents.com/bt/[ptorrents.com].3170631.torrent,magnet:?xt=urn:btih:9eb2a407d00ed6c76a27f7553978f3b771e98776
479258,"[38.6 MB] [VRBangers.com] 2024-07-26 Ema Karter - Seven Naughty Nights [Babe, Balls Licking, Big Ass, Big Dick, Big Tits, Bikini, Blonde, BlowJob, Close Up, Cowgirl, Cum in Mouth, Doggystyle, European, Facesitting, Handjob, Masturbation, Natural Tits, Pussy Licking, Rever] [2000x1333-2000x3001, 140 фото]",https://d.ptorrents.com/bt/[ptorrents.com].3170150.torrent,magnet:?xt=urn:btih:4c614258e0d2bc731c4a7926a1657e50a5e705ac
479259,"[12.71 GB] [FuckPassVR.com] Harley Love (Going Down) [2025 г., Hardcore, All Sex, VR, 8k, 3840p] [Oculus Rift / Vive]",https://d.ptorrents.com/bt/[ptorrents.com].3170762.torrent,magnet:?xt=urn:btih:7f53c2f65c1724c3c4d71ef5dfc144179fd7224f
479260,"[852.9 MB] [[FapHouse / Mature NL]] Ginger Mi Olivier Bam - Trip Cancelation Means Threesome [2024-03-21, Mature, Blonde, Threesome, Blowjob, MILF, 1080p, SiteRip]",https://d.ptorrents.com/bt/[ptorrents.com].3171097.torrent,magnet:?xt=urn:btih:b6d049b5d320d3745e4490991dc775b0aad2f844
479261,"[3.79 GB] [VRBangers.com] Ema Karter - Seven Naughty Nights [2024-07-26, Babe, Balls Licking, Big Ass, Big Dick, Big Tits, Bikini, Blonde, BlowJob, Close Up, Cowgirl, Cum in Mouth, Doggystyle, European, Facesitting, Fake Tits, Handjob, Pussy Licking, Reverse Cowgirl, Romanian, Shaved, Tattoo, Titty Fuck, SideBySide, 1920p, SiteRip] [Oculus Rift / Vive / Go]",https://d.ptorrents.com/bt/[ptorrents.com].3170151.torrent,magnet:?xt=urn:btih:e7bf4b9b46aaeecc8c9f8e348d23afc0a5de1660
479262,"[14.49 GB] [SLR Originals / SexLikeReal.com] Agatha Vega - Legal Cast: Agatha (55127) [2025-04-02, Blow job, Nipple play, Close ups, Shorts / skirts, Cowgirl, Reverse cowgirl, Creampie, Curly, Hand job, Doggy style, Hardcore, Missionary, Casting, Redheads, Trimmed pussy, Pierced navel, Pierced nipple, Tattoo, Nails, Latino, Venezuelan, SideBySide, 4000p, SiteRip] [Oculus Rift / Vive]",https://d.ptorrents.com/bt/[ptorrents.com].3171095.torrent,magnet:?xt=urn:btih:8ee54b8b81a9ca9598bbf4d4e52dea4801371e0c
479263,"[523.5 MB] [ClubSweetHearts.com] 2025-03-30 Novella Night, Sara Bork, Molly Cute, Nice Viki - Library Of Lust - Part 2 [All Sex, Blowjob, Group Sex, Big Boobs, Blonde, Brunette, Shaved Pussy, Natural Tits, Cowgirl, Pussy Licking, Doggy Style, Cumshot] [6000x4000 - 4000x6000, 270 photos]",https://d.ptorrents.com/bt/[ptorrents.com].3170632.torrent,magnet:?xt=urn:btih:25e841f85cbcb758b5fc2d13b53944466e9fb132
479264,"[15.95 GB] [AnalVids.com / Legalporno.com / PornBox.com / PissVids.com] Francys Belle - Broken Elevator Wet, 4 on 1, BWC, Balls Deep, DAP, Extreme Deepthroat, Rough Sex, Big Gapes, Monster ButtRose, Pee Cocktail/Drink/Shower, Cum in Mouth, Swallow (AH008) [2024, Gonzo, Hardcore, All Sex, Anal, Piss, Pee, DAP, Cumshot, 4K, 2160p]",https://d.ptorrents.com/bt/[ptorrents.com].3171359.torrent,magnet:?xt=urn:btih:64721f98eab216ccbc59ad398ace18d13fcab436
479265,"[43.24 GB] [AQUA / SexLikeReal.com] Kokomi Hoshinaka (Ejaculation Management Support by Kyoto Beauty with a Naughty Mouth) [2025 г., Hardcore, Asian, All Sex, VR, 8k, 4096p] [Oculus Rift / Vive]",https://d.ptorrents.com/bt/[ptorrents.com].3170765.torrent,magnet:?xt=urn:btih:61fd7766c8dcfb9e2c8380a989a8f3f0e3dd31ea
479266,"[9.33 GB] [AnalVids.com / Legalporno.com / PornBox.com] Violet - Beautiful Baby Violet Gets Hard Fucked In Anal With A Black Cock For The First Time EKS234 [2023 г., 1 on 1, anal, ass to mouth, babe, ball licking, bbc, blowjob, cum in mouth, deep throat, interracial, cumshot, 4K, 2160p]",https://d.ptorrents.com/bt/[ptorrents.com].3171356.torrent,magnet:?xt=urn:btih:8ce0ad3b5b872dc209be8e2c2344dba8e2da5a33
479267,"[522.5 MB] [Legalporno.com / PornBox.com / AnalVids.com] Naomi Salles - Sexy Brazilian Ebony, Naomi Salles, First Ever Double Penetration & First Double Anal (DAP, DP, DAPBreakin, ATM, Bootilicious, 2on1) OB468 (29.03.2025) [2025 г., DAP, DP, Anal, BBC, Young, Gonzo, Hardcore, 480p]",https://d.ptorrents.com/bt/[ptorrents.com].3170313.torrent,magnet:?xt=urn:btih:cecc39af0ebcab8b2aa1b22a66a05de325b09b36
479268,"[522.5 MB] [Legalporno.com / PornBox.com / AnalVids.com] Naomi Salles - Sexy Brazilian Ebony, Naomi Salles, First Ever Double Penetration & First Double Anal (DAP, DP, DAPBreakin, ATM, Bootilicious, 2on1) OB468 (29.03.2025) [2025 г., DAP, DP, Anal, BBC, Young, Gonzo, Hardcore, 480p]",https://d.ptorrents.com/bt/[ptorrents.com].3170313.torrent,magnet:?xt=urn:btih:cecc39af0ebcab8b2aa1b22a66a05de325b09b36
479269,"[21.33 GB] [VRpornjack / SexLikeReal.com] Andrea Sparkle, Richard Still - Dial B For Boobs (55134) [2025-04-03, Big ass, Big tits, Blonde, Blow job, Tits fucking, Cowgirl, Reverse cowgirl, Cumshots, Long hair, Hand job, Cock rubbing pussy, Doggy style, Hardcore, Missionary, Lipstick, Oiled, Massage, MILF, Fishnet, Garter belt, Stockings, Shaved pussy, Tattoo, Nails, SideBySide, 4096p, SiteRip] [Oculus Rift / Vive]",https://d.ptorrents.com/bt/[ptorrents.com].3171553.torrent,magnet:?xt=urn:btih:a0bef6f20f6bd20d05910404440283d30d77fff9
479270,"[355.5 MB] [MyFriendsHotMom.com / NaughtyAmerica.com] Tiffani Madison - Horny MILF Tiffani Madison plays with her dildo and her son's friend's cock (32883) [2025-03-31, Big Ass, Big Tits, All Sex, Straight, Oral Sex, My Friend's Hot Mom, Naughty America, Sexy, 480p, SiteRip]",https://d.ptorrents.com/bt/[ptorrents.com].3170635.torrent,magnet:?xt=urn:btih:e10143b6a5e46bf771d3d58719c0299ed87d76a3
479271,"[355.5 MB] [MyFriendsHotMom.com / NaughtyAmerica.com] Tiffani Madison - Horny MILF Tiffani Madison plays with her dildo and her son's friend's cock (32883) [2025-03-31, Big Ass, Big Tits, All Sex, Straight, Oral Sex, My Friend's Hot Mom, Naughty America, Sexy, 480p, SiteRip]",https://d.ptorrents.com/bt/[ptorrents.com].3170635.torrent,magnet:?xt=urn:btih:e10143b6a5e46bf771d3d58719c0299ed87d76a3
479272,"[4.22 GB] [Anilos.com] Miya - Delicious [2025.03.28, MILF, Solo, Masturbation, 2160p]",https://d.ptorrents.com/bt/[ptorrents.com].3170902.torrent,magnet:?xt=urn:btih:7f8b2e4b5c37bbca18eed9f60e63cffa6d94805e
479273,"[1.15 GB] [BongaCams.com] Melissa Fox (14 роликов) Pack (Maleficenttt, ScroogesPonka) [2021-2024, Amateur, Brunette, Russian Girls, Solo, WebCam, 480p, 1280p]",https://d.ptorrents.com/bt/[ptorrents.com].3170766.torrent,magnet:?xt=urn:btih:cafc2ce0c0cb8631f7483c45290f586db02fd1f8
479274,"[1.16 GB] [OnlyFans] kenziereena - Cute Shemale (33 videos) [2025 г., Shemale, Solo, Big Cock, Cute, Masturbation, Cumshot]",https://d.ptorrents.com/bt/[ptorrents.com].3170459.torrent,magnet:?xt=urn:btih:2610eada8b4e893b8cdc9fd76ef16c9fd03aaba3
479275,"[379.6 MB] [AssMasterpiece.com / NaughtyAmerica.com] Lucy Lotus - Lucy Lotus' juicy Ass Is The Perfect Ass Masterpiece (32885) [2025-04-02, BBC, Big Ass, Big Cock, Incest, Natural Tits, All Sex, Straight, Oral Sex, Ass Masterpiece, Naughty America, 480p, SiteRip]",https://d.ptorrents.com/bt/[ptorrents.com].3171100.torrent,magnet:?xt=urn:btih:938530fbda0ec65dfe02a9782cb7f8f4a9728a0e
479276,"[379.6 MB] [AssMasterpiece.com / NaughtyAmerica.com] Lucy Lotus - Lucy Lotus' juicy Ass Is The Perfect Ass Masterpiece (32885) [2025-04-02, BBC, Big Ass, Big Cock, Incest, Natural Tits, All Sex, Straight, Oral Sex, Ass Masterpiece, Naughty America, 480p, SiteRip]",https://d.ptorrents.com/bt/[ptorrents.com].3171100.torrent,magnet:?xt=urn:btih:938530fbda0ec65dfe02a9782cb7f8f4a9728a0e
479277,"[817.1 MB] [Onlyfans.com] Alex Foxy & Gracie Jane - Papiiii Do You Want To Have Fun With Us (07-12-2024) [Shemale On Femboy, Blowjob, Lingerie, No Condom, Stockings, Deepthroat, Big Cock, Hardcore, 1080p, SiteRip]",https://d.ptorrents.com/bt/[ptorrents.com].3170458.torrent,magnet:?xt=urn:btih:ece8eb137218b85204882d6059fed1060d6ab80a
479278,"[15.2 GB] [AnalVids.com / Legalporno.com / PornBox.com / PissVids.com] Greta Foss - Dap Destination Goes Wet, 4 on 1, DAP, DP, Big Gapes, ButtRose, Pee Drink, Squirt, Cum in Mouth, Swallow GIO2468 (2023-05-09) [2023, anal, ass to mouth, big ass, blowjob, cum swallowing, deep throat, double anal (DAP), double penetration (DP), facial, gangbang, gapes, piss, piss drinking, prolapse, rough, slapping, small tits, spanking, squirting, 2160p]",https://d.ptorrents.com/bt/[ptorrents.com].3171649.torrent,magnet:?xt=urn:btih:db457c450e0b78dbd65fd19607da74c07b01dbc7
479279,"[2.59 GB] [RealJamVR.com] Charlotte Sins - Tight Anal with Charlotte Sins [2025-02-072, 2D, Anal, Blowjob, Cowgirl, Doggy Style, Hardcore, POV, Reverse Cowgirl, Tattoo, Trimmed Pussy, 1080p, UnknownRip]",https://d.ptorrents.com/bt/[ptorrents.com].3170769.torrent,magnet:?xt=urn:btih:05381fa22ad624247e1a7959773101787c742681
479280,"[5.72 GB] [HALE-060] Mommy Friend Eating Infinite Loop vol.55 / Mommy Friend Eating Infinite Loop vol.55 (HALENTINO, HALENTINO/Mousouzoku) [cen] (Aoyama Aina) [2025 г., Blowjob, Straight, Facial, Asian, Gonzo, WEB-DL] [1080p]",https://d.ptorrents.com/bt/[ptorrents.com].3170153.torrent,magnet:?xt=urn:btih:06b59ef4cdd125fa9651289217b5df711a17d96d
479281,"[657.7 MB] [WeAreHairy.com] Stasy Starando - Stasy Starando Masturbates After Reading Her Book [2024.04.29, Teen, Solo, Masturbation, Hairy, 1080p]",https://d.ptorrents.com/bt/[ptorrents.com].3170314.torrent,magnet:?xt=urn:btih:4064ac536f4ed2172d31e33d6255f0ecb2a90c74
479282,"[4.01 GB] [EvilAngel.com] Lunna Guedes - TS LUNNA GUEDES Anal Date With Stud (02.04.2025) [2025 г., Shemale, Small Tits, Hardcore, Rimming, Blowjob, Anal, Bareback, Cumshot, 4K, 2160p]",https://d.ptorrents.com/bt/[ptorrents.com].3171184.torrent,magnet:?xt=urn:btih:1bdfcd3f8c8633c4db72ac0e4a384b94f6227798
479283,"[9.03 GB] Saika Kawakita - The immoral feeling of being violated in front of the person I love The thrill of being found out at work The office NTR sex I fell into. [SONE-543] (Maeda the Great Author, S1 NO.1 STYLE) [cen] [2025 г., Nymphomaniac, Beautiful Girl, Drama, Slender, Blowjob, Cheating Wife, HDRip] [1080p]",https://d.ptorrents.com/bt/[ptorrents.com].3170768.torrent,magnet:?xt=urn:btih:ffab1897ca3a18a265de7318fc4f3e0ebe7a2020
479284,"[3.01 GB] [AnalIntroductions.com / Private.com] Alexa Flexy - Do You Know How Alexa Flexy Likes Her Studs? In Pairs! (03.04.2025) [2025 г., DP, Anal, Gonzo, Hardcore, 1080p]",https://d.ptorrents.com/bt/[ptorrents.com].3171185.torrent,magnet:?xt=urn:btih:bee84f87d203b55b93fec0f7565ae9b34e6f7f24
479285,"[5.72 GB] [RealJamVR.com] Raven Lane - Your Stepsis Raven Lane [2024-11-23, 2D, Anal, Bikini, Blowjob, Brunette, Cowgirl, Doggy Style, Hardcore, Pool, POV, Reverse Cowgirl, Stepsister, Tattoo, 1080p, UnknownRip]",https://d.ptorrents.com/bt/[ptorrents.com].3170770.torrent,magnet:?xt=urn:btih:995ad7d5629fd85d5d020d6e43cf22530378c509
479286,"[7.37 GB] Lonely Wives Club 3 / Клуб Одиноких Жен 3 (MYLF) [2021., Big Tits, Hotwife, Mature, MILF, Naturally Busty, Redheads, Wives, VOD, 1080p] (Anissa Kate, Paris Lincoln, Ryan Keely, Summer Hart)",https://d.ptorrents.com/bt/[ptorrents.com].3170771.torrent,magnet:?xt=urn:btih:b435417f166baa016051433d08a43282b44fed8e
479287,"[1.9 GB] [AnalIntroductions.com / Private.com] Alexa Flexy - Do You Know How Alexa Flexy Likes Her Studs? In Pairs! (03.04.2025) [2025 г., DP, Anal, Gonzo, Hardcore, 720p]",https://d.ptorrents.com/bt/[ptorrents.com].3171186.torrent,magnet:?xt=urn:btih:4a07a2d4df6cdfe0556918985202edd80813a769
479288,"[3.06 GB] Massive Asses 14 (Elegant Angel) [2025 г., All Sex, WEB-DL, 720p] (Jenna Starr, Jessie Rogers, Tiffani Madison, Willow Ryder)",https://d.ptorrents.com/bt/[ptorrents.com].3171652.torrent,magnet:?xt=urn:btih:6ee26e0c8f96b29eb47918b44bcc04cf73a6a872
479289,"[80 GB] Syren Sexton (189 роликов) Video MegaPack (Abbey Glory, Syren Lee) [58:19:51, BBC, Babes, Bikini, Blonde, Blowjob, Creampie, Doggystyle, Dildo, Fetish, Facial, Hardcore, Handjob, Interracial, Latex, Pantyhose, Posing, Threesome (MMF), Uniform]",https://d.ptorrents.com/bt/[ptorrents.com].3171183.torrent,magnet:?xt=urn:btih:bdea31b689f0e4a53d4d1ac857674c1bf0a79b2e
479290,"[215.4 GB] [SexArt.com] (13 роликов) [March 2025 · Март 2025, All Sex, Hardcore, Couples, Kissing, Pussy Licking, Lesbian, Straight, Creampie, 2160p]",https://d.ptorrents.com/bt/[ptorrents.com].3170636.torrent,magnet:?xt=urn:btih:907bbeab7eedeca18d48ec4892a0089f30f9cecd
479291,"[6.06 GB] [Tushy.com]Sophie Weber, Hot Pearl(The Need Part 2) [2025, Gonzo, All Sex, Hardcore, Straight, Anal, 2160p]",https://d.ptorrents.com/bt/[ptorrents.com].3170461.torrent,magnet:?xt=urn:btih:3b9dbefa8543f7813eb5916c0771a3e1836ce387
479292,"[1.1 GB] The four of them were torn by the girl in all the gaps / Ass of this asian Girl Know No Mercy, We took Her by Storm in 4 Cocks [2025, Onlyfans.com, Teen, Natural Breast, Ana, Gang Bang, Foursome, DP, DP, DP, DP, DP, DP, DP, DP 1080p, HD] [Roxy Muray, Leo Casanova, Viper Tor, Martin Spell]",https://d.ptorrents.com/bt/[ptorrents.com].3170774.torrent,magnet:?xt=urn:btih:9093824f51a34af45d204677a42b9226fd4b02ff
479293,"[415.4 MB] [AnalIntroductions.com / Private.com] Alexa Flexy - Do You Know How Alexa Flexy Likes Her Studs? In Pairs! (03.04.2025) [2025 г., DP, Anal, Gonzo, Hardcore, 360p]",https://d.ptorrents.com/bt/[ptorrents.com].3171187.torrent,magnet:?xt=urn:btih:27d3827a0292ec8fb98ceb982b127a2ae207a21d
479294,"[5.52 GB] [AnalIntroductions.com / Private.com] Megan Murkovski - Porcelain Dolls Don’t Break During Anal Sex [18.12.2024, Anal, Facial, Natural Tits, Russian, Redhead, Stockings, HDRip, 2160p 4K]",https://d.ptorrents.com/bt/[ptorrents.com].3170772.torrent,magnet:?xt=urn:btih:7817c6a974c70e1c1141863b1ee2ef969a394332
479295,"[4.86 GB] [Slipperymassage.com] Lia Borg (Olivia Westsun) - Flexi teen nuru massage [2025-03-23, Anal, Gonzo, Hardcore, 2160p, SiteRip]",https://d.ptorrents.com/bt/[ptorrents.com].3170155.torrent,magnet:?xt=urn:btih:348b677439fa467ad20c14d416f89a9d2b4562d4
479296,"[2.09 GB] [PornWorld.com] Kinuski - Adventurous Blonde Babe Kinuski Gets Picked Up For Interracial DP Threesome GP3211 (03.04.2025) [2025 г., DP, Anal, Interracial, BBC, MILF, Gonzo, Hardcore, 1080p]",https://d.ptorrents.com/bt/[ptorrents.com].3171188.torrent,magnet:?xt=urn:btih:eb1c5f22a60ba1259ee19baac3422ea50509561b
479297,"[5.11 GB] [Mature.nl] (5 роликов) Pack [04-2025, MILF, Mature, Old & Young, Toy boy, Grandma, Granny, Young (18-25), 1080p]",https://d.ptorrents.com/bt/[ptorrents.com].3171365.torrent,magnet:?xt=urn:btih:6af9ef3451baf04c47a35440949ebb4d0d5f8405
479298,[443.5 MB] [WoodmanCastingX.com] Brenda Santos aka Haneen - XXXX - Area X69 #63 (24.03.2025) [All Sex],https://d.ptorrents.com/bt/[ptorrents.com].3170157.torrent,magnet:?xt=urn:btih:b0fc8b81ac38308025dbc203246b07522d76fe71
479299,[443.5 MB] [WoodmanCastingX.com] Brenda Santos aka Haneen - XXXX - Area X69 #63 (24.03.2025) [All Sex],https://d.ptorrents.com/bt/[ptorrents.com].3170157.torrent,magnet:?xt=urn:btih:b0fc8b81ac38308025dbc203246b07522d76fe71
479300,"[1.05 GB] [EvilAngel.com]Monika Wild,Lydia Black( Crossing Borders 02)[2025 г., Gonzo, Hardcore, All Sex ,Straight , Anal ,1080p]",https://d.ptorrents.com/bt/[ptorrents.com].3170315.torrent,magnet:?xt=urn:btih:3942a332c7a51abc36880c64f06d586441a1e210
479301,"[11.21 GB] [NaughtyAmericaVR.com / NaughtyAmerica.com] London River - Blonde pornstar London River is back for more cock (32852) [2025-04-04, Big Ass, Big Cock, Big Tits, MILF, POV, All Sex, Straight, Oral Sex, PornStar, PSE Porn Star Experience, Naughty America, Sexy, Virtual Reality, VR Porn, SideBySide, 2048p, SiteRip] [Oculus Rift / Vive]",https://d.ptorrents.com/bt/[ptorrents.com].3171653.torrent,magnet:?xt=urn:btih:f1f5e023aa874ddc1ffb7fba1da195862c119a15
479302,"[9.44 GB] [Bongacams.com / Chaturbate.com] MeowPushka (32 ролика) Pack [2024, Amateur, Blowjob, Natural Tits, Straight, Teen, 480p / 1080p]",https://d.ptorrents.com/bt/[ptorrents.com].3170637.torrent,magnet:?xt=urn:btih:c1c67200cd75fa965f8269e07a35979b24c93546
479303,"[1.01 GB] [PornWorld.com] Kinuski - Adventurous Blonde Babe Kinuski Gets Picked Up For Interracial DP Threesome GP3211 (03.04.2025) [2025 г., DP, Anal, Interracial, BBC, MILF, Gonzo, Hardcore, 720p]",https://d.ptorrents.com/bt/[ptorrents.com].3171189.torrent,magnet:?xt=urn:btih:a7a703d41a3beaa4856fd480b8b7bbd2601ab4e9
479304,"[2.15 GB] Repoman 2 (PurgatoryX) [2025 г., All Sex, WEB-DL, 720p] (Aria Valencia, Jill Kassidy, River Lynn)",https://d.ptorrents.com/bt/[ptorrents.com].3170775.torrent,magnet:?xt=urn:btih:95247d3cd6d207c11d553f5dbdb9addb0fe137ec
479305,"[3.89 GB] [Anilos.com] Miya - Ready And Waiting [2025.03.30, MILF, Solo, Masturbation, 2160p]",https://d.ptorrents.com/bt/[ptorrents.com].3170904.torrent,magnet:?xt=urn:btih:5caf8e1353cabd658cd5dc34cff9da6080f4be8b
479306,"[527.2 MB] [PornWorld.com] Kinuski - Adventurous Blonde Babe Kinuski Gets Picked Up For Interracial DP Threesome GP3211 (03.04.2025) [2025 г., DP, Anal, Interracial, BBC, MILF, Gonzo, Hardcore, 480p]",https://d.ptorrents.com/bt/[ptorrents.com].3171190.torrent,magnet:?xt=urn:btih:a73d6c776cff333955811cbfd7ad1019e1470c1d
479307,"[390.4 MB] [TagTeamPov.com]Tru Kait (Tru Kait's Intense Double Pussy Penetration And Messy Facial)[2024, Gonzo, Hardcore, All Sex ,Straight,DPP 480p]",https://d.ptorrents.com/bt/[ptorrents.com].3170316.torrent,magnet:?xt=urn:btih:cc255620646ba4233d752ceaa5d7ec8d5a94925d
479308,"[573.9 MB] [Deeper.com]Emma Rosie(Obstinate Girl )[2025, Feature,Hardcore,All Sex,Couples,Anal 480p]",https://d.ptorrents.com/bt/[ptorrents.com].3171366.torrent,magnet:?xt=urn:btih:236653836de12f647f06b864f05acf23c5f747c8
479309,"[573.9 MB] [Deeper.com]Emma Rosie(Obstinate Girl )[2025, Feature,Hardcore,All Sex,Couples,Anal 480p]",https://d.ptorrents.com/bt/[ptorrents.com].3171366.torrent,magnet:?xt=urn:btih:236653836de12f647f06b864f05acf23c5f747c8
479310,"[1.46 GB] What's up nurse! / How are you, sister! (Derek Ford, Blackwater Film Productions Ltd.) [1978, Comedy, DVDRip] [RUS]",https://d.ptorrents.com/bt/[ptorrents.com].3170640.torrent,magnet:?xt=urn:btih:8074dd18cde76b6be8836960fc88a3cde5074ec2
479311,"[4.06 GB] [MeanaWolf.com] Meana Wolf - Be Mine [2024-02-13, POV, Blowjob, Handjob, Missionary, Cowgirl, Brunette, Long Hair, Doggy Style, Facial, 1080p]",https://d.ptorrents.com/bt/[ptorrents.com].3170158.torrent,magnet:?xt=urn:btih:888ebc8a2e74c582c4794101801e6f4ad6bb5411
479312,"[563.8 MB] [TagTeamPov.com]Danielle Renae (Threesome Goddess Danielle Renae Receives Pussy And Anal Creampie)[2024, Gonzo, Hardcore, All Sex ,Straight,Anal ,DP 480p]",https://d.ptorrents.com/bt/[ptorrents.com].3170317.torrent,magnet:?xt=urn:btih:5012257bfe68b725ac49f32972ad44f44797f391
479313,"[1.5 GB] A hefty black woman has a small girl. Едва не порвал / 18 year old Alana Rose fucks her besties Dad [2022 г, KingBBC.com / OnlyFans.com, All Sex, Big Ass, Blowjob, Bubble Butt, Hardcore, Interracial (IR), 720p, HD] [Alana Rose, Louie Smalls]",https://d.ptorrents.com/bt/[ptorrents.com].3170641.torrent,magnet:?xt=urn:btih:d29e06f1869e8d07626296854813d51d4bfd603a
479314,"[684.1 MB] [TagTeamPov.com]Valerica Steele (Squirt Queen Valerica Steele Gets Two Cocks In Her Pussy At The Same Time)[2024, Gonzo, Hardcore, All Sex ,Straight,DPP 480p]",https://d.ptorrents.com/bt/[ptorrents.com].3170318.torrent,magnet:?xt=urn:btih:8a60dae6b4c2231ba3fbe601f5141cec9d3fe18d
479315,"[2.62 GB] Retreat To The Bedroom (Wicked) [2025 г., All Sex, WEB-DL, 720p] (Kenzie Taylor, Melody Marks, Vanna Bardot)",https://d.ptorrents.com/bt/[ptorrents.com].3170777.torrent,magnet:?xt=urn:btih:cc9179ab665522db04b4b41d1f74872c224c06dd
479316,"[26.44 GB] [Hanna Rey] (17 роликов) Pack [2020-2023, Anal, Blonde, Big Tits, Creampie, DP, Facial, Squirt, 1080p]",https://d.ptorrents.com/bt/[ptorrents.com].3170776.torrent,magnet:?xt=urn:btih:970f7e7bc5489293387a661bc8cdeb1b4a92800a
479317,"[15.36 GB] [AnalVids.com / Legalporno.com / PornBox.com / PissVids.com] Veronica Leal - Hunted Boys Wet, Veronica Leal 4 on 1, BWC, Balls Deep, DAP, Extreme Deepthroat, Manhandle, Rough Sex, Big Gapes, ButtRose, Pee Cocktail/Drink-Shower, Squirt, Cum in Mouth, Swallow (AH011) [2024, Gonzo, Hardcore, All Sex, Anal, DAP, Piss, Pee, Cumshot, 4K, 2160p]",https://d.ptorrents.com/bt/[ptorrents.com].3171364.torrent,magnet:?xt=urn:btih:ba3f9c58a04cd5ae2f246ac3932df844c8cfb19b
479318,"[513.2 MB] [PureMature.com] Essie Gotback aka Essie Got Back - Midnight Massage (02.04.2025) [2025 г., MILF, Massage, Big Tits, Gonzo, Hardcore, All Sex, 480p]",https://d.ptorrents.com/bt/[ptorrents.com].3171193.torrent,magnet:?xt=urn:btih:fcbe4e754f62b81c467ef7979aafc30e604f6458
479319,"[513.2 MB] [PureMature.com] Essie Gotback aka Essie Got Back - Midnight Massage (02.04.2025) [2025 г., MILF, Massage, Big Tits, Gonzo, Hardcore, All Sex, 480p]",https://d.ptorrents.com/bt/[ptorrents.com].3171193.torrent,magnet:?xt=urn:btih:fcbe4e754f62b81c467ef7979aafc30e604f6458
479320,"[566.4 MB] [TagTeamPov.com]Rara Knupps (Showcases Her Pleasurable Skills In A Threesome)[2024, Gonzo, Hardcore, All Sex ,Straight,Threesome 480p]",https://d.ptorrents.com/bt/[ptorrents.com].3170319.torrent,magnet:?xt=urn:btih:787936b74a7eb2582033a1ded615bd6bb6946859
479321,"[57.18 GB] Asian Domestic Zone Self Filmed Pack 057 (86 videos) [All Sex, Amateur, Asian, Blowjob, Brunette, Cosplay, Couples, Creampie, Doggystyle, Hardcore, Lesbian, OnlyFans, Skinny, Stockings, Teen, Voyeur, 480p, 540p, 720p, 1080p, 2160p, CamRip]",https://d.ptorrents.com/bt/[ptorrents.com].3171556.torrent,magnet:?xt=urn:btih:020db880b5364869ae25ad7b7b08a5abf2fc8e6a
479322,"[4.16 GB] [Anilos.com] Miya - Slippery When Wet [2025.04.01, MILF, Solo, Masturbation, 2160p]",https://d.ptorrents.com/bt/[ptorrents.com].3170905.torrent,magnet:?xt=urn:btih:38668515c92fc22b13e58da5e401011d39cb1ecc
479323,"[19.38 GB] [Squeeze VR / SexLikeReal.com] Freya Dee - Freya Dee - I Am Yours (55825) [2025-04-03, Blow job, Boobs, Brunette, Cowgirl, Reverse cowgirl, Cumshots, Long hair, Hardcore, Missionary, Garter belt, Trimmed pussy, Tattoo, Footjob, SideBySide, 3840p, SiteRip] [Oculus Rift / Vive]",https://d.ptorrents.com/bt/[ptorrents.com].3171557.torrent,magnet:?xt=urn:btih:4007534d262df2662d6c892e9a6fcb617e067786
479324,"[3.85 GB] Porn Academy Ep 9 - Mark’s Got A Secret (Nick Cockman) [2025, 3DCG, Animated, Parody, Oral sex, vaginal sex, Anal sex, Big tits, WEB-DL] [1080p]",https://d.ptorrents.com/bt/[ptorrents.com].3170906.torrent,magnet:?xt=urn:btih:11c685128d209610409844f9e27419af6bd9cd1a
479325,"[436 MB] [Passion-HD.com] Nikki Nicole - Good Morning (02.04.2025) [2025 г., Young, Gonzo, Hardcore, All Sex, Creampie, 480p]",https://d.ptorrents.com/bt/[ptorrents.com].3171196.torrent,magnet:?xt=urn:btih:dd155c06bdf91c9a94d8c583b2bffb150e18144f
479326,"[436 MB] [Passion-HD.com] Nikki Nicole - Good Morning (02.04.2025) [2025 г., Young, Gonzo, Hardcore, All Sex, Creampie, 480p]",https://d.ptorrents.com/bt/[ptorrents.com].3171196.torrent,magnet:?xt=urn:btih:dd155c06bdf91c9a94d8c583b2bffb150e18144f
479327,"[4.19 GB] [MySistersHotFriend.com, naughtyamerica.com] Gianna Dior , JMac - Gianna Dior's Fun in the Sun [2018-07-12, Babes, Babyface, Barely Legal, Bikini, Brunette, Big Cock, Blowjob, Cumshot, Deep Throat, Dogging, Doggystyle, Facial, GAG, Gonzo, Hardcore, Latina, Natural Tits, Petite, Shaved, Skinny, Swallow, Straight, Teen, 2160p, SiteRip]",https://d.ptorrents.com/bt/[ptorrents.com].3170156.torrent,magnet:?xt=urn:btih:d883a2f0b2128e42f809da4700296c83ceae9092
479328,"[799.3 MB] What will happen if you drive the stepmother and stepson on one bed? / What Might Happen If a Stepmother Shares a Bed with Her Stepson in the Hotel [2025 g, Onlyfans.com, Teen, Natural Breast, All Sex, Roleplay, HD] [Thiagolopez]",https://d.ptorrents.com/bt/[ptorrents.com].3170780.torrent,magnet:?xt=urn:btih:deff7f9c994dbfc6b1d0a7c756ca32e159d49257
479329,"[2.12 GB] Transsexual hitchhikers #4/ transsexuals Hitchhogs #4 (Jim Powers/ Genderx Films) [2025, Transsexual, Feature, Hardcore Anal, All, Sex Web-DL, 540P] (Split Scenes) (Split Scenes) ( Blake Lovely & Michael Delray, Sage Roux & Victoria Grant, Draven Navarro & Kasey Kei, Cliff Jensen & Ember Fiera)",https://d.ptorrents.com/bt/[ptorrents.com].3170320.torrent,magnet:?xt=urn:btih:c357f80fa8a95fc673f2317d2ff4f60bb577f9ea
479330,"[1.8 GB] [BrokenSluts.net / PornForce.com] Princess Alice - THIS MADE MY ASS CUM - Horny Student Begs Her Classmate For Anal Sex [2025-03-28, Anal, Brunette, Cumshot, Deep Throat, Facial, Gonzo, Hardcore, 1080p, SiteRip]",https://d.ptorrents.com/bt/[ptorrents.com].3170159.torrent,magnet:?xt=urn:btih:93b8ce4b046ca5b286c958d3bb568f82eff3e468
479331,"[15.33 GB] [NaughtyAmericaVR.com / NaughtyAmerica.com] Alexis Monroe , Danni Rivers , Kenna James - Professor Alexis Monroe and fellow classmates, Danni Rivers and Kenna James, tag team to fuck your brains out in the Classroom (32884) [2025-04-02, Group Sex, Foursome (FFFM), POV, All Sex, Straight, Oral Sex, Classroom, Naughty America, Sexy, Virtual Reality, VR Porn, SideBySide, 3072p, SiteRip] [Oculus Rift / Vive]|[Remastered]",https://d.ptorrents.com/bt/[ptorrents.com].3171106.torrent,magnet:?xt=urn:btih:c12ed65a758c9444520c5f12eec68cb9ee4e6a29
479332,"[4.32 GB] Nurse Angel : Ruri Narumiya [DSAMBD-06] (SAMURAI PORN) [uncen] [2014 г., Nurse, Bondage, Oral Sex, Nice Ass, Beautiful Face, Drama, Small Tits, DoggyStyle, Beautiful Skin, HDRip] [720p]",https://d.ptorrents.com/bt/[ptorrents.com].3170908.torrent,magnet:?xt=urn:btih:6677ad1795465e909c67174fb6ec69169451989c
479333,"[3.06 GB] KDH3D Animations / KDH3D / KDH work collection [2024-02 / 2025] [3DCG, Blowjob, Deep Throat, Fingering, Threesome, Web-Dl] [1080p",https://d.ptorrents.com/bt/[ptorrents.com].3171558.torrent,magnet:?xt=urn:btih:2865b2f9f212b9b47477221d0f983e84f5f68034
479334,"[2.39 GB] Cum Swapping Sisters 6 (Nubiles) [2025 г., All Sex, WEB-DL, 720p] (Tiffany Tatum, Aria Valencia, Molly Little, Chanel Camryn, Codey Steele, Simon Kitty, Harley King, Scarlet Skies, Jade Maris)",https://d.ptorrents.com/bt/[ptorrents.com].3171197.torrent,magnet:?xt=urn:btih:815e99ec3a12c92f2aa1e1cc14fbdd35257534b5
479335,"[2.42 GB] Cum Swapping Sisters 8 (Nubiles) [2025 г., All Sex, WEB-DL, 720p] (Braylin Bailey, Britt Blair, Hailey Rose, Ivi Rein, Lily Larimar, Liz Jordan, Molly Little, Rika Fane)",https://d.ptorrents.com/bt/[ptorrents.com].3171198.torrent,magnet:?xt=urn:btih:5de849e0e105195039df1d931c766cbd0991ac3a
479336,"[39.02 GB] [AQUA / SexLikeReal.com] Maina Yuuri (My Sister-in-Law Was Lounging Around Without a Bra On and We Ended Up…) [2024 г., Hardcore, Asian, All Sex, VR, 8k, 4096p] [Oculus Rift / Vive]",https://d.ptorrents.com/bt/[ptorrents.com].3170781.torrent,magnet:?xt=urn:btih:1c4c7542b63644561c5e79442f980c6b8ffe1ad4
479337,"[48.17 GB] Hotkinkyjo [Alexextreme.com] Any collection 92 Rolika, [2019 - 2025, FISTING, ANAL, LESBIAN, DILDO, TOYS, PROLAPSE, ROSEBUTT, SITERIP, 1080P]",https://d.ptorrents.com/bt/[ptorrents.com].3170642.torrent,magnet:?xt=urn:btih:2d4223bb8d71e7615c5478c0318539529cf232f6
479338,"[177.65 GB] [Chaturbate.com, Stripchat.com] Webcam Girls With Beautiful Boobs (233 ролика) Pack [2022-2025, Solo, Big Tits, Huge Tits, Puffy Nipples, Big Areolas, Milk, Big Nipples, Saggy Tits, 480p, 720p, 1080p]",https://d.ptorrents.com/bt/[ptorrents.com].3170466.torrent,magnet:?xt=urn:btih:697b7a335bffd8f66952fb427c418c897ff4a9dd
479339,"[1.17 GB] [SexArt.com / MetArt.com] Sophie Weber - Be With Me [2025, All Sex, Brunette, Small Tits, Hardcore, Couples, Straight, Kissing, Creampie, 1080p]",https://d.ptorrents.com/bt/[ptorrents.com].3171107.torrent,magnet:?xt=urn:btih:fb6e669e32f1dab106daaceff544a8b2c86c00f2
479340,"[1.14 GB] Ruanmei (kamihikoki mmd) [2025, 3DCG, Animated, Parody, Oral sex, Vaginal sex, Creampie, WEB-DL] [2160p]",https://d.ptorrents.com/bt/[ptorrents.com].3170907.torrent,magnet:?xt=urn:btih:8073be94de53a2b0fc752588d3ad3450785eb270
479341,"[2.18 GB] Sanka got out and did not want to give / Wife Jealous of the Ai Bot, But Got Horney and Got Speerm on the Ass [2025, Onlyfans.com, Roleplay, Teen, All Sex, Creampie, 2160p] [alexa] [alexa Poshsphy]",https://d.ptorrents.com/bt/[ptorrents.com].3171559.torrent,magnet:?xt=urn:btih:9ec93e73a40ee818c3e6597e156b11d72230e0ed
479342,"[4.58 GB] [Legalporno.com / PornBox.com / AnalVids.com] Kauany Batista - Beautiful Brazilian Exotic Trans Woman, Takes Two Cocks In Her Tight Ass (DAP, Anal, Black Cock, Breast Milking Trans, ATM) ALT044 (01.04.2025) [2025 г., DAP, Anal, Interracial, BBC, Rimming, Shemale, Hardcore, Blowjob, Bareback, Cumshot, 4K, 2160p]",https://d.ptorrents.com/bt/[ptorrents.com].3171367.torrent,magnet:?xt=urn:btih:5f2bea5ee3518de60230a7ec91d5b64cfb54ddd5
479343,"[6 GB] [VRHard / SexLikeReal.com] Naomi Bennet - Fuck Me [10.03.2025, Big Tits, Blow Job, Boobs, Chestnut, Close Ups, Cowgirl, Cumshots, Czech, Hardcore, Missionary, Ponytail, Reverse Cowgirl, Shaved Pussy, Tattoo, Tits Fucking, Virtual Reality, SideBySide, 8K, 3840p, SiteRip] [Oculus Rift / Quest 2 / Vive]",https://d.ptorrents.com/bt/[ptorrents.com].3171651.torrent,magnet:?xt=urn:btih:f1d243383da561bf7167ca6cc701388ad4107fdd
479344,"[5.25 GB] Nagi Hikaru (Shiose / Asuka Aka) - Fully Squirting [SONE-666] (SamoAri, S1 NO.1 STYLE) [cen] [2025 г., Nasty, Hardcore, Squirting, Lotion, Huge Tits, HDRip] [1080p]",https://d.ptorrents.com/bt/[ptorrents.com].3171371.torrent,magnet:?xt=urn:btih:f9975399e0b4117618e8027b8a257c07f8cd8665
479345,"[11.8 GB] [Chaturbate.com] Nadya Basinger (9 роликов) Pack (Nadyabasinger) [2021-2025, Milf, Lingerie, Masturbation, Russian Girls, Solo, Fingering, Toys, WebCam, 720p]",https://d.ptorrents.com/bt/[ptorrents.com].3171561.torrent,magnet:?xt=urn:btih:e6ff8588ceaee002905c48c5ff283d074b8ba809
479346,"[15.91 GB] [AnalVids.com / Legalporno.com / PornBox.com / PissVids.com] Sereia Ninfo - Horny slut Sereia Ninfo taking on 7 big cocks doing DAP, DP, DPV a lot of piss drinking and anal rimming [2024, Gonzo, Hardcore, All Sex, Anal, DAP, Piss, Pee, Cumshot, 4K, 2160p]",https://d.ptorrents.com/bt/[ptorrents.com].3171105.torrent,magnet:?xt=urn:btih:f3e64776423241ea8d755e7472bd2b4d1a613486
479347,"[3.47 GB] Hot and Horny Cheerleaders 3 (Lethal Hardcore) [2025 г., All Sex, WEB-DL, 720p] (Braylin Bailey, Paisley Porter, Sera Ryder, Skylar Vox)",https://d.ptorrents.com/bt/[ptorrents.com].3171200.torrent,magnet:?xt=urn:btih:4c5117d782ae91407e144591177e9c4f0354f601
479348,"[2.5 GB] Teenage Anal Fantasy 3 (Cutie Pie) [2024 г., All Sex, Anal, WEB-DL, 720p] (Aina, Anabela, Regine, Yulya)",https://d.ptorrents.com/bt/[ptorrents.com].3170782.torrent,magnet:?xt=urn:btih:8974c9b73387776c1e5317fa06961ce7a9d47512
479349,"[2.39 GB] [BrokenSluts.net / PornForce.com] Princess Alice - THIS MADE MY ASS CUM - Horny Student Begs Her Classmate For Anal Sex [2025-03-28, Anal, Brunette, Cumshot, Deep Throat, Facial, Gonzo, Hardcore, 2160p, SiteRip]",https://d.ptorrents.com/bt/[ptorrents.com].3170160.torrent,magnet:?xt=urn:btih:2de2eadaad77df7bbdd586ec9219407d39a4eb90
479350,"[42.62 GB] [AQUA / SexLikeReal.com] Marina Yuzuki (Stepdaughter of My New Wife Teaches Me How to Please Her) [2024 г., Hardcore, Asian, All Sex, VR, 8k, 4096p] [Oculus Rift / Vive]",https://d.ptorrents.com/bt/[ptorrents.com].3170779.torrent,magnet:?xt=urn:btih:82551ed58a363b27e8c82c5bc2534f93e601785c
479351,"[6.1 GB] Gojo Ren - Every Morning At The Garbage Dump, The Busty J-cup Girl Shows Off Her Overflowing Breasts Without Any Hesitation [SONE-672] (Goemon, S1 NO.1 STYLE) [cen] [2025 г., Older Sister, Big Tits, Titty Fuck, HDRip] [1080p]",https://d.ptorrents.com/bt/[ptorrents.com].3171372.torrent,magnet:?xt=urn:btih:67f1fe283109d7c6b1f7e309f6237e4cca953ad0
479352,"[2.22 GB] Curious Fotz-Biester (Pegas Productions) [2025 г, All Sex, Web-DL, 720p] (Brind Love, Ella June, Anastasya Luna, Shany Hotte)",https://d.ptorrents.com/bt/[ptorrents.com].3171655.torrent,magnet:?xt=urn:btih:acf7c1d5bacdbb6f65000a05dc2afe8fa0e718e6
479353,"[429.1 MB] [PremiumBukkake.com] Agustina #1 - Behind The Scenes [2024 г., Bukkake, Gangbang, Blowjobs, Cumshots, Swallow, Hardcore, 1080p]",https://d.ptorrents.com/bt/[ptorrents.com].3170323.torrent,magnet:?xt=urn:btih:f7f75c86184415b5f46ef572592fd05282d32a82
479354,"[6.17 GB] Okuda Saki - Even After 30 Years Of Marriage, My Wife, Saki Okuda, Is Still Like A Monkey, Hugging My Mother Every Night. She's Started To Get Horny For Her Father's Insatiable Cock [SONE-664] (Asagiri Jou, S1 NO.1 STYLE) [cen] [2025 г., Big Tits, Married Woman, Affair, Incest, Cuckold, Old Man, HDRip] [1080p]",https://d.ptorrents.com/bt/[ptorrents.com].3171374.torrent,magnet:?xt=urn:btih:883a137d872f6f6ae77f7940c2badfa12c5de95a
479355,"[3.9 GB] A Group Surprise / Групповой сюрприз (Deviant Mindz Productions / Mile High Xtreme) [2025 г., Anal, Blowjob, DeepThroat, DP, Group, Interracial, Straight, Threesome (MMF), WEB-DL, 1080p] (Alexis Crystal, Mona Lee, Shrima Malati)",https://d.ptorrents.com/bt/[ptorrents.com].3171562.torrent,magnet:?xt=urn:btih:3268aa7372f9bb5cf723a240353b68d2c2652c0b
479356,"[467 MB] [Punishedbrats.com] Candy / Конфета (Punishedbrats) [BDSM, Spanking, Fetish, Teens, Uniform, 1080p, SiteRip]",https://d.ptorrents.com/bt/[ptorrents.com].3170162.torrent,magnet:?xt=urn:btih:1d8a7ed7e676b1d559de8f49218026fdf1812a50
479357,"[531 MB] [PremiumBukkake.com] Emily Travel #1 - Behind The Scenes [2024 г., Bukkake, Gangbang, Blowjobs, Cumshots, Swallow, Hardcore, 1080p]",https://d.ptorrents.com/bt/[ptorrents.com].3171656.torrent,magnet:?xt=urn:btih:0abd7981b47a11335765d290cb36bce33ab4c0ae
479358,"[740.2 MB] Beverly Hills Geisha / Гейша из Беверли-Хиллз (Lance Heywood / Leisure Time Entertainment, Venus 99) [1993 г., All Sex, Feature, Facial, Girl-Girl, Anal Toy, Gangbang, VHSRip] (Devon Shire, Kylie Channel, Lele Adams, Madison, Mimi Miyagi, Cal Jammer, Don Fernando, Jake Steed, Johnny Love, Julian St. Jox, Lance Heywood, Tony Montana)",https://d.ptorrents.com/bt/[ptorrents.com].3170644.torrent,magnet:?xt=urn:btih:6689e1246f37d84bbeff90a93126945537b07e26
479359,"[3.28 GB] Interracial Cuckold Fantasies 3 (Blacks on Blondes) [2025 г., All Sex, WEB-DL, 720p] (Delilah Day, Hazel Moore, Luna Legend, Sona Bella)",https://d.ptorrents.com/bt/[ptorrents.com].3171201.torrent,magnet:?xt=urn:btih:1114e486a7747d35560faebd01c3bb61fc02e76c
479360,"[2.28 GB] Very Intensive Session (Wicked) [2025 г., All Sex, WEB-DL, 720p] (Jennifer White, Lexi Luna, Nicole Doshi)",https://d.ptorrents.com/bt/[ptorrents.com].3170783.torrent,magnet:?xt=urn:btih:2345449829261b4a2931ae47bcbc328751a919fa
479361,"[3.01 GB] Fuck Hungry Spanish Women (Hard Fuck Video) [2025 г., All Sex, WEB-DL, 720p] (Iris Cool, Jessy Brown, Mara Lopez, Rebeca Linares, Sofia Prada)",https://d.ptorrents.com/bt/[ptorrents.com].3170910.torrent,magnet:?xt=urn:btih:ca860d828073ac8437f1b2a713ce66e9fb98c0f9
479362,"[2.88 GB] Stretching My Girlfriend's Pussy 37 (Mofos) [2025 г., All Sex, WEB-DL, 720p] (Alexis Kay, Moona Snake, Renee Rose, Valeria Fuentes)",https://d.ptorrents.com/bt/[ptorrents.com].3170784.torrent,magnet:?xt=urn:btih:3b7aafdc66921d4024725c79b9c774e1c41b8132
479363,"[236 MB] [SexArt.com / MetArt.com] Sophie Weber - Be With Me [2025, All Sex, Brunette, Small Tits, Hardcore, Couples, Straight, Kissing, Creampie, 360p]",https://d.ptorrents.com/bt/[ptorrents.com].3171111.torrent,magnet:?xt=urn:btih:06c6e42de63dc75dd8d6f68011465906284fd01e
479364,"[1.83 GB] My Fuckin Step-Dad (Pegasus Production) [2025 г., All Sex, WEB-DL, 720p] (Alice W, Coco Ivy, Princess 69)",https://d.ptorrents.com/bt/[ptorrents.com].3171202.torrent,magnet:?xt=urn:btih:4971585aeb0cc3e54eff1dc48e74609352ddff43
479365,"[4.77 GB] [Pawg.com, bangbros.com] Jodi Taylor, Mike Adriano - Phat ass ginger white girl anal fucked [2014-08-29, Anal Play, Assjob, Anal, Babes, Big Ass, Big Cock, Blowjob, Cumshot, Deep Throat, Doggystyle, Dildo, Facial, GAG, Gape, Gonzo, Hairy, Hardcore, Handjob, Natural Tits, POV, Straight, 1080p, Upscale]",https://d.ptorrents.com/bt/[ptorrents.com].3171657.torrent,magnet:?xt=urn:btih:d7ef2c0e1746bd11d542772c000e20ceaf9423f7
479366,"[40.93 GB] [KoalaVR / SexLikeReal.com] Mizuki Sakino - Mizuki Sakino – Nonstop Triple Creampie Nonstop Kissing Fanatic Sexual Massage (53135) [2025-03-30, Blow job, Tits fucking, Close ups, Cowgirl, Reverse cowgirl, Creampie, Cum in mouth, Cumshot twice, Cumshots, Hand job, Doggy style, Hardcore, Missionary, Bath / shower, Censored, Nuru gel, JAV, Whispering, SideBySide, 2160p, SiteRip] [Oculus Rift / Vive]",https://d.ptorrents.com/bt/[ptorrents.com].3170468.torrent,magnet:?xt=urn:btih:8237d91a43974c746336aba86a0117587263b2d2
479367,"[4.15 GB] Anal influensers / anal influential faces (Mile High Xtreme) [2024, ANAL, A2M, ASS Licking, Gape, Cum on Ass, Hdrip, 1080p] (Split Scenes) (Crystal Greenvelle, Adele Sunshine, Erika Dellavechia, Giselle Bitenkur)",https://d.ptorrents.com/bt/[ptorrents.com].3170785.torrent,magnet:?xt=urn:btih:83aeb6d716c33629f1de7cc94783f2d2df75018c
479368,"[1.63 GB] [MetArt.com] 2025-03-29 Betzz - Sinful Curves, Debora A - Violet Desire, Naty Evans - Sassy Secrets, Mila Azul - Schoolwork [Solo, Posing, Glamour] [3611x5427-5464x8192, 466 фото]",https://d.ptorrents.com/bt/[ptorrents.com].3170163.torrent,magnet:?xt=urn:btih:b366a2f102b4ec41156f864feaffdf2690de52bb
479369,"[3.47 GB] The old the more nastier [2025 г., all sex, web-dl, 720p] (Katrin, Michael, Petra, Boris, Maria, Erika, Magassy)",https://d.ptorrents.com/bt/[ptorrents.com].3170786.torrent,magnet:?xt=urn:btih:5039362173d7911fdb3dc4cae0cb21201371fc89
479370,"[655.2 MB] [Loan4K.com / Vip4K.com]Vixi Rafi (Office Gloryhole)[2025 г., Gonzo, Hardcore, All Sex, POV,Straight 540p]",https://d.ptorrents.com/bt/[ptorrents.com].3170325.torrent,magnet:?xt=urn:btih:cb0bf44595a934df020a947bf9564a3e934b1889
479371,"[16.61 GB] [AnalVids.com / LegalPorno.com / PornBox.com / PornWorld.com] Ria Sunn - Insatiable Slut Ria Sunn Tempts Horny Masseuse And Manager Into DP Fuck Fun GP2833 (20.11.2023) [2023 г., DP, Anal, Gonzo, Hardcore, Cumshot, 4K, 2160p]",https://d.ptorrents.com/bt/[ptorrents.com].3170161.torrent,magnet:?xt=urn:btih:fee4b565dd89b8096dbfcc0108a93117f27120dd
479372,"[613.6 MB] Playful Teens Fuck in A 3Some / Playful teenagers fuck the three of them (Adult Content Deluxe Productions) [2021, Teen, Blowjob, Straight, Ana, Threesome (FFM), Russian, Web-Dl, WEB-DL, WEB-DL, WEB-DL, WEB-DL 1080p] [rus] (amy days)",https://d.ptorrents.com/bt/[ptorrents.com].3171112.torrent,magnet:?xt=urn:btih:0add91000b0025a342b2122edd03a9d4e09f56b0
479373,"[622.4 MB] [NubileFilms.com] 2021-10-13 Ivi Rein & Amy Douxxx - Something To Stare At [All Sex, Blowjob, Threesome, Doggy Style, Cowgirl, Blonde, Shaved Pussy, Tattoos, Pussy Licking, POV, Cumshot] [3744x5616 - 5616x3744, 140 photos]",https://d.ptorrents.com/bt/[ptorrents.com].3171113.torrent,magnet:?xt=urn:btih:0e9c0dd5207c3ab6c17c1bb5054f74769156a835
479374,"[2.95 GB] [Old-n-Young.com / TeenMegaWorld.net] Sandy Cheeks (Art of Sex) [2025 г., Old-Young, Hardcore, Russian, All Sex, 2160p, 4k]",https://d.ptorrents.com/bt/[ptorrents.com].3171660.torrent,magnet:?xt=urn:btih:f6293d7baf229e0390f0898679401e8deb2eed63
479375,"[15.9 GB] [AnalVids.com / Legalporno.com / PornBox.com / PissVids.com / Yummy Estudio] Larissa Leite & Giih Spanic (Happy Easter party, Sexy Bunnies Larissa Leite & Giih Spanic getting fucked by 5 cocks with intense DAP, DP, and piss drinking) [2024, Anal, Big Ass, Big Tits, Blowjob, DAP, Double Penetration, Gangbang, Hardcore, Interracial, Latina, Milf, Piss, Pee, Cumshot, 4K, 2160p]",https://d.ptorrents.com/bt/[ptorrents.com].3171108.torrent,magnet:?xt=urn:btih:b347883959e710db1c1cc9a6a86069679830bb6c
479376,"[4.85 GB] [PornFidelity.com / TeenFidelity.com / KellyMadisonMedia.com] Hannah Vivienne - Hannah Can Have It (04.04.2024) [2025 г., MILF, Gonzo, Hardcore, All Sex, Creampie, 1080p]",https://d.ptorrents.com/bt/[ptorrents.com].3171568.torrent,magnet:?xt=urn:btih:e547ca1d4e187bde474fde64cb5c4d6f2bd4e3c0
479377,"[3.29 GB] Stars 8 (Blacked) [2025 г., All Sex, WEB-DL, 720p] (Angel Youngs, Angie Faith, Ashley Winter, Eve Sweet, Kendra Sunderland, Rae Lil Black)",https://d.ptorrents.com/bt/[ptorrents.com].3171203.torrent,magnet:?xt=urn:btih:adb7b00f53b98df74761c4e93f187af7a57e7c72
479378,"[915.2 MB] [Old-n-Young.com / TeenMegaWorld.net] Sandy Cheeks (Art of Sex) [2025 г., Old-Young, Hardcore, Russian, All Sex, 720p]",https://d.ptorrents.com/bt/[ptorrents.com].3171661.torrent,magnet:?xt=urn:btih:067f848180b77197f5d94621575e0db521d6b746
479379,"[1016.7 MB] The drunk sanka torn in the ass of the stepson / Stepmom herself Put her ass under my cock when download to rest a little [2025, onlyfans.com, Roleplay, Teen, InceSt, Anal Creampie, 4K, 4K, 4K, 4K, 4K, 4K, 4K, 4K, 4K, 4K, 4K, 4K, 4K, 4K, 4K, 4K, 4K, 4K, 4K, 4K, 4K, 4K, 4K 2160p] [Alexa Poshsphy]",https://d.ptorrents.com/bt/[ptorrents.com].3170788.torrent,magnet:?xt=urn:btih:62b52461bde7a4d376409f337b594272e37b4616
479380,"[22.56 GB] [BaDoinkVR.com] Veronica Leal - Guilty Ass Charged [01.04.2025, Anal, Blowjob, Brunette, Cowgirl, Cum On Body, Doggy Style, Missionary, Reverse Cowgirl, Sex Toys, Small Tits, Squirt, Tattoos, Virtual Reality, SideBySide, 8K, 4096p, SiteRip] [Oculus Rift / Quest 2 / Vive]",https://d.ptorrents.com/bt/[ptorrents.com].3170909.torrent,magnet:?xt=urn:btih:7efcff88100feea44e979475899275ae5b2a4064
479381,"[56.87 GB] Asian Domestic Zone Self Filmed Pack 053 (91 videos) [All Sex, Amateur, Asian, Blowjob, Brunette, Cosplay, Couples, Creampie, Doggystyle, Hardcore, Lesbian, OnlyFans, Skinny, Stockings, Teen, Voyeur, 480p, 540p, 720p, 1080p, 2160p, CamRip]",https://d.ptorrents.com/bt/[ptorrents.com].3170643.torrent,magnet:?xt=urn:btih:754e80e1844a88a5613c2cd00ee39446a157c239
479382,"[5.7 GB] Ready For Stuffing X-Cut 12 / Готовый К Фаршированию Х-Срез 12 (Score) [2020 г., BBW, Big Tits, Clothing, Gonzo, Lingerie, Masturbation, Naturally Busty, Solo Girls, VOD, 1080p] (Anna Beck, Blake Emerald, Cosmia, Katrin Porto, Mahogany Masters, Mischievous Kitty, Samantha Sanders, Sofia Deluxe, Susie Masterson, Tessa Orlov)",https://d.ptorrents.com/bt/[ptorrents.com].3171204.torrent,magnet:?xt=urn:btih:32228d5c39e4e5b09cc92d1476e68495b2801d53
479383,"[10.95 GB] [LegalPorno.com / AnalVids.com / Gonzo.com] Alexa Nova - Alexa Nova deep toy penetration, first time to #studiogonzo 2 on 1 zero pussy SZ1723 [2017, Big Cock, Blowjob, Cumshot, Deep Throat, DP, Hardcore, Redhead, Toys, Anal, Gonzo, Socks, 2160p, SiteRip]",https://d.ptorrents.com/bt/[ptorrents.com].3170645.torrent,magnet:?xt=urn:btih:99ef74bd0666395f203bca7651af0dd193d4a278
479384,"[2.33 GB] [PornFidelity.com / TeenFidelity.com / KellyMadisonMedia.com] Hannah Vivienne - Hannah Can Have It (04.04.2024) [2025 г., MILF, Gonzo, Hardcore, All Sex, Creampie, 720p]",https://d.ptorrents.com/bt/[ptorrents.com].3171569.torrent,magnet:?xt=urn:btih:66148dc780fcb348ef05046d178aa36f9b6b5e59
479385,"[1014.1 MB] [OhMyHoles.com / TeenMegaWorld.net] Molly Cute (Special Day’S Spicy Gift) [2025 г., Anal, DP, Threesome FFM, Hardcore, Russian, All Sex, 720p]",https://d.ptorrents.com/bt/[ptorrents.com].3171662.torrent,magnet:?xt=urn:btih:582f996f60cd6d8164e7ec399b7aa4581642bc43
479386,"[2.19 GB] Look At Those Tits (Pure Pleasures Productions) [2021 г., All Sex, WEB-DL, 720p] (Brandy Lee, Donna Bell, Laura Orsolya, Terry Nova)",https://d.ptorrents.com/bt/[ptorrents.com].3170789.torrent,magnet:?xt=urn:btih:37ef50f9040ef091c3616f808a479f7545e9a0b9
479387,"[1.36 GB] Passionate Youth (Airerose Entertainment) [2025 г., All Sex, WEB-DL, 720p] (Anita, Cora, Madison Parker, Rose)",https://d.ptorrents.com/bt/[ptorrents.com].3170790.torrent,magnet:?xt=urn:btih:a0c1d1f28e8dfc4262eae92629e88a3548b54975
479388,"[5.38 GB] Ready For Stuffing X-Cut 14 / Готовый К Фаршированию Х-Срез 14 (Score) [2021 г., BBW, Big Tits, Clothing, Gonzo, Lingerie, Masturbation, Naturally Busty, Solo Girls, VOD, 1080p] (Alice 85JJ, Coral Guzman, Georgina Gee, London Reigns, Lynn Underwood, Monica Love, Naia Bee, Oksana Rose, Reyna Mae)",https://d.ptorrents.com/bt/[ptorrents.com].3171205.torrent,magnet:?xt=urn:btih:1d7725599a1a4097df2bfc72a19b795894e46a84
479389,"[334.6 MB] [CastingCouch-HD.com] Ahanu (28.03.2025) [All Sex, Hardcore, Gonzo, IR]",https://d.ptorrents.com/bt/[ptorrents.com].3170327.torrent,magnet:?xt=urn:btih:302e3b173c43e2c0352f172a53dbf8d083c36ac9
479390,"[334.6 MB] [CastingCouch-HD.com] Ahanu (28.03.2025) [All Sex, Hardcore, Gonzo, IR]",https://d.ptorrents.com/bt/[ptorrents.com].3170327.torrent,magnet:?xt=urn:btih:302e3b173c43e2c0352f172a53dbf8d083c36ac9
479391,"[2.37 GB] [Anal-Beauty.com / TeenMegaWorld.net] Lola Bredly (Pay Attention To My Sexuality) [2025 г., Anal, Hardcore, Russian, All Sex, 1080p]",https://d.ptorrents.com/bt/[ptorrents.com].3171663.torrent,magnet:?xt=urn:btih:4c24c5fc2de6758ff8f0609f9bc1d165eca6119a
479392,"[385.6 MB] [Anal-Beauty.com / TeenMegaWorld.net] Lola Bredly (Pay Attention To My Sexuality) [2025 г., Anal, Hardcore, Russian, All Sex, 360p]",https://d.ptorrents.com/bt/[ptorrents.com].3171664.torrent,magnet:?xt=urn:btih:bfc586fbaf7148d2c55abf9a1d18bef3cfa36a93
479393,"[4.6 GB] [EvilAngel.com] Arabelle Raphael - 5-Boner Blowbang [2024, BBC, Big Black Cocks, Big Tits, Blowbang, Blowjob, Bukkake, Cumshot, Curvy, Deepthroat, Face Fucking, Facial, French, Gagging, Gonzo, Hardcore, Interracial (IR), Jewish, Lingerie, Natural, Oral, Sex, Sperm on Face, Tattoos, Titfuck, 2160p, SiteRip]",https://d.ptorrents.com/bt/[ptorrents.com].3171375.torrent,magnet:?xt=urn:btih:87207be5c47374d634d7ca18bf73ff619d97ec24
479394,"[2.33 GB] I Can Make This All Go Away (Pure Taboo) [2025 г., All Sex, WEB-DL, 720p] (Penelope Kay, Sarah Arabic)",https://d.ptorrents.com/bt/[ptorrents.com].3170912.torrent,magnet:?xt=urn:btih:4bc24e98ffdb5683269cc33378dd899b4d3a80cd
479395,"[7.79 GB] Tano Yu - Abstinence, Breast Development, Teasing, Aphrodisiac, Chase Piston, Hanging Orgasm, Massive Toy Torture, All On Top! Sex On The Other Side Of Orgasm That Goes Beyond The Downer State That Goes Beyond The Climax [SONE-675] (Hasami Kuka, S1 NO.1 STYLE) [cen] [2025 г., Restraint, Nasty, Hardcore, Squirting, Huge Tits, HDRip] [1080p]",https://d.ptorrents.com/bt/[ptorrents.com].3171377.torrent,magnet:?xt=urn:btih:5e02444cadd64e3120d632995645c4d3f41a59f1
479396,"[3.96 GB] Dick Sucking Doubles 13 (Reality Kings) [2025 г., All Sex, WEB-DL, 720p] (Ameena Green, Isimbi Yvonne, Jordyn Falls, Kira Noir, Lissa Aires, May Hashira, Melztube, Sarah Arabic, Willow Ryder, Zaawaadi)",https://d.ptorrents.com/bt/[ptorrents.com].3171206.torrent,magnet:?xt=urn:btih:87f123ae485fe8b356c73a8e6369738bbf5d3949
479397,"[2.44 GB] [BangBros18.com, bangbros.com] Lana Rhoades - Lana Rhoades Works Hard for the Cum [2017-03-21, Babes, Brunette, Big Ass, Big Cock, Big Tits, Blowjob, Cumshot, Deep Throat, Doggystyle, Facial, GAG, Gonzo, Hardcore, Handjob, Natural Tits, POV, Swallow, Squirt, Straight, 2160p, SiteRip]",https://d.ptorrents.com/bt/[ptorrents.com].3170469.torrent,magnet:?xt=urn:btih:570c68cfd6e942ec7e2067a32c425a28891d45d6
479398,"[341 MB] The head of the goals Sekes does not move / my endowment mistress loves to poison me with a! [2025 g, Onlyfans.com, Teen, Natural Breast, All Sex, Roleplay 1080p, HD] [Emilia Shot]",https://d.ptorrents.com/bt/[ptorrents.com].3170328.torrent,magnet:?xt=urn:btih:d92f91e0a7bbb6b468bddfcf7d9ffc340ef23512
479399,"[5.59 GB] [SheerAndLace.com] (8 роликов) Pack [2025-03, Big Tits, Dildo, Masturbation, Pantyhose, Posing, Solo, 1080p]",https://d.ptorrents.com/bt/[ptorrents.com].3170792.torrent,magnet:?xt=urn:btih:af810137895d2b1a166299255beb1c7103644b21
479400,"[9.5 GB] [SLR Originals / SexLikeReal.com] Emily Pink - Pink Me! (55443) [29.03.2025, Blow Job, Boobs, Brunette, Close Ups, Colombian, Cowgirl, Cum In Mouth, Doggy Style, Full Body Passthrough, Hand Job, Hardcore, Latina, Lipstick, Long Hair, Missionary, Nails, Nylons, Passthrough AR, Pierced Navel, Reverse Cowgirl, Shaved Pussy, Silicone, Stockings, Tits Fucking, Virtual Reality, SideBySide, 8K, 4000p, SiteRip] [Oculus Rift / Quest 2 / Vive]",https://d.ptorrents.com/bt/[ptorrents.com].3170165.torrent,magnet:?xt=urn:btih:8c83c7cd5ae3c6758faef94e4f74113831d6773a
479401,"[3.4 GB] Mature POV (Hot Hot Films) [2024 г., All Sex, WEB-DL, 720p] (Billie Jean Austin, Andi James, Cyndi Sinclair, Krystal Davis)",https://d.ptorrents.com/bt/[ptorrents.com].3170791.torrent,magnet:?xt=urn:btih:21209b25be36ab1ff3a3c35e3e2b1d12158f455c
479402,"[2.67 GB] [PornBox.com / AnalVids.com / Lara De Santis studio] Lara De Santis dildo and cock DAP, gape, pegging with monster dildo and anal fisting LDS030 [2020 г., Big Tits, Blowjob, Hardcore, Dildo, Anal, Fisting, Cumshot, Pegging, DAP, DP with cock + toy, Gape, Milf, Strapon, Toys, 1080p, SiteRip]",https://d.ptorrents.com/bt/[ptorrents.com].3170913.torrent,magnet:?xt=urn:btih:f2583f8545cc5d5245e3774dffed8ed87fe6de55
479403,"[2.75 GB] Anal Slave (Moviestar) [2025 г., All Sex, Anal, Anal Creampie, BDSM, Big Dick, Big Tits, Bondage, Deep Throat, WEB-DL, 720p] (Jenna Haze, Nicky Hunter, Rita Faltoyano, Stacey Saran)",https://d.ptorrents.com/bt/[ptorrents.com].3170793.torrent,magnet:?xt=urn:btih:847a19b837e2090a40738b4d8c55a9830ad70044
479404,"[7.02 GB] Maki Kyouko, Nagasawa Azusa - A Wife, A Hot Spring, And An Affair. Part 3 [OLM-169b] (Olympus) [cen] [2025 г., Hot Spring, Affair, Masturbation, SiteRip] [1080p]",https://d.ptorrents.com/bt/[ptorrents.com].3171378.torrent,magnet:?xt=urn:btih:1c83e26ceb962e97f6e796919eabc6b05689d4f1
479405,"[47.79 GB] [SLR Originals / SexLikeReal.com] Tru Kait, Melissa Stratton - Tru Kait & Melissa Stratton SEXperience (35836) [2023-07-12, Big tits, Blow job, Cowgirl, Reverse cowgirl, Doggy style, Hardcore, Missionary, Prone bone, Garter belt, Trimmed pussy, Pierced pussy, F/F/M, Threesome, American, Latino, SideBySide, 2900p, SiteRip] [Oculus Rift / Vive]",https://d.ptorrents.com/bt/[ptorrents.com].3171564.torrent,magnet:?xt=urn:btih:a0e797f7912715c0b11a2754250b09df66e36e6c
479406,"[12.09 GB] [VirtualRealPorn.com] Lola Desire - Provocation [01.04.2025, Blowjob, Brunette, Cowgirl, Doggy Style, Missionary, Natural Tits, Reverse Cowgirl, Tattooed, Virtual Reality, SideBySide, 8K, 3840p, SiteRip] [Oculus Rift / Quest 2 / Vive]",https://d.ptorrents.com/bt/[ptorrents.com].3170911.torrent,magnet:?xt=urn:btih:69065e11c7e0a43ce0a79843bfb1ab67bfed6018
479407,"[15.7 GB] [AnalVids.com / Legalporno.com / PornBox.com / PissVids.com / Yummy Estudio] Lore Hot - Tiny Colombia Teen Lore Hot Doing Her First DAP Scene With 3 Big Cocks And Drinking Piss (02.10.2024) [2024 г., GangBang, DAP, DP, Anal, Interracial, BBC, Young, Gonzo, Hardcore, Piss, Pee, Cumshot, 4K, 2160p]",https://d.ptorrents.com/bt/[ptorrents.com].3171114.torrent,magnet:?xt=urn:btih:a0d1fdb8d0a2310d59e5957fd40f8819125e63ae
479408,"[587.4 MB] [Blacked.com]Kelly Collins, Bella Spark(Bang And Burn - Mission 000 Bona Fides)[2025 г., Gonzo, Hardcore, All Sex, Straight ,IR 480p]",https://d.ptorrents.com/bt/[ptorrents.com].3171380.torrent,magnet:?xt=urn:btih:599bc7dcb3e7d2d25dc8788050e5e34f99ebc0f6
479409,"[7.43 GB] Kawagoe Niko - ""Uncle, Touch Me More."" I Couldn't Resist The Bright-smiling Innocent Girl And Started Molesting Her... She Became Addicted To My Technique More Than Her Boyfriend [SONE-673] (Nikuson, S1 NO.1 STYLE) [cen] [2025 г., Uniform, Schoolgirl, Drama, Prank, Submissive Woman, Old Man, HDRip] [1080p]",https://d.ptorrents.com/bt/[ptorrents.com].3171379.torrent,magnet:?xt=urn:btih:230471a69e47018b609ff56e5d1ef256fbbcfd84
479410,"[51.13 GB] Amelia Jones (27 роликов) Pack (Adri Nice, Lenka Sosh, Andrea Ella, Adriana Sweet Blonde) [2016-2025, Anal, Blonde, Big Tits, Creampie, Facial, Swallow]",https://d.ptorrents.com/bt/[ptorrents.com].3170471.torrent,magnet:?xt=urn:btih:972a8122531ad762b6f24ed2ac1fe4ba4c4d675b
479411,"[16.44 GB] [AnalVids.com / Legalporno.com / PornBox.com / PissVids.com / Giorgio Grandi] Marta Villalobos - Dap Destination Goes Wet, Marta Villalobos, 4 on 1, ATM, Balls Deep, DAP, Extreme Deepthroat, Rough Sex, Gapes, Pee Drink/Shower, Squirt, Cum In Mouth, Swallow AH013 (21.09.2024) [2024 г., GangBang, DAP, Rimming, Anal, Gonzo, Hardcore, 4K, 2160p]",https://d.ptorrents.com/bt/[ptorrents.com].3170164.torrent,magnet:?xt=urn:btih:fe10ecfcb12bdf3c44ee14b9c39ffe5ea24bf4a4
479412,"[3.43 GB] Dirty Intentions 45 (Reality Kings) [2025 г., All Sex, WEB-DL, 720p] (Cherry Gwendolyn, Mikey Star, Ophelia Purr, Spencer Bradley, Zazie Skymm)",https://d.ptorrents.com/bt/[ptorrents.com].3171207.torrent,magnet:?xt=urn:btih:d2e342b780ca8b68f38aee5e2e07d3216e2f24b1
479413,"[260.6 MB] Masafaka Mishan was punished, for the asshole and woodpecker / Facesitting Lessons. STPSON, DON'T USE that Fake Pussy, Better Lick My [2025, Onlyfans.com, Teen, Natural Breast, Roleplay, FaceSitting, Pussy Licking, Pissing, HD] [NataliefLowers]",https://d.ptorrents.com/bt/[ptorrents.com].3170796.torrent,magnet:?xt=urn:btih:61408625781227bbda80bde80430af0339426b17
479414,"[2.15 GB] Ass Fuckers 2 (Pure Pleasures Productions) [2025 г., All Sex, WEB-DL, 720p] (Cherry Jul, Constance Devil, Luisa de Marco, Nikki)",https://d.ptorrents.com/bt/[ptorrents.com].3170795.torrent,magnet:?xt=urn:btih:950e18f1038538508e0cf32c1252603179adb3bf
479415,"[8.47 GB] Seto Kanna - I Want To See The Real Face And Real Sex Of The Strongest Heroine! An Erotic And Raw 2 Nights And 3 Days Sex Date Where They Seek Each Other Over And Over Again As Their Sexual Desires Dictate, Without A Script [SONE-638] (U Kichi, S1 NO.1 STYLE) [cen] [2025 г., Big Tits, Titty Fuck, POV, Entertainer, Date, HDRip] [1080p]",https://d.ptorrents.com/bt/[ptorrents.com].3171381.torrent,magnet:?xt=urn:btih:4de560f0a020c910fe2ab6e32a2d5d251dae715b
479416,"[1.87 GB] Ready For Stuffing X-Cut 14 / Готовый К Фаршированию Х-Срез 14 (Score) [2021 г., BBW, Big Tits, Clothing, Gonzo, Lingerie, Masturbation, Naturally Busty, Solo Girls, VOD, 480p] (Alice 85JJ, Coral Guzman, Georgina Gee, London Reigns, Lynn Underwood, Monica Love, Naia Bee, Oksana Rose, Reyna Mae)",https://d.ptorrents.com/bt/[ptorrents.com].3171208.torrent,magnet:?xt=urn:btih:e02ebcbb5d12c06d34a63b42a0fabfb0ddfaf568
479417,"[682.4 MB] [UsePOV.com / FreeUse.com / MYLF.com] Krystal Sparks - Cultural Penetration [2025-02-04, Feature, Hardcore, All Sex, Couples, POV, MILF, Big Tits, Facial, 1080p, SiteRip] [rus]",https://d.ptorrents.com/bt/[ptorrents.com].3171667.torrent,magnet:?xt=urn:btih:fb351ee3b010b95d7f7762a3b72fc6c4021553f7
479418,"[7.66 GB] In the warmth of St-Tropez / Attention girls! ... / В жару сен-тро dire (Gérard Kikoïne / Alpha France) [1982, франция, feature, Classic, Bdrip 1080p] (Cathy Menard, Marilyn Jess, Mika Barthel, Olinka Hardiman, Jean-Pierre Armand, Alban Ceray, Lagardere, Dany Berger) [Free] + Sub [Rus, Eng]",https://d.ptorrents.com/bt/[ptorrents.com].3170797.torrent,magnet:?xt=urn:btih:a4684cc58ec607e862be9f124b2884ff59451537
479419,"[1.96 GB] Ready For Stuffing X-Cut 12 / Готовый К Фаршированию Х-Срез 12 (Score) [2020 г., BBW, Big Tits, Clothing, Gonzo, Lingerie, Masturbation, Naturally Busty, Solo Girls, VOD, 480p] (Anna Beck, Blake Emerald, Cosmia, Katrin Porto, Mahogany Masters, Mischievous Kitty, Samantha Sanders, Sofia Deluxe, Susie Masterson, Tessa Orlov)",https://d.ptorrents.com/bt/[ptorrents.com].3171209.torrent,magnet:?xt=urn:btih:0f1bb7966d2bdcb50563d2d1e00866035340c2b9
479420,"[10.4 GB] [LegalPorno.com / AnalVids.com] Vicky Sol - Manhandle Vicky Sol goes Rough with Balls Deep Anal, Gapes, DAP, Facial GIO1197 [2019, Blowjob, Hardcore, Stockings, Gape, DAP, Gangbang, Anal, Rough, Deepthroat, Facial, Cumshot, 2160p]",https://d.ptorrents.com/bt/[ptorrents.com].3171115.torrent,magnet:?xt=urn:btih:cace0b159ca8d19b7b6dcf170612f7a1527e7faf
479421,"[1.5 GB] [WhenGirlsPlay.com / Twistys.com] Roxie Sinner, Ellie Nova - Audition This Pussy [2024-12-28, Lesbian, 1080p, SiteRip]",https://d.ptorrents.com/bt/[ptorrents.com].3171383.torrent,magnet:?xt=urn:btih:58cadd43e49c91ad8f5099673844e66b97affc2d
479422,"[229.58 GB] [AQUA / SexLikeReal.com] Himari Aizuki (Paying the Price for Being Caught Masturbating By My SisterInLaw) [2024 г., Cumshot Twice, Hardcore, Asian, All Sex, VR, 8k, 4096p] [Oculus Rift / Vive]",https://d.ptorrents.com/bt/[ptorrents.com].3171666.torrent,magnet:?xt=urn:btih:d154a42823cc01d019a046201558ee8556eac467
479423,"[3.95 GB] BBC My Wife 4 (Touch My Wife) [2025 г., All Sex, WEB-DL, 720p] (Andie Anderson, Anissa Kate, Brookie Blair, Danielle Renae)",https://d.ptorrents.com/bt/[ptorrents.com].3170800.torrent,magnet:?xt=urn:btih:dbdca0e1f2042492b25858cad19781970ad650ec
479424,"[7.49 GB] Minamizawa Umika - Don't You Want To Mess With This Fluffy White H-cup Body? You Want To. Marshmallow Pure White Body, Super Enjoyment Special [SONE-590] (Kyousei, S1 NO.1 STYLE) [cen] [2025 г., Big Tits, Titty Fuck, Nasty, Hardcore, HDRip] [1080p]",https://d.ptorrents.com/bt/[ptorrents.com].3171384.torrent,magnet:?xt=urn:btih:aad642ac8126c1856fdc70a8924ee481943c0e5e
479425,"[16.1 GB] [AnalVids.com / Legalporno.com / PornBox.com / PissVids.com] Eden Ivy - Summer Gonzo Wet, 6 on 1, Anal Fisting, DP, Gapes, Almost ButtRose, Pee Drink, Shower, Squirt, Cum in Mouth, Swallow GIO2570 (2023-08-24) [2023, anal, ass fisting, ass to mouth, cum swallowing, deep throat, face fucking, gagging, double penetration (DP), facial, gapes, piss, squirting, interracial, prolapse, sex toy, slapping, spanking, piss, pee, cumshot, 4K, 2160p]",https://d.ptorrents.com/bt/[ptorrents.com].3170470.torrent,magnet:?xt=urn:btih:64c518c834fccdcfd37f6ae42ab0dea25ae9a8d7
479426,"[3.58 GB] [Legalporno.com / PornBox.com / PissVids.com] Areta Ridera - Areta Ridera - 6on1 Pure Hardcore Gangbang With Rimming DP/DVP/DAP With Pee (01.04.2025) [2025 г., GangBang, DAP, DVP, DP, Anal, Rimming, Big Tits, Gonzo, Hardcore, 1080p]",https://d.ptorrents.com/bt/[ptorrents.com].3170802.torrent,magnet:?xt=urn:btih:db7cb69b2898dab9e5adfa95c541ecf1c2f1b656
479427,"[199.4 MB] [PrincessCum.com / Nubiles-Porn.com] Demi Hawks (You Got Me Pregnant Stepbro - S12:E3) [2025 г., Hardcore, All Sex, 360p]",https://d.ptorrents.com/bt/[ptorrents.com].3170331.torrent,magnet:?xt=urn:btih:b1f21f605975cd40d8888128ae5024b23e5239b1
479428,"[199.4 MB] [PrincessCum.com / Nubiles-Porn.com] Demi Hawks (You Got Me Pregnant Stepbro - S12:E3) [2025 г., Hardcore, All Sex, 360p]",https://d.ptorrents.com/bt/[ptorrents.com].3170331.torrent,magnet:?xt=urn:btih:b1f21f605975cd40d8888128ae5024b23e5239b1
479429,"[1.74 GB] [Legalporno.com / PornBox.com / PissVids.com] Areta Ridera - Areta Ridera - 6on1 Pure Hardcore Gangbang With Rimming DP/DVP/DAP With Pee (01.04.2025) [2025 г., GangBang, DAP, DVP, DP, Anal, Rimming, Big Tits, Gonzo, Hardcore, 720p]",https://d.ptorrents.com/bt/[ptorrents.com].3170803.torrent,magnet:?xt=urn:btih:7de612a72a91347ab108e5a31ec7583c3bb4cc9f
479430,"[7.73 GB] Hiyori Nosaka, A Slutty Maid Who Will Lick Your Face, Balls, Shaft And Anus, And Give You A Full Body Lip Service And Blowjob While Drooling [SONE-633] (Numamon, S1 NO.1 STYLE) [cen] [2025 г., Blowjob, Maid, Big Tits, Cowgirl, Kiss, HDRip] [1080p]",https://d.ptorrents.com/bt/[ptorrents.com].3171386.torrent,magnet:?xt=urn:btih:fb7777abe4684ae95555f3f2a7260a26d3f719ee
479431,"[5.57 GB] Hamasaki Mao - Mao, Who Works At A Cabaret Club, Is Sexually Harassed By The Erotic Managers And Resists, But Her Body Is So Sensitive That She Splashes Out In Large Amounts. No.1 Cabaret Girl Mao Hamasaki [AVSA-370] (Pa-ki-kimuko, AVS Collector's) [cen] [2025 г., Pantyhose, Big Tits, Squirting, Prostitute, Delusion, HDRip] [1080p]",https://d.ptorrents.com/bt/[ptorrents.com].3171671.torrent,magnet:?xt=urn:btih:8840952994592892efe4f632d264a8c594116eb8
479432,"[905.6 MB] [Legalporno.com / PornBox.com / PissVids.com] Areta Ridera - Areta Ridera - 6on1 Pure Hardcore Gangbang With Rimming DP/DVP/DAP With Pee (01.04.2025) [2025 г., GangBang, DAP, DVP, DP, Anal, Rimming, Big Tits, Gonzo, Hardcore, 480p]",https://d.ptorrents.com/bt/[ptorrents.com].3170804.torrent,magnet:?xt=urn:btih:f347954d08e4ecbb546b1090f048bf309f3047aa
479433,"[4.24 GB] [Legalporno.com / PornBox.com / PissVids.com] Kitty Li - Black TAP And Milk Wet, Kitty Li, 4on1, BBC, ATM, Balls Deep, DAP, Extreme Deepthroat, Rough Sex, Big Gapes, Pee Cocktail/Drink/Shower, Cum In Mouth, Swallow AH097 (01.04.2025) [2025 г., GangBang, TAP, DAP, Anal, Interracial, BBC, MILF, Gonzo, Hardcore, 1080p]",https://d.ptorrents.com/bt/[ptorrents.com].3170805.torrent,magnet:?xt=urn:btih:a5cc41b38ee3fb8587a6dc25745557922cd6906d
479434,"[15.48 GB] [AnalVids.com / Legalporno.com / PornBox.com ] Violet - 5 on 1 Delightful Violet and her first DAP from black cocks Anal creampie & lick (EKS314) [2024, Gonzo, Hardcore, All Sex, Anal, DAP, IR, Cumshot, 4K, 2160p]",https://d.ptorrents.com/bt/[ptorrents.com].3170646.torrent,magnet:?xt=urn:btih:e13bbdaf13d89879dfd9f48da825d415e26f5c1b
479435,"[4.83 GB] Isawa Ryouko (Yoshii Miki) - ""Your Mom Is Too Sexy!"" 50-year-old Mother Yoshii Miki Captivates Her Son's Friend With Her Defenseless, Plump, Busty Body [FWTR-018] (Fuwatoro Jukujo / Emanuel) [cen] [2025 г., Married Woman, Mature Woman, Masturbation, Toys, Cuckold, SiteRip] [1080p]",https://d.ptorrents.com/bt/[ptorrents.com].3170474.torrent,magnet:?xt=urn:btih:38ef2934b6cd47cb6f3d581ac56116e8ef55896f
479436,"[506.1 MB] [BrazzersExxtra.com / Brazzers.com] The Official Egypt & Natalia Starr - The Whale Tail Nurse (03.04.2025) [2025 г., Threesome, Interracial, BBC, MILF, Big Tits, Big Ass, Gonzo, Hardcore, All Sex, 480p]",https://d.ptorrents.com/bt/[ptorrents.com].3171212.torrent,magnet:?xt=urn:btih:102121d21652356b46117b95fd333ad13f086156
479437,"[506.1 MB] [BrazzersExxtra.com / Brazzers.com] The Official Egypt & Natalia Starr - The Whale Tail Nurse (03.04.2025) [2025 г., Threesome, Interracial, BBC, MILF, Big Tits, Big Ass, Gonzo, Hardcore, All Sex, 480p]",https://d.ptorrents.com/bt/[ptorrents.com].3171212.torrent,magnet:?xt=urn:btih:102121d21652356b46117b95fd333ad13f086156
479438,"[5.12 GB] [NewSensations.com] Crystal Rush - Crystal Rush Quickly Solves A Big Problem Inside [29.03.2025, Straight, HDRip, 2160p 4K]",https://d.ptorrents.com/bt/[ptorrents.com].3170920.torrent,magnet:?xt=urn:btih:12e568e49087e4dd840be7aa10da044988d95037
479439,"[6.16 GB] Kohinata Miyu (Kiyohara Miyu) - Unlimited Fondling! Unlimited Cumshots! Unlimited Bukkake! A Schoolgirl Who Wants Someone To Help Her With Her Studies And A Tutor Who Wants To Do Something About Her Big Breasts Make A Great Deal Of A Titty Fucking Contract With Her Saying, ""You Can Use My Breasts As You Like"" [SONE-667] (U Kichi, S1 NO.1 STYLE) [cen] [2025 г., Uniform, Schoolgirl, Big Tits, Titty Fuck, Tutor, HDRip] [1080p]",https://d.ptorrents.com/bt/[ptorrents.com].3171387.torrent,magnet:?xt=urn:btih:6bbfaa36f0401748639026ae4e3a269822d28f00
479440,"[10.54 GB] Raisawetsx Extreme Prolapse - 4 new clips [2025 г., Solo, Gape, Prolapse, Rosebud, Squirt, Piss, Dildo, Big Dildo, Fisting, 1080p]",https://d.ptorrents.com/bt/[ptorrents.com].3170475.torrent,magnet:?xt=urn:btih:ca9358ce620d1fbf76e3b7a1d018bc7161e54780
479441,"[2.06 GB] [Legalporno.com / PornBox.com / PissVids.com] Kitty Li - Black TAP And Milk Wet, Kitty Li, 4on1, BBC, ATM, Balls Deep, DAP, Extreme Deepthroat, Rough Sex, Big Gapes, Pee Cocktail/Drink/Shower, Cum In Mouth, Swallow AH097 (01.04.2025) [2025 г., GangBang, TAP, DAP, Anal, Interracial, BBC, MILF, Gonzo, Hardcore, 720p]",https://d.ptorrents.com/bt/[ptorrents.com].3170806.torrent,magnet:?xt=urn:btih:8c6bffeebfc1f0d202478760952c84785ba9df43
479442,"[3.37 GB] [Blacked.com]Kelly Collins, Bella Spark(Bang And Burn - Mission 000 Bona Fides)[2025 г., Gonzo, Hardcore, All Sex, Straight ,IR 1080p]",https://d.ptorrents.com/bt/[ptorrents.com].3171385.torrent,magnet:?xt=urn:btih:0daeb9cf488b85cf9a407a4b98b90f3550b79fab
479443,"[1.05 GB] [Legalporno.com / PornBox.com / PissVids.com] Kitty Li - Black TAP And Milk Wet, Kitty Li, 4on1, BBC, ATM, Balls Deep, DAP, Extreme Deepthroat, Rough Sex, Big Gapes, Pee Cocktail/Drink/Shower, Cum In Mouth, Swallow AH097 (01.04.2025) [2025 г., GangBang, TAP, DAP, Anal, Interracial, BBC, MILF, Gonzo, Hardcore, 480p]",https://d.ptorrents.com/bt/[ptorrents.com].3170807.torrent,magnet:?xt=urn:btih:aed14557230ee90ad1727f40e662b5a0ca116fc8
